triple_index,kind,subject,relation,object,evidence,verdict,revise_subtype,suggested_subject,suggested_relation,suggested_object,justification,confidence,stage_b_justification,stage_b_confidence,flags
0,relation,Decompressive Craniectomy,has outcome,Outcome,The outcome was captured at six months using the extended Glasgow Outcome Scale (GOSE).,revise,4.2,Decompressive Craniectomy,has outcome,Patient recovery outcome measure,The relation 'has outcome' needs clarification to specify the type of outcome more accurately.,0.8,The outcome should specify a more precise measure of patient recovery.,0.9,
1,relation,Traumatic Brain Injury,targets condition,Intracranial Pressure (ICP),one of the cornerstones of brain-protective strategies is to reduce and control intracranial pressure (ICP),accept_direct,,,,,The triple correctly represents the relationship between Traumatic Brain Injury and Intracranial Pressure as a clinically relevant condition.,0.9,,,
2,relation,Intracranial Hypertension,is associated with,Mortality,Uncontrollable intracranial hypertension is a major cause of death in patients with severe traumatic brain injury.,accept_direct,,,,,The triple correctly associates intracranial hypertension with mortality in the context of traumatic brain injury.,0.9,,,
3,relation,Intracranial Hypertension,targets condition,Decompressive Craniectomy,patients with intracranial hypertension treated conservatively were excluded.,reject,,,,,"The relation 'targets condition' is semantically incorrect as decompressive craniectomy is a treatment, not a target condition.",0.9,,,
4,relation,GCS Assessment,assesses,Motor Impairment,The Glasgow Motors Score was used for assessing motor impairment.,accept_direct,,,,,The triple correctly represents the relationship between GCS Assessment and Motor Impairment in the context of brain injury assessment.,0.9,,,
5,relation,Pupil Assessment,monitoring indicates condition,Motor Impairment,Pupil abnormalities were seen in 34.4% of our patients.,reject,,,,,The relation 'monitoring indicates condition' is semantically incorrect as pupil assessment does not indicate motor impairment directly.,0.9,,,
6,relation,Secondary Insult,is associated with,Hypotension,"Hypoxia and arterial hypotension were found in 10.0% and 6.1%, respectively.",accept_direct,,,,,The relationship between Secondary Insult and Hypotension is clinically valid and directly supported by the evidence provided.,0.9,,,
7,relation,Traumatic Brain Injury,has outcome,Outcome,A more extensive description is provided in the Supplementary Appendix.,revise,4.2,Traumatic Brain Injury,has outcome,Patient outcome measure related to Traumatic Brain Injury,The relation 'has outcome' needs clarification to specify the type of outcome related to Traumatic Brain Injury.,0.8,The outcome should specify it is related to Traumatic Brain Injury.,0.9,
8,relation,Traumatic Brain Injury,is treated with,Decompressive Craniectomy,Decompressive craniectomy (DC) as a last-tier intervention,accept_direct,,,,,The relation 'is treated with' correctly connects Traumatic Brain Injury and Decompressive Craniectomy as a treatment method.,0.9,,,
9,relation,Decompressive Craniectomy,is monitored by,Intracranial Pressure (ICP),Mean intracranial pressure (ICP) pre-Decompressive craniectomy (DC),accept_direct,,,,,The relation 'is monitored by' correctly describes the direct relationship between Decompressive Craniectomy and Intracranial Pressure.,0.9,,,
10,relation,Intracranial Pressure (ICP),is influenced by,Cerebral Perfusion Pressure (CPP),Mean intracranial pressure (ICP)/Cerebral Perfusion Pressure (CPP),accept_direct,,,,,The triple accurately represents the relationship between ICP and CPP as they are both critical parameters in neurointensive care.,0.9,,,
11,relation,Decompressive Craniectomy,is administered during,Barbiturates,Decompressive craniectomy (DC) + thiopental can be referring to barbiturate administration,reject,,,,,"The relation 'is administered during' is clinically implausible as decompressive craniectomy is a surgical procedure, not a context for drug administration.",0.9,,,
12,relation,Decompressive Craniectomy,targets condition,Traumatic Intracranial Hypertension,Decompressive craniectomy (DC) in a patient-tailored combination with other second and third-tier therapies should maintain its place in the management of severe traumatic intracranial hypertension.,accept_direct,,,,,The triple accurately reflects the relationship between the surgical procedure and the condition it targets.,0.9,,,
13,relation,Decompressive Craniectomy,has clinical assessment,GOSe Outcome,outcome was only evaluated in terms of robust extended Glasgow Outcome Scores,revise,4.4,Decompressive Craniectomy,has outcome assessment,GOSe Outcome,The relation 'has clinical assessment' needs to be more accurately defined to reflect the assessment context.,0.7,The relation label needs to reflect the assessment context more accurately.,0.9,low_evidence
14,relation,Decompressive Craniectomy,reduces,Mean Intracranial Pressure,it effectively reduces Mean intracranial pressure (ICP),accept_direct,,,,,The triple correctly represents the relationship between Decompressive Craniectomy and Mean Intracranial Pressure based on the provided evidence.,1.0,,,
15,relation,Intracranial Pressure (ICP),has monitoring data,Traumatic Brain Injury,The BESTIntracranial pressure (ICP) monitoring is still considered to provide important information to detect and prevent secondary injury after severe Traumatic brain injury (TBI).,accept_direct,,,,,The triple correctly represents the relationship between intracranial pressure and traumatic brain injury as they are directly related in clinical assessments.,0.9,,,
16,relation,Intracranial Hypertension,receives therapy,GOSe Outcome,"Intracranial pressures above 20 mmHg lasting longer than 37 min in adults, and longer than 8 min in children, are associated with worse outcomes.",reject,,,,,The relation 'receives therapy' does not appropriately connect the two concepts in a clinically meaningful way.,0.9,,,
17,relation,Cerebral Perfusion Pressure (CPP),has clinical assessment,Intracranial Hypertension,"When the cerebral perfusion pressure is below 50 mmHg, all intracranial pressure insults, regardless of duration, are associated with worse outcome.",revise,4.4,Cerebral Perfusion Pressure (CPP),is assessed for,Intracranial Hypertension,The relation 'has clinical assessment' is not the best fit; a more appropriate relation should be used.,0.8,The relation 'has clinical assessment' is incorrect; it should indicate assessment related to CPP.,0.9,
18,relation,Intracranial Pressure (ICP),has monitoring data,Monitoring Data,The BESTIntracranial pressure (ICP) and mean arterial blood pressure (MAP) monitoring data,accept_direct,,,,,The relationship between Intracranial Pressure and Monitoring Data is semantically correct and directly applicable in the neurointensive care context.,0.9,,,
19,relation,Monitoring Data,monitoring indicates condition,Condition,the percentage of monitoring time in the red zone during the first day only was a significant independent predictor of mortality,reject,,,,,The relation 'monitoring indicates condition' is semantically incorrect as monitoring data does not directly indicate a specific medical condition.,0.9,,,
20,relation,Intracranial Pressure (ICP),associated with condition,Condition,"when Cerebral Perfusion Pressure (CPP) was below 50 mmHg, almost all The BESTIntracranial pressure (ICP) insults were associated with worse outcome",revise,4.4,Intracranial Pressure (ICP),influences,Condition,The relation 'associated with condition' should be more accurately defined as 'influences' due to the context of ICP affecting stroke outcomes.,0.7,The relation should reflect the influence of ICP on the condition rather than mere association.,0.9,low_evidence
21,relation,Traumatic Brain Injury,has monitoring data,Monitoring Data,"The present study autoregulation is intact, the transition curve shifts to the right.",accept_direct,,,,,The relationship between Traumatic Brain Injury and Monitoring Data is semantically correct and directly applicable.,0.9,,,
22,relation,Traumatic Brain Injury,is associated with,Secondary Brain Injury,"Cerebrovascular pressure autoregulation is often impaired in severe Traumatic brain injury (TBI), and such impairment is such as the relationship between physiological thresholds and outcome.",accept_direct,,,,,The relationship between Traumatic Brain Injury and Secondary Brain Injury is clinically valid and directly supported by the definitions provided.,0.9,,,
23,relation,Cerebral Perfusion Pressure (CPP),receives therapy,Traumatic Brain Injury,"One would expect such change in recommendation to be followed, and hence to lead to alterations in Cerebral Perfusion Pressure (CPP) policy across centres.",reject,,,,,"Cerebral Perfusion Pressure does not receive therapy; it is a measurement, not a treatment target.",0.9,,,
24,relation,Cerebral Perfusion Pressure (CPP),has monitoring data,Monitoring Data,Cerebral perfusion pressure (CPP 1/4 Blood Pressure (BP)-ICP) monitoring is a good example.,accept_direct,,,,,The relation 'has monitoring data' is semantically correct between CPP and Monitoring Data.,0.9,,,
25,relation,Vasopressors,receives therapy,Cerebral Perfusion Pressure (CPP),the non-beneficial effect of keeping Cerebral Perfusion Pressure (CPP) above 70 mmHg by administering high doses of vasopressors.,revise,4.4,Vasopressors,affects,Cerebral Perfusion Pressure (CPP),The relation 'receives therapy' is not appropriate; it should be 'affects' or 'influences'.,0.8,The relation 'receives therapy' is incorrect; 'affects' is more appropriate.,0.9,
26,relation,Cerebral Perfusion Pressure (CPP),correlates with,Mean Arterial Pressure (MAP),Cerebral Perfusion Pressure (CPP) strongly correlated with Mean Arterial Pressure (MAP).,accept_direct,,,,,The triple correctly represents a direct correlation between CPP and MAP as stated in the evidence.,1.0,,,
27,relation,Cerebral Perfusion Pressure (CPP),receives therapy,Intracranial Pressure (ICP),it is influenced by Intracranial Pressure (ICP) variability,reject,,,,,The relation 'receives therapy' is clinically implausible between CPP and ICP.,0.9,,,
28,relation,Cerebral Perfusion Pressure (CPP),receives therapy,Mean Arterial Pressure (MAP),Mean Arterial Pressure (MAP) variability including,reject,,,,,Cerebral Perfusion Pressure does not receive therapy from Mean Arterial Pressure; they are related but not in this manner.,0.9,,,
29,relation,Cerebral Perfusion Pressure (CPP),associates with,Acute Respiratory Distress Syndrome,acute respiratory distress syndrome (ARDS) reportedly associated with vasopressors,reject,,,,,Cerebral Perfusion Pressure and Acute Respiratory Distress Syndrome are not directly associated in a clinically relevant manner.,0.9,,,
30,relation,Cerebral Perfusion Pressure (CPP),follows,Guideline,the Brain Trauma Foundation (BTF) guidelines issued this year,reject,,,,,Cerebral Perfusion Pressure does not follow guidelines; it is a clinical measure rather than a procedural recommendation.,0.9,,,
31,relation,Guideline Adherence,receives therapy,Traumatic Brain Injury,Guideline adherence and outcomes in severe adult traumatic brain injury,reject,,,,,The relation 'receives therapy' does not semantically fit between guideline adherence and traumatic brain injury.,0.9,,,
32,relation,Traumatic Brain Injury,is a risk factor for,Secondary Insult,Traumatically brain injured (TBI) patients are at risk from secondary insults.,accept_direct,,,,,The triple correctly identifies Traumatic Brain Injury as a risk factor for Secondary Insult based on clinical evidence.,0.9,,,
33,relation,Hypotension,is related to,Poor Outcome,"Arterial hypotension, critically low blood pressure, is one of the most dangerous secondary insults and is related to poor outcome in patients.",accept_direct,,,,,The triple correctly represents a direct relationship between hypotension and poor outcomes in critically ill patients.,0.9,,,
34,relation,Hypotension,affects outcome,Traumatic Brain Injury,there is compelling evidence that even 'minute by minute' hypotension events cumulatively can influence patient outcome.,accept_direct,,,,,The triple correctly describes a direct relationship where hypotension affects outcomes in traumatic brain injury cases.,0.9,,,
35,relation,Hypotension,prognostic factor for,Head Injury,the cumulative duration of arterial hypotensive events is a prognostic factor for their clinical outcome following a head injury.,accept_direct,,,,,The triple accurately reflects the relationship between hypotension and head injury as a prognostic factor.,0.9,,,
36,relation,Hypotension,associated with condition,Condition,"for with the medical management of sepsis, it has been shown that duration of hypotension before initiation",reject,,,,,"The triple incorrectly associates hypotension with a type of stroke, which is clinically implausible.",0.9,,,
37,relation,Traumatic Brain Injury,has monitoring data,Hypotension,both systolic and mean arterial pressure should be monitored and considered in the definition of hypotension,accept_direct,,,,,The relation 'has monitoring data' is appropriate as monitoring blood pressure is crucial in managing hypotension in traumatic brain injury cases.,0.9,,,
38,relation,Hypotension,is a condition of,Sepsis,"for with the medical management of sepsis, it has been shown that duration of hypotension before initiation",revise,4.4,Hypotension,is a complication of,Sepsis,The relation label 'is a condition of' should be corrected to reflect the relationship accurately.,0.8,The relationship should indicate that hypotension can be a complication arising from sepsis.,0.9,
39,relation,Sepsis,receives therapy,Hypotension,it has been shown that with each hour delay in treatment of hypotension leads to an increase in in-hospital mortality.,reject,,,,,The relation 'receives therapy' is not appropriate between Sepsis and Hypotension as they are not in a direct therapeutic relationship.,0.9,,,
40,relation,Monitoring Data,has monitoring data,Monitoring Data,sophisticated patient monitoring systems can capture large volumes of streaming physiological data which continuously report on a patient's status.,reject,,,,,The relation 'has monitoring data' is incorrectly defined as it implies a circular reference.,0.9,,,
41,relation,Intracranial Pressure (ICP),affects outcome,Hypotension,Impact of Intracranial Pressure (ICP) instability and hypotension on outcome in patients with severe head trauma.,accept_direct,,,,,The relation accurately reflects the impact of ICP on hypotension outcomes in neurocritical care.,0.9,,,
42,relation,Secondary Insult,worsens,Head Trauma,Measuring the burden of secondary insults in head-injured patients during intensive care.,accept_direct,,,,,The relation 'worsens' correctly describes the impact of secondary insults on head trauma in the context of neuro-ICU.,0.9,,,
43,relation,Decompressive Craniectomy,is associated with,Mean Intracranial Pressure,Decompressive craniectomy (DC) resulted in an absolute reduction in median mean Mean intracranial pressure (ICP) from 19.5 group to 13.9 mmHg.,accept_direct,,,,,The triple correctly associates a surgical procedure with a relevant clinical measure in neurointensive care.,0.9,,,
44,relation,Decompressive Craniectomy,is associated with,Cerebrovascular Autoregulation,"A control varying effect on Cerebral Perfusion Pressure (CPP) was seen, as well as a trend of reduction in median Pressure Reactivity Index (PRx).",accept_direct,,,,,The relationship between Decompressive Craniectomy and Cerebrovascular Autoregulation is clinically relevant and semantically correct.,0.9,,,
45,relation,Decompressive Craniectomy,has monitoring data,Monitoring Data,"patient, injury and management variables including physiological monitoring data and administration of thiopental were analysed",accept_direct,,,,,The relation 'has monitoring data' is semantically correct between Decompressive Craniectomy and Monitoring Data.,0.9,,,
46,relation,Decompressive Craniectomy,is associated with,Intracranial Pressure (ICP),uncontrollable intracranial hypertension is a major cause of death in patients with severe traumatic brain injury.,accept_direct,,,,,Decompressive Craniectomy is directly associated with managing Intracranial Pressure in clinical practice.,0.9,,,
47,relation,Decompressive Craniectomy,is treated with,Barbiturates,"Decompressive craniectomy (DC) was chosen as a next step, with or without first having applied third-tier medical therapy with barbiturates.",revise,4.4,Decompressive Craniectomy,is managed with,Barbiturates,The relation 'is treated with' should be modified to reflect the appropriate context of treatment application.,0.8,The relation should reflect the management context of the procedure.,0.9,
48,relation,Decompressive Craniectomy,affects outcome,Mortality,the results of RESCUEicp showed that Decompressive craniectomy (DC) resulted in lower mortality rates.,accept_direct,,,,,The triple accurately reflects the relationship between decompressive craniectomy and mortality based on the provided evidence.,0.9,,,
49,relation,Monitoring,has outcome,Outcome,the outcome was captured at six months using the extended Glasgow Outcome Scale (GOSE).,revise,4.2,Monitoring,has clinical outcome,Outcome,The relation 'has outcome' may need to be more specific to accurately reflect the nature of monitoring and outcomes in neuro-ICU.,0.8,The relation needs to be more specific to reflect clinical outcomes from monitoring.,0.9,
50,relation,Patient,has demographic data,Demographic Data,the collection of demographic data from traumatic brain injury (TBI) patients.,accept_direct,,,,,The triple correctly represents the relationship between Patient and Demographic Data in the context of neurointensive care.,0.9,,,
51,relation,Patient,has surgical procedure,Surgical Procedure,the physiological vital functions are extensively monitored.,revise,4.4,Patient,undergoes,Surgical Procedure,The relation 'has surgical procedure' should be more accurately defined as 'undergoes' to reflect the patient's experience.,0.8,The relation should reflect the patient's experience more accurately.,0.9,
52,relation,Patient,has monitoring data,Monitoring Data,"The Brain Monitoring with Information Technology (BrainIT) network provides a more standardised and higher resolution data collection mechanism for research groups, organisations and the device industry to conduct multi-centre trials of new health care technology in patients with traumatic brain injury.",accept_direct,,,,,The triple correctly represents a direct relationship between Patient and Monitoring Data in the context of neurointensive care.,0.9,,,
53,relation,Patient,receives therapy,Therapy,the physiological vital functions are extensively monitored.,reject,,,,,The relation 'receives therapy' is too vague and not clinically specific for the context of neurointensive care.,0.6,,,low_evidence
54,relation,Therapy,targets condition,Condition,Therapeutic hypothermia reduces intracranial pressure and partial brain oxygen tension in patients with severe traumatic brain injury.,reject,,,,,"The relation 'targets condition' is not appropriately defined for the classes involved, as therapy does not inherently target a specific condition like stroke.",0.9,,,
55,relation,Patient,has clinical assessment,Clinical Assessment,the physiological vital functions are extensively monitored.,accept_direct,,,,,The relationship between Patient and Clinical Assessment is semantically correct and directly applicable in the neurointensive care context.,0.9,,,
56,relation,Patient,has outcome,Outcome,the physiological vital functions are extensively monitored.,reject,,,,,The relation 'has outcome' is not directly applicable between Patient and Outcome in this context.,0.9,,,
57,relation,Patient,has laboratory value,Laboratory Values,the physiological vital functions are extensively monitored.,revise,4.4,Patient,monitors,Laboratory Values,"The relation 'has laboratory value' should be adjusted to reflect a more accurate clinical context, possibly 'monitors' or 'assesses'.",0.8,The relation should reflect the monitoring of laboratory values by the patient.,0.9,
58,relation,Patient,has nursing intervention,Nursing Intervention,"Routine nursing care, physiotherapy, or bedside clinical activities",accept_direct,,,,,The triple correctly represents a direct relationship between patient and nursing intervention in neurointensive care.,0.9,,,
59,relation,Patient,has session,Session,a live clinical environment to test the data collection systems.,accept_direct,,,,,The relationship between Patient and Session is semantically correct in the context of neurointensive care.,0.9,,,
60,relation,Session,has timepoint,Timepoint,minute-by-minute physiological data from bedside monitors.,accept_direct,,,,,The relationship between Session and Timepoint is semantically correct and directly applicable in the context of continuous monitoring in the ICU.,0.9,,,
61,relation,Timepoint,has monitoring data,Observation,minute-by-minute physiological data from bedside monitors.,accept_direct,,,,,The relation 'has monitoring data' correctly describes the association between Timepoint and Observation.,0.9,,,
62,relation,Observation,measures parameter,Parameter,the physiological vital functions are extensively monitored.,accept_direct,,,,,The relation accurately describes the measurement of a parameter by an observation in the clinical context.,0.9,,,
63,relation,Observation,produced by sensor,Sensor,the physiological vital functions are extensively monitored.,revise,4.4,Observation,recorded by,Sensor,The relation 'produced by' should be 'recorded by' to accurately describe the interaction between Observation and Sensor.,0.9,The relation 'produced by' is incorrect and should be 'recorded by' to reflect the correct interaction.,0.95,
64,relation,Observation,has quality assessment,Data Quality Assessment,the physiological vital functions are extensively monitored.,reject,,,,,The relation 'has quality assessment' does not semantically connect Observation and Data Quality Assessment appropriately.,0.9,,,
65,relation,Data Quality Assessment,associated with condition,Condition,the physiological vital functions are extensively monitored.,reject,,,,,The relation 'associated with condition' is semantically incorrect for the given classes.,0.9,,,
66,relation,Data Quality Assessment,receives therapy,Therapy,the physiological vital functions are extensively monitored.,reject,,,,,The relation 'receives therapy' is not applicable to 'Data Quality Assessment' as it does not pertain to therapy directly.,0.9,,,
67,relation,Arterial Hypotension,receives therapy,Barbiturates,administration of hyperosmolar molecules were used at the discretion of the managing teams.,reject,,,,,The relation 'receives therapy' is not clinically accurate for the condition and drug specified.,0.9,,,
68,relation,Brain Injury,is associated with,Traumatic Brain Injury,Decompressive craniectomy as a second/third-tier intervention in traumatic brain injury,accept_direct,,,,,The relationship between Brain Injury and Traumatic Brain Injury is correct and directly applicable in the neurointensive care context.,0.9,,,
69,relation,CVP,has monitoring data,Monitoring Data,physiological monitoring data,accept_direct,,,,,The triple correctly represents the relationship between CVP and Monitoring Data as a direct association in the clinical context.,0.9,,,
70,relation,Clinical Outcome,has outcome,Outcome,demonstrated a decrease in mortality with similar rates of favorable outcome,revise,4.4,Clinical Outcome,is measured by,Outcome — Patient outcome measure.,The relation 'has outcome' should be adjusted to better reflect the nature of clinical outcomes in this context.,0.7,The relation 'has outcome' is incorrect; it should be 'is measured by' to accurately describe the relationship.,0.9,low_evidence
71,relation,Cranial Injuries,is a type of,Injuries,the occurrence of arterial hypotension (systolic pressure less than 90 mmHg) and hypoxia (SaO2 below 90%) at baseline,accept_direct,,,,,"Cranial Injuries are indeed a type of Injuries, fitting the hierarchical classification.",0.9,,,
72,relation,Disability,is a type of,Clinical Outcome,the outcome was unfavorable in 51.4% and favorable in 48.6%,reject,,,,,Disability is not a type of Clinical Outcome; they represent different concepts in patient assessment.,0.9,,,
73,relation,Extracranial Injury,is a type of,Injuries,45.9% presented with an additional extracranial injury,accept_direct,,,,,"Extracranial Injury is a specific type of Injuries, making the relation semantically correct.",0.9,,,
74,relation,Intensive Care Management,is a type of,Condition,"In many neurointensive care centers, Decompressive craniectomy (DC) is being used in combination with other second/third-tier therapies.",reject,,,,,"The relation 'is a type of' is incorrectly applied between ICU management and a specific condition, which is semantically incorrect.",0.9,,,
75,relation,NIBP,is a type of,Monitoring Data,Mean arterial blood pressure (MAP) and Mean intracranial pressure (ICP),accept_direct,,,,,"NIBP is a specific type of Monitoring Data, aligning with the definitions provided.",0.9,,,
76,relation,Pressure Reactivity Index (PRx),is a type of,Core Monitoring Parameter,Pressure Reactivity Index (PRx) is the moving correlation between mean arterial blood pressure (MAP) and Mean intracranial pressure (ICP).,accept_direct,,,,,PRx is indeed a type of Core Monitoring Parameter as it assesses brain blood flow regulation.,0.9,,,
77,relation,Hypotension,is treated with,Noradrenaline,the time and dose of a bolus of Noradrenaline,accept_direct,,,,,The triple correctly describes the treatment relationship between hypotension and noradrenaline.,0.9,,,
78,relation,Cerebral Perfusion Pressure (CPP),targets condition,Respiratory Distress Syndrome,Cerebral Perfusion Pressure (CPP) value to target lies within the range of 50-70 mm Hg.,reject,,,,,"Cerebral Perfusion Pressure does not target Respiratory Distress Syndrome, making the relation semantically incorrect.",0.9,,,
79,relation,Traumatic Brain Injury,applies treatment,Osmotics,#2 - Hyperosmolar therapy,accept_direct,,,,,The triple correctly represents the relationship between Traumatic Brain Injury and Osmotics as a treatment strategy.,0.9,,,
80,relation,Cerebrovascular Autoregulation,receives therapy,Cerebral Perfusion Pressure (CPP),the presence (or not) of cerebral autoregulation,reject,,,,,The relation 'receives therapy' is not applicable between the two concepts as described.,0.9,,,
81,relation,Intracranial Pressure (ICP),receives therapy,Partial Pressure of Brain Tissue Oxygen,There is a statistically significant (p < 0.001) non-linear effect of Intracranial Pressure (ICP) on Regression model of partial pressure of brain tissue oxygen (PbtO2).,reject,,,,,The relation 'receives therapy' is not appropriate between ICP and PbtO2 as it implies a direct therapeutic action which is clinically implausible.,0.9,,,
82,relation,Traumatic Brain Injury,has clinical assessment,GOSe Outcome,Monitoring of Intracranial Pressure (ICP) has also been shown to have better functional outcomes.,revise,4.4,Traumatic Brain Injury,is assessed by,GOSe Outcome,The relation 'has clinical assessment' should be more accurately defined as 'is assessed by' for clarity.,0.8,The relation 'has clinical assessment' is incorrectly labeled and should specify the assessment direction.,0.9,
83,relation,Partial Pressure of Brain Tissue Oxygen,is measured at,Measurement Time,Partial pressure of brain tissue oxygen over intracranial pressure stratified by days in Intensive Care Unit (ICU),accept_direct,,,,,The relationship between Partial Pressure of Brain Tissue Oxygen and Measurement Time is semantically correct and directly applicable.,0.9,,,
84,relation,Intracranial Pressure (ICP),receives therapy,PbrO2,an overall increase in Regression model of partial pressure of brain tissue oxygen (PbtO2) of 5.2% for a 10 mmHg increase in Intracranial Pressure (ICP),reject,,,,,"The relation 'receives therapy' is not appropriate between ICP and PbrO2 as they are measurements, not entities that receive therapy.",0.9,,,
85,relation,Partial Pressure of Carbon Dioxide,receives therapy,PbrO2,a decrease of 0.16% from a unit increase in Mean Arterial Pressure (MAP) and a Regression model of partial pressure of brain tissue oxygen (PbtO2) decrease of 0.16% from a unit increase in PaCO2,reject,,,,,The relation 'receives therapy' is not applicable between the two measures of gas pressures.,0.9,,,
86,relation,Intracranial Pressure (ICP),has outcome,Outcome,median extended Glasgow outcome scale of 7.00,revise,4.2,Intracranial Pressure (ICP),has clinical outcome,Patient outcome measure,The relation 'has outcome' needs to be more specific to accurately reflect the clinical context of ICP and patient outcomes.,0.7,The relation needs to specify the clinical context of outcomes related to ICP.,0.9,low_evidence
87,relation,Intracranial Hypertension,receives therapy,Cerebral Perfusion Pressure (CPP),the impact of autoregulation on Regression model of partial pressure of brain tissue oxygen (PbtO2) cannot be directly assessed.,reject,,,,,The relation 'receives therapy' is clinically implausible between the two concepts as described.,0.9,,,
88,relation,Hypotension,is associated with,Traumatic Brain Injury,guarding against hypotensive conditions in Traumatic Brain Injury (TBI) patients.,accept_direct,,,,,The triple accurately reflects the association between hypotension and traumatic brain injury as supported by the evidence.,0.9,,,
89,relation,Intracranial Hypertension,receives therapy,Traumatic Brain Injury,episodes of increased intracranial pressure (ICP) and worse clinical outcomes,reject,,,,,The relation 'receives therapy' is not applicable between the conditions described.,0.9,,,
90,relation,Cerebral Perfusion Pressure (CPP),assesses,Intracranial Hypertension,the ability to tolerate elevated intracranial pressures is reduced.,reject,,,,,The relation 'assesses' is not appropriate between CPP and Intracranial Hypertension as it suggests a direct evaluative relationship that is not supported by the evidence.,0.9,,,
91,relation,Cerebral Perfusion Pressure (CPP),is associated with,Intracranial Pressure (ICP),Role of Cerebral Perfusion Pressure (CPP),accept_direct,,,,,The relationship between CPP and ICP is clinically relevant and accurately described.,0.9,,,
92,relation,Intracranial Pressure (ICP),associated with condition,Mortality,"when Cerebral Perfusion Pressure (CPP) was below 50 mmHg, almost all The BESTIntracranial pressure (ICP) insults were associated with worse outcome",accept_direct,,,,,The relationship between Intracranial Pressure and Mortality is clinically supported and directly relevant.,0.9,,,
93,relation,Intracranial Pressure (ICP),predicts outcome,Outcome Score,"Above 20 mmHg, the vast majority of insults are clearly deleterious with the exception of those lasting less than 37 min in adults.",accept_direct,,,,,The relationship between Intracranial Pressure and Outcome Score is clinically valid and directly supported by the evidence.,0.9,,,
94,relation,Mean Arterial Pressure (MAP),triggers intervention,Hypotension,our analysis shows that most events are triggered by a drop in mean arterial pressure.,accept_direct,,,,,The triple correctly represents the relationship between MAP and hypotension based on the provided evidence.,0.9,,,
95,relation,Brain Injury,has monitoring data,Arterial Hypotension,The brain monitoring with information technology (BrainIT) database contains 199 patients,revise,4.4,Brain Injury,can lead to,Arterial Hypotension,The relation 'has monitoring data' needs clarification or a more specific label to accurately reflect the connection between brain injury and arterial hypotension.,0.8,The relation 'has monitoring data' does not accurately describe the connection.,0.9,
96,relation,Hypotension,relates to clinical outcome,Brain Injury,arterial hypotension consistently relate to clinical outcome,accept_direct,,,,,The triple accurately reflects the relationship between hypotension and clinical outcomes in the context of brain injury.,0.9,,,
97,relation,Dsg,has monitoring data,Hypotensive,to scan the BrainIT database for hypotensive events;,revise,4.4,Dsg,monitors,Hypotensive,The relation 'has monitoring data' needs clarification to accurately reflect the connection between Dsg and Hypotensive events.,0.8,The relation 'has monitoring data' should be replaced with 'monitors' for clarity.,0.9,
98,relation,Secondary Insult Grades,defines,Hypotensive,the Edinburgh University Secondary Insult Grades (EUSIG) definition.,reject,,,,,The relation 'defines' is incorrectly applied as Secondary Insult Grades do not define hypotensive events directly.,0.9,,,
99,relation,Cerebral Perfusion Pressure (CPP),calculates,Mean Arterial Pressure (MAP),"which uses cerebral perfusion pressure (CPP), which of course uses Java-Based Software BPm in its calculation.",revise,4.5,Cerebral Perfusion Pressure (CPP),is influenced by,Mean Arterial Pressure (MAP),The relation 'calculates' should be corrected to reflect the dependency rather than a direct calculation.,0.7,The relation should indicate influence rather than a direct calculation.,0.9,low_evidence
100,relation,Intracranial Pressure (ICP),receives therapy,Outcome,Impact of Intracranial Pressure (ICP) instability and hypotension on outcome in patients with severe head trauma.,reject,,,,,The relation 'receives therapy' does not accurately describe the relationship between ICP and patient outcomes.,0.9,,,
101,relation,Cerebral Perfusion Pressure (CPP),is measured by,Mean Arterial Pressure (MAP),its role in calculating Cerebral Perfusion Pressure (CPP),revise,4.4,Cerebral Perfusion Pressure (CPP),is calculated from,Mean Arterial Pressure (MAP),"The relation 'is measured by' should be corrected to reflect that CPP is calculated from MAP, not measured by it.",0.9,"CPP is derived from MAP, not measured by it.",0.95,
102,relation,Treatment Data,informs,Clinical Practice,Accurate and comprehensive treatment data,accept_direct,,,,,The relationship between treatment data and clinical practice is directly relevant and semantically correct.,0.9,,,
103,relation,Clinical Reminders,enhances,Guideline Adherence,clinical reminders (automated interventions),accept_direct,,,,,The relationship between clinical reminders and guideline adherence is semantically correct and directly applicable.,0.9,,,
104,relation,Guideline Adherence,has outcome,Outcome,Several studies have been conducted that show dropping mortality rates and improved long-term outcomes since the adoption and spread of use of these guidelines.,accept_direct,,,,,The relationship between guideline adherence and patient outcomes is semantically correct and directly applicable.,0.9,,,
105,relation,Guideline Adherence,is measured by,Clinical Practice,"This work attempts to leverage those advantages by providing a 'near real-time' ability to monitor clinical guideline adherence, as well as providing measurable quantitative feedback.",accept_direct,,,,,The triple correctly represents the relationship between guideline adherence and clinical practice.,0.9,,,
106,relation,Heart Failure,is treated with,Guideline Adherence,"There are many reasons for non-adherence, but these can be broken down into two broad categories: being unwilling to adhere to a guideline and being unable to adhere.",reject,,,,,Heart Failure and Guideline Adherence are not directly related in a treatment context.,0.9,,,
107,relation,EUSIG Grade,is a type of,Secondary Insult Grades,the classification of pressure events using Edinburgh University Secondary Insult Grades (EUSIG) parameters has a well-established precedent,reject,,,,,The classification systems are distinct and do not have a direct hierarchical relationship.,0.9,,,
108,relation,Heart Rate,has monitoring data,Monitoring Data,Heart Rate (specifying source: Electrocardiogram (ECG) or Pulse Oximetry),accept_direct,,,,,The relationship between Heart Rate and Monitoring Data is semantically correct and directly applicable in the context of physiological monitoring.,0.9,,,
109,relation,Respiration Rate,has monitoring data,Impedance Plethmography,Respiration Rate (sources: impedance plethmography or ventilator),accept_direct,,,,,The triple correctly represents a direct relationship between Respiration Rate and Impedance Plethmography as monitoring data.,0.9,,,
110,relation,Respiration Rate,has monitoring data,Ventilator,Respiration Rate (sources: impedance plethmography or ventilator),revise,4.4,Respiration Rate,is monitored by,Ventilator,The relation 'has monitoring data' needs to be more accurately defined or specified to reflect the correct relationship.,0.8,The relation should specify that the ventilator monitors the respiration rate.,0.9,
111,relation,Mean Arterial Pressure (MAP),has monitoring data,Monitoring Data,Mean Arterial Pressure,accept_direct,,,,,The relationship between Mean Arterial Pressure and Monitoring Data is semantically correct and directly applicable in the neuro-ICU context.,0.9,,,
112,relation,SaO2,has monitoring data,Monitoring Data,Pulse Oximetry (SaO2),accept_direct,,,,,The relationship between SaO2 and Monitoring Data is semantically correct as SaO2 provides monitoring data on oxygen saturation.,0.9,,,
113,relation,Temperature,has monitoring data,Monitoring Data,Temperature (sources: rectal=oesophageal= bladder=skin),accept_direct,,,,,The triple correctly represents the relationship between Temperature and Monitoring Data in a clinical context.,0.9,,,
114,relation,EtCO2,has monitoring data,Monitoring Data,End-Tidal CO2 (EtCO2),accept_direct,,,,,The relationship between EtCO2 and Monitoring Data is semantically correct as EtCO2 is a type of monitoring data.,0.9,,,
115,relation,Jugular Venous Oxygen Saturation,has monitoring data,Monitoring Data,Jugular Venous Oxygen Saturation (SjO2),accept_direct,,,,,The triple correctly represents the relationship between Jugular Venous Oxygen Saturation and Monitoring Data.,0.9,,,
116,relation,Transcranial Doppler,has monitoring data,Monitoring Data,Transcranial Doppler (TCD),accept_direct,,,,,The triple correctly represents a direct relationship between Transcranial Doppler and Monitoring Data.,0.9,,,
117,relation,PbrO2,has monitoring data,Monitoring Data,Brain Tissue Oxygen (PbrO2),accept_direct,,,,,The relation accurately describes the monitoring data associated with PbrO2 in the neurointensive care context.,0.9,,,
118,relation,GCS Assessment,has monitoring data,Monitoring Data,Glasgow Coma Scale (GCS) scores,accept_direct,,,,,The relation accurately describes the connection between GCS Assessment and Monitoring Data.,0.9,,,
119,relation,Hypotension,targets condition,Vasopressors,arterial pressors may be given to treat systemic hypotension,accept_direct,,,,,The triple correctly describes the relationship between hypotension and vasopressors used in critical care.,0.9,,,
120,relation,Intracranial Pressure (ICP),targets condition,Vasopressors,to treat reduced cerebral perfusion pressure (CPP) secondary to raised Intracranial Pressure (ICP),accept_indirect,,,,,The relation between ICP and vasopressors is valid through the context of cerebral perfusion pressure management.,0.7,,,low_evidence
121,relation,Cerebral Perfusion Pressure (CPP),receives therapy,Respiratory Distress Syndrome,"aggressive management of Cerebral Perfusion Pressure (CPP) > 70 mmHg, although reducing the incidence of jugular venous desaturations < 50%, increased the incidence of acute respiratory distress syndrome and worsened neurological outcome.",reject,,,,,The relation 'receives therapy' is not clinically applicable between CPP and Respiratory Distress Syndrome.,0.9,,,
122,relation,Brain Injury,has monitoring data,Monitoring Data,"collection of admission, monitoring, treatment and outcome data from patients with brain injury.",accept_direct,,,,,The relationship between Brain Injury and Monitoring Data is semantically correct and directly applicable.,0.9,,,
123,relation,Brain Injury,has outcome,Outcome Data,"collection of admission, monitoring, treatment and outcome data from patients with brain injury.",accept_direct,,,,,The relation 'has outcome' correctly describes the relationship between brain injury and outcome data.,0.9,,,
124,relation,Brain Injury,is managed by,Management,"aid health authorities to monitor, maintain and raise intra and trans-national standards in the management of patients with brain injury.",accept_direct,,,,,The relationship between brain injury and its management is semantically correct and directly applicable.,0.9,,,
125,relation,Patient,has monitoring data,Observation,pd:Patient as a ssn:FeatureOfInterest,accept_direct,,,,,The relationship between Patient and Observation is semantically correct and directly applicable in the neurointensive care context.,0.9,,,
126,relation,Timepoint,is associated with,Reading,Each Timepoint is associated with a set of Readings,accept_direct,,,,,The triple accurately represents the association between Timepoint and Reading as stated in the evidence.,1.0,,,
127,relation,Sensor,produced by sensor,Reading,the machines/sensors that produced them,accept_direct,,,,,The relation 'produced by sensor' correctly describes the direct relationship between Sensor and Reading.,0.9,,,
128,relation,Sepsis,is associated with,Outcome Data,Improving the standards and resolution for multicentre data collection will also impact upon the assessment of new medical technology of relevance to the medical device industry.,reject,,,,,The relationship between Sepsis and Outcome Data is not directly supported by the evidence provided.,0.6,,,low_evidence
129,relation,Arterial Pressors,targets condition,Arterial Hypotension,targets condition(Hypotension → Vasopressors),accept_direct,,,,,The triple correctly identifies the relationship between arterial pressors and arterial hypotension.,0.9,,,
130,relation,Clinical Research Form,has clinical assessment,Clinical Assessment,has clinical assessment(Patient → Clinical Assessment),accept_direct,,,,,The triple correctly represents a direct relationship between Clinical Research Form and Clinical Assessment in the neuro-ICU context.,0.9,,,
131,relation,End-tidal Carbon Dioxide,has monitoring data,Monitoring Data,has monitoring data(EtCO2 → Monitoring Data),accept_direct,,,,,The relation 'has monitoring data' correctly describes the relationship between End-tidal Carbon Dioxide and Monitoring Data at the current specificity level.,0.9,,,
132,relation,Error,is associated with,Monitoring Data,monitoring indicates condition(Monitoring Data → Condition),revise,4.4,Error,is linked to,Monitoring Data,The relation 'is associated with' may need to be more specific to accurately reflect the connection between Error and Monitoring Data.,0.8,The relation 'is associated with' is too vague; 'is linked to' specifies the connection better.,0.9,
133,relation,Injuries,has outcome,Outcome Data,has outcome(Brain Injury → Outcome Data),accept_direct,,,,,The relationship 'has outcome' correctly connects injuries to outcome data in a direct manner.,0.9,,,
134,relation,Intensive Care Management,is managed by,Management,is managed by(Brain Injury → Management),accept_direct,,,,,The relation 'is managed by' correctly describes the direct relationship between ICU management and the process of administering medical care.,0.9,,,
135,relation,NIBP,has monitoring data,Monitoring Data,has monitoring data(Mean Arterial Pressure → Monitoring Data),accept_direct,,,,,The relation 'has monitoring data' correctly describes the connection between NIBP and Monitoring Data.,0.9,,,
136,relation,Provenance,has monitoring data,Monitoring Data,has monitoring data(Patient → Monitoring Data),accept_direct,,,,,The triple correctly represents a direct relationship between Provenance and Monitoring Data.,0.9,,,
137,relation,Substance Abuse,targets condition,Condition,targets condition(Hypotension → Vasopressors),reject,,,,,Substance abuse does not target a specific condition related to stroke caused by bleeding; the relation is clinically implausible.,0.9,,,
138,relation,Adverse Event,is associated with,Clinical Outcome,[inferred] cluster completion,accept_direct,,,,,The relationship between Adverse Event and Clinical Outcome is valid and directly applicable in the context of medical interventions.,0.9,,,
139,relation,Clinical Outcome,affects outcome,Adverse Event,[inferred] cluster completion,accept_direct,,,,,The relationship between Clinical Outcome and Adverse Event is semantically correct as adverse events can directly affect clinical outcomes.,0.9,,,
140,relation,Clinical Reminders,triggers intervention,Patient Interventions,[inferred] cluster completion,accept_direct,,,,,The relation accurately reflects the direct role of clinical reminders in prompting patient interventions.,0.9,,,
141,relation,Clinical Research Form,has monitoring data,Monitoring Data,[inferred] cluster completion,accept_direct,,,,,The triple correctly represents the relationship between Clinical Research Form and Monitoring Data as they are both relevant in clinical trials.,0.9,,,
142,relation,Data Quality Assessment,assesses,Physiological Data,[inferred] cluster completion,accept_direct,,,,,The relation 'assesses' correctly connects the classes at their current level of specificity.,0.9,,,
143,relation,Error,is related to,Monitoring Data,[inferred] cluster completion,accept_direct,,,,,The relationship between Error and Monitoring Data is semantically correct as errors can arise from monitoring data.,0.9,,,
144,relation,Injuries,is a risk factor for,Adverse Event,[inferred] cluster completion,reject,,,,,The relationship between injuries and adverse events is not clinically plausible as stated.,0.9,,,
145,relation,Monitoring Data,has quality assessment,Data Quality Assessment,[inferred] cluster completion,revise,4.4,Monitoring Data,has data quality assessment,Data Quality Assessment,The relation label 'has quality assessment' needs to be adjusted for clarity and specificity in the context of data quality evaluation.,0.8,The relation label needs to be more specific to accurately describe the assessment process.,0.9,
146,relation,Outcome Data,is related to,Clinical Outcome,[inferred] cluster completion,accept_direct,,,,,The relationship between Outcome Data and Clinical Outcome is semantically correct and directly applicable.,0.9,,,
147,relation,Patient Interventions,is administered during,Therapy,[inferred] cluster completion,reject,,,,,The relation 'is administered during' is not clinically accurate for the classes involved.,0.9,,,
148,relation,Physiological Data,is monitored by,Monitoring Data,[inferred] cluster completion,accept_direct,,,,,The relation 'is monitored by' correctly describes the direct relationship between Physiological Data and Monitoring Data.,0.9,,,
149,relation,Possible Error,is associated with,Monitoring Data,[inferred] cluster completion,accept_direct,,,,,The triple correctly associates a possible error with monitoring data in the context of neurointensive care.,0.9,,,
150,relation,Probable Error,is associated with,Monitoring Data,[inferred] cluster completion,reject,,,,,The relationship between 'Probable Error' and 'Monitoring Data' lacks clinical plausibility and does not accurately represent their association.,0.9,,,
151,relation,Substance Abuse,is a risk factor for,Injuries,[inferred] cluster completion,accept_direct,,,,,Substance abuse is a recognized risk factor for injuries in clinical literature.,0.9,,,
152,relation,Treatment Data,is related to,Patient Interventions,[inferred] cluster completion,accept_direct,,,,,The relation between Treatment Data and Patient Interventions is semantically correct and directly applicable in the neurointensive care context.,0.9,,,
153,relation,Acute Respiratory Distress Syndrome,is associated with,Sepsis,[inferred] cluster completion,accept_indirect,,,,,Sepsis can lead to Acute Respiratory Distress Syndrome through a multi-level path of systemic inflammation.,0.8,,,
154,relation,Acute Respiratory Distress Syndrome,affects outcome,Respiratory Distress Syndrome,[inferred] cluster completion,reject,,,,,The relation 'affects outcome' is not clinically accurate between the two conditions as described.,0.9,,,
155,relation,Adrenaline,is treated with,Hypotension,[inferred] cluster completion,reject,,,,,Adrenaline is not typically described as a treatment for hypotension in this context.,0.9,,,
156,relation,Adrenaline,is influenced by,Noradrenaline,[inferred] cluster completion,reject,,,,,The relation 'is influenced by' is not clinically accurate for the relationship between adrenaline and noradrenaline.,0.9,,,
157,relation,Arterial Hypotension,is a risk factor for,Septic Shock,[inferred] cluster completion,accept_direct,,,,,Arterial Hypotension is a recognized risk factor for Septic Shock in clinical contexts.,0.9,,,
158,relation,Arterial Hypotension,is associated with,Heart Failure,[inferred] cluster completion,reject,,,,,The association between arterial hypotension and heart failure is clinically implausible as they are distinct conditions.,0.9,,,
159,relation,Arterial Pressors,is administered during,Hypotension,[inferred] cluster completion,revise,4.4,Arterial Pressors,are used to treat,Hypotension,The relation label 'is administered during' needs clarification to accurately reflect the clinical context of arterial pressors and hypotension.,0.8,The relation label needs to accurately reflect the therapeutic use of arterial pressors.,0.9,
160,relation,Heart Failure,is related to,Hypertension,[inferred] cluster completion,accept_direct,,,,,Heart Failure and Hypertension are clinically related conditions in the cardiovascular domain.,0.9,,,
161,relation,Heart Failure,affects outcome,Sepsis,[inferred] cluster completion,reject,,,,,Heart failure does not directly affect the outcome of sepsis; they are distinct conditions.,0.9,,,
162,relation,Hypertension,is a risk factor for,Heart Failure,[inferred] cluster completion,accept_direct,,,,,"Hypertension is a recognized risk factor for heart failure, making the relation semantically correct.",0.9,,,
163,relation,Hypertension,is associated with,Acute Respiratory Distress Syndrome,[inferred] cluster completion,accept_direct,,,,,Hypertension and Acute Respiratory Distress Syndrome are clinically associated conditions.,0.9,,,
164,relation,Hypotension,is a risk factor for,Septic Shock,[inferred] cluster completion,accept_direct,,,,,Hypotension is clinically recognized as a risk factor for septic shock.,0.9,,,
165,relation,Hypotension,is treated with,Vasopressors,[inferred] cluster completion,accept_direct,,,,,The relationship between hypotension and vasopressors is clinically accurate and directly applicable in critical care.,0.9,,,
166,relation,Mean Arterial Pressure (MAP),is monitored by,Hypotension,[inferred] cluster completion,revise,4.4,Mean Arterial Pressure (MAP),is associated with,Hypotension,"The relation 'is monitored by' should be corrected to reflect a more appropriate clinical relationship, such as 'is associated with'.",0.8,The relation 'is monitored by' is incorrect; 'is associated with' better reflects the clinical relationship.,0.9,
167,relation,Noradrenaline,is treated with,Hypotension,[inferred] cluster completion,accept_direct,,,,,Noradrenaline is clinically used to treat hypotension directly.,0.9,,,
168,relation,Noradrenaline,is influenced by,Adrenaline,[inferred] cluster completion,reject,,,,,Noradrenaline is not influenced by Adrenaline; they are separate but related hormones.,0.9,,,
169,relation,Respiratory Distress Syndrome,worsens,Acute Respiratory Distress Syndrome,[inferred] cluster completion,reject,,,,,The relationship 'worsens' is clinically implausible between these two conditions as they are distinct entities.,0.9,,,
170,relation,Sepsis,is associated with,Hypotension,[inferred] cluster completion,accept_direct,,,,,Sepsis is clinically associated with hypotension as both are critical conditions in neuro-intensive care.,0.9,,,
171,relation,Septic Shock,is a risk factor for,Hypotension,[inferred] cluster completion,accept_direct,,,,,Septic Shock is a recognized risk factor for Hypotension in critically ill patients.,0.9,,,
172,relation,Vasopressors,is administered during,Hypotension,[inferred] cluster completion,accept_direct,,,,,The relation accurately describes the clinical use of vasopressors in treating hypotension in critical care settings.,0.9,,,
173,relation,Brain Injury,is a risk factor for,Traumatic Brain Injury,[inferred] cluster completion,accept_direct,,,,,"The triple correctly identifies Brain Injury as a risk factor for Traumatic Brain Injury, both of which are relevant concepts in the neuro-ICU domain.",0.9,,,
174,relation,Brain Injury,affects outcome,Mortality,[inferred] cluster completion,accept_direct,,,,,The relationship between brain injury and mortality is clinically valid and directly applicable.,0.9,,,
175,relation,Cranial Injuries,is associated with,Brain Injury,[inferred] cluster completion,accept_direct,,,,,Cranial Injuries are directly associated with Brain Injury as they both relate to trauma effects.,0.9,,,
176,relation,Demographic Data,has demographic data,Patient,[inferred] cluster completion,accept_direct,,,,,The relation correctly describes the demographic data associated with a patient in neurointensive care.,0.9,,,
177,relation,Extracranial Injury,is related to,Brain Injury,[inferred] cluster completion,accept_direct,,,,,The relationship between Extracranial Injury and Brain Injury is semantically correct and directly relevant in the context of neurointensive care.,0.9,,,
178,relation,Guideline Adherence,calculates,Guideline,[inferred] cluster completion,reject,,,,,The relation 'calculates' is semantically incorrect between the concepts of Guideline Adherence and Guideline.,0.9,,,
179,relation,Head Injury,is associated with,Brain Injury,[inferred] cluster completion,accept_direct,,,,,Head Injury is directly associated with Brain Injury as both involve trauma to the head and brain.,0.9,,,
180,relation,Head Trauma,is monitored by,Mortality,[inferred] cluster completion,reject,,,,,The relation 'is monitored by' does not logically connect head trauma and mortality in this context.,0.9,,,
181,relation,Mortality,affects outcome,Traumatic Brain Injury,[inferred] cluster completion,accept_direct,,,,,Mortality directly affects outcomes in patients with Traumatic Brain Injury.,0.9,,,
182,relation,Neurological Injury,is a risk factor for,Traumatic Brain Injury,[inferred] cluster completion,accept_direct,,,,,Neurological Injury is a recognized risk factor for Traumatic Brain Injury.,0.9,,,
183,relation,Patient,receives therapy,Traumatic Brain Injury,[inferred] cluster completion,revise,4.4,Patient,receives rehabilitation therapy for,Traumatic Brain Injury,The relation 'receives therapy' needs clarification to specify the type of therapy related to TBI.,0.7,The relation needs to specify the type of therapy related to TBI.,0.9,low_evidence
184,relation,Traumatic Brain Injury,is influenced by,Guideline,[inferred] cluster completion,reject,,,,,The relationship 'is influenced by' is not appropriate between Traumatic Brain Injury and Guideline in this context.,0.9,,,
185,relation,Traumatic Intracranial Hypertension,is a condition of,Head Trauma,[inferred] cluster completion,accept_direct,,,,,The triple correctly identifies Traumatic Intracranial Hypertension as a condition related to Head Trauma.,0.9,,,
186,relation,Anterior Fossa Repair,has surgical procedure,Surgical Procedure,[inferred] cluster completion,accept_direct,,,,,The triple correctly represents a direct relationship between the surgical procedure and the anterior fossa repair.,0.9,,,
187,relation,CT Scan Assessment,assesses,Clinical Assessment,[inferred] cluster completion,reject,,,,,The relation 'assesses' does not accurately represent the relationship between CT Scan Assessment and Clinical Assessment.,0.9,,,
188,relation,Clinical Assessment,has outcome,Coma,[inferred] cluster completion,reject,,,,,The relation 'has outcome' is not appropriate between clinical assessment and coma.,0.9,,,
189,relation,Coma,is associated with,Clinical Assessment,[inferred] cluster completion,accept_direct,,,,,The association between coma and clinical assessment is semantically correct and directly relevant in the neuro-ICU context.,0.9,,,
190,relation,Extra Ventricular Drain Placement,has surgical procedure,Surgical Procedure,[inferred] cluster completion,accept_direct,,,,,The triple correctly represents a direct relationship between the placement of an external ventricular drain and the surgical procedure involved.,0.9,,,
191,relation,Intensive Care Management,has monitoring data,Laboratory Values,[inferred] cluster completion,revise,4.4,Intensive Care Management,includes,Laboratory Values,The relation label needs clarification; 'has monitoring data' could be more accurately described as 'includes' or 'utilizes'.,0.7,The relation label 'has monitoring data' should be corrected to 'includes' for clarity.,0.9,low_evidence
192,relation,Laboratory Values,is monitored by,Intensive Care Management,[inferred] cluster completion,reject,,,,,The relation 'is monitored by' is not clinically accurate between the two classes as stated.,0.9,,,
193,relation,Nursing Intervention,has nursing intervention,Routine Nursing Care,[inferred] cluster completion,accept_direct,,,,,The triple correctly represents a direct relationship between nursing interventions and routine nursing care in the ICU context.,0.9,,,
194,relation,Physiotherapy,receives therapy,Nursing Intervention,[inferred] cluster completion,reject,,,,,The relation 'receives therapy' does not accurately describe the connection between physiotherapy and nursing intervention in this context.,0.8,,,
195,relation,Transcranial Doppler,measures parameter,Laboratory Values,[inferred] cluster completion,reject,,,,,The relation 'measures parameter' is not applicable between Transcranial Doppler and Laboratory Values.,0.9,,,
196,relation,Barbiturates,is administered during,Management,[inferred] cluster completion,reject,,,,,The relationship 'is administered during' is not semantically correct between Barbiturates and Management.,0.9,,,
197,relation,Cerebrovascular Autoregulation,affects outcome,Partial Pressure of Brain Tissue Oxygen,[inferred] cluster completion,revise,4.4,Cerebrovascular Autoregulation,regulates,Partial Pressure of Brain Tissue Oxygen,The relation 'affects outcome' needs clarification or a more specific label to accurately represent the relationship between the two concepts.,0.8,The relation 'affects outcome' is too vague; 'regulates' is more precise.,0.9,
198,relation,Condition,is related to,Hypoperfusion,[inferred] cluster completion,reject,,,,,The relation 'is related to' is too vague and does not accurately describe the clinical relationship between the two conditions.,0.9,,,
199,relation,Decompressive Craniectomy,has surgical procedure,Evacuation of Mass Lesion,[inferred] cluster completion,reject,,,,,The relation 'has surgical procedure' is not appropriate for linking these specific procedures.,0.9,,,
200,relation,Hypoperfusion,is a risk factor for,Condition,[inferred] cluster completion,reject,,,,,Hypoperfusion is not a recognized risk factor for the type of stroke defined as 'Condition'.,0.9,,,
201,relation,Hypothermia Therapy,reduces,Partial Pressure of Brain Tissue Oxygen,[inferred] cluster completion,reject,,,,,The relation 'reduces' is not clinically accurate between hypothermia therapy and partial pressure of brain tissue oxygen.,0.9,,,
202,relation,Jugular Venous Desaturation,is associated with,Jugular Venous Oxygen Saturation,[inferred] cluster completion,accept_direct,,,,,The relationship between Jugular Venous Desaturation and Jugular Venous Oxygen Saturation is clinically valid and directly applicable.,0.9,,,
203,relation,Jugular Venous Oxygen Saturation,assesses,Hypoperfusion,[inferred] cluster completion,reject,,,,,The relation 'assesses' is not clinically accurate between the two concepts as stated.,0.9,,,
204,relation,Management,is influenced by,Baseline Therapy,[inferred] cluster completion,revise,4.4,Management,targets,Baseline Therapy,The relation 'is influenced by' may need clarification or adjustment to better reflect the clinical context.,0.7,The relation 'is influenced by' should be replaced with 'targets' to reflect the clinical context accurately.,0.85,low_evidence
205,relation,Partial Pressure of Brain Tissue Oxygen,is monitored by,Jugular Venous Oxygen Saturation,[inferred] cluster completion,reject,,,,,The relationship 'is monitored by' is not clinically accurate between these two parameters.,0.9,,,
206,relation,PbrO2,measures parameter,Partial Pressure of Brain Tissue Oxygen,[inferred] cluster completion,accept_direct,,,,,The triple correctly represents the relationship between PbrO2 and the partial pressure of brain tissue oxygen.,0.9,,,
207,relation,SaO2,is measured by,Jugular Venous Oxygen Saturation,[inferred] cluster completion,reject,,,,,The relationship 'is measured by' is not appropriate between SaO2 and Jugular Venous Oxygen Saturation as they are distinct measurements.,0.9,,,
208,relation,Secondary Brain Injury,worsens,Secondary Insult,[inferred] cluster completion,revise,4.4,Secondary Brain Injury,can lead to,Secondary Insult,The relation label 'worsens' may need clarification or adjustment to better reflect the clinical context.,0.7,The relation 'worsens' is vague; 'can lead to' better describes the causal relationship.,0.9,low_evidence
209,relation,Secondary Insult,is influenced by,Secondary Brain Injury,[inferred] cluster completion,accept_direct,,,,,The relationship between Secondary Insult and Secondary Brain Injury is clinically valid and directly applicable.,0.9,,,
210,relation,Secondary Insult Grades,defines,Secondary Insult,[inferred] cluster completion,reject,,,,,The relationship defined is semantically incorrect as Secondary Insult Grades do not define Secondary Insult.,0.9,,,
211,relation,Secondary Insult Therapy,is treated with,Secondary Insult Treatment,[inferred] cluster completion,reject,,,,,The relationship between Secondary Insult Therapy and Secondary Insult Treatment is semantically incorrect as they refer to different concepts.,0.9,,,
212,relation,Derived Parameter,has monitoring data,Parameter,[inferred] cluster completion,accept_direct,,,,,The triple correctly represents a direct relationship between derived parameters and parameters in the context of monitoring.,0.9,,,
213,relation,Heart Rate,is monitored by,Sensor,[inferred] cluster completion,accept_direct,,,,,The relationship between Heart Rate and Sensor is semantically correct and directly applicable in the context of monitoring cardiovascular health.,0.9,,,
214,relation,Machine,produced by sensor,Sensor,[inferred] cluster completion,reject,,,,,The relation 'produced by' is not appropriate for the context of a machine and a sensor.,0.9,,,
215,relation,Measurement Time,has timepoint,Timepoint,[inferred] cluster completion,accept_direct,,,,,The relationship between Measurement Time and Timepoint is semantically correct and direct.,0.9,,,
216,relation,NIBP,has monitoring data,Parameter,[inferred] cluster completion,revise,4.4,NIBP,is measured by,Parameter,The relation label needs clarification to accurately reflect the connection between NIBP and Parameter.,0.8,The relation label needs to accurately reflect the measurement context.,0.9,
217,relation,Observation,is measured at,Measurement Time,[inferred] cluster completion,accept_direct,,,,,The relation 'is measured at' correctly describes the direct relationship between Observation and Measurement Time.,0.9,,,
218,relation,Peripheral Temperature,has monitoring data,Temperature,[inferred] cluster completion,accept_direct,,,,,The triple correctly represents a direct relationship between peripheral temperature and temperature monitoring data.,0.9,,,
219,relation,Reading,is measured by,Observation,[inferred] cluster completion,accept_direct,,,,,The triple correctly describes the relationship between Reading and Observation within the neuro-ICU context.,0.9,,,
220,relation,Respiration Rate,is monitored by,Sensor,[inferred] cluster completion,accept_direct,,,,,The relation 'is monitored by' correctly describes the direct relationship between Respiration Rate and Sensor.,0.9,,,
221,relation,Temperature,has monitoring data,Parameter,[inferred] cluster completion,revise,4.4,Temperature,has temperature measurement data,Parameter,The relation 'has monitoring data' should be more specific to accurately reflect the relationship between Temperature and Parameter.,0.8,The relation needs to specify the type of monitoring data related to Temperature.,0.9,
222,relation,Biochemistry,has laboratory value,Glucose,[inferred] cluster completion,accept_direct,,,,,The triple correctly represents the relationship between biochemistry and glucose as a laboratory value.,0.9,,,
223,relation,Biochemistry,has laboratory value,Potassium,[inferred] cluster completion,revise,4.4,Biochemistry,measures,Potassium,The relation 'has laboratory value' should be more accurately defined as 'measures' for clarity.,0.8,The relation 'has laboratory value' is incorrectly defined and should be 'measures' for clarity.,0.9,
224,relation,Biochemistry,has laboratory value,Sodium,[inferred] cluster completion,revise,4.4,Biochemistry,measures,Sodium — Serum sodium (Na). Daily biochemistry value.,The relation 'has laboratory value' needs to be more specific to accurately represent the connection between biochemistry and sodium.,0.8,The relation 'has laboratory value' is too vague; 'measures' is more accurate.,0.9,
225,relation,Cardiac Output,is monitored by,Monitoring,[inferred] cluster completion,revise,4.4,Cardiac Output,is monitored through,Cardiac Output Monitoring,The relation 'is monitored by' should be adjusted to reflect the specific monitoring context of cardiac output.,0.7,The relation needs to specify the context of cardiac output monitoring.,0.9,low_evidence
226,relation,Fluids,is managed by,Monitoring,[inferred] cluster completion,revise,4.4,Monitoring,monitors,Fluids,The relation label 'is managed by' may need adjustment to better reflect the clinical context of fluids and monitoring.,0.7,The relation should reflect that monitoring observes fluid management rather than managing it.,0.9,low_evidence
227,relation,Glucose,assesses,Biochemistry,[inferred] cluster completion,reject,,,,,The relation 'assesses' is not appropriate between Glucose and Biochemistry as it implies a direct assessment that does not exist.,0.9,,,
228,relation,Haematocrit,has laboratory value,Haematology,[inferred] cluster completion,accept_direct,,,,,The triple correctly describes the relationship between haematocrit and haematology as a direct laboratory value assessment.,0.9,,,
229,relation,Haematology,has laboratory value,Haematocrit,[inferred] cluster completion,reject,,,,,The relation 'has laboratory value' is not semantically correct between the classes 'Haematology' and 'Haematocrit'.,0.9,,,
230,relation,Haematology,has laboratory value,Haemoglobin,[inferred] cluster completion,revise,4.4,Haematology,has haemoglobin concentration,Haemoglobin,The relation 'has laboratory value' should be more accurately defined or specified for clarity.,0.8,The relation label should specify the type of laboratory value for clarity.,0.9,
231,relation,Monitoring,is associated with,Cardiac Output,[inferred] cluster completion,reject,,,,,The relation 'is associated with' is too vague and does not accurately represent the specific relationship between monitoring and cardiac output.,0.9,,,
232,relation,Monitoring,is associated with,Fluids,[inferred] cluster completion,accept_indirect,,,,,Monitoring and Fluids are related through the broader context of patient care in neuro-ICU settings.,0.8,,,
233,relation,Monitoring,is associated with,Sedation,[inferred] cluster completion,accept_direct,,,,,Monitoring and sedation management are directly related in the context of neurointensive care.,0.9,,,
234,relation,Potassium,assesses,Biochemistry,[inferred] cluster completion,reject,,,,,The relation 'assesses' is not appropriate between potassium and biochemistry as they are not directly related in this context.,0.9,,,
235,relation,Sedation,is monitored by,Monitoring,[inferred] cluster completion,revise,4.4,Sedation,requires,Monitoring,The relation label needs clarification as 'is monitored by' may not accurately reflect the relationship between sedation and monitoring.,0.7,The relationship should indicate that sedation requires monitoring rather than being monitored by it.,0.9,low_evidence
236,relation,Sodium,assesses,Biochemistry,[inferred] cluster completion,revise,4.4,Sodium — Serum sodium (Na),is assessed by,"Biochemistry — A branch of science that explores the chemical processes within and related to living organisms, often assessed through laboratory values.",The relation 'assesses' is not appropriate; a more suitable relation should be used to connect sodium and biochemistry.,0.7,The relation 'assesses' should be changed to 'is assessed by' for clarity.,0.9,low_evidence
237,relation,Disability,affects outcome,GOSe Outcome,[inferred] cluster completion,accept_direct,,,,,The relationship between Disability and GOSe Outcome is semantically correct and directly applicable in the neurointensive care context.,0.9,,,
238,relation,GCS Assessment,assesses,Disability,[inferred] cluster completion,revise,4.4,GCS Assessment,is used to assess,Disability,The relation 'assesses' should be changed to 'is used to assess' for clarity and accuracy.,0.7,The relation 'assesses' is incorrect and should be 'is used to assess' for clarity.,0.9,low_evidence
239,relation,GCS Assessment,is related to,Motor Impairment,[inferred] cluster completion,accept_direct,,,,,The GCS Assessment is directly related to Motor Impairment in the context of brain injury assessment.,0.9,,,
240,relation,GOSe Outcome,is influenced by,Disability,[inferred] cluster completion,reject,,,,,The relationship 'is influenced by' is not clinically accurate between GOSe Outcome and Disability.,0.9,,,
241,relation,GOSe Outcome,is associated with,Outcome Score,[inferred] cluster completion,accept_direct,,,,,The triple correctly associates two related concepts within the neuro-ICU domain.,0.9,,,
242,relation,Motor Impairment,is a risk factor for,Disability,[inferred] cluster completion,accept_direct,,,,,Motor impairment is a recognized risk factor for disability in brain injury patients.,0.9,,,
243,relation,Outcome Score,correlates with,GOSe Outcome,[inferred] cluster completion,accept_direct,,,,,The correlation between Outcome Score and GOSe Outcome is clinically valid and directly applicable in assessing neurological outcomes.,0.9,,,
244,relation,Pupil Assessment,is associated with,Motor Impairment,[inferred] cluster completion,accept_direct,,,,,The relationship between Pupil Assessment and Motor Impairment is clinically valid and directly relevant in neurointensive care.,0.9,,,
245,relation,Cerebral Perfusion Pressure (CPP),is a risk factor for,Intracranial Hypertension,[inferred] cluster completion,accept_direct,,,,,Cerebral Perfusion Pressure is a recognized risk factor for Intracranial Hypertension in traumatic brain injury patients.,0.9,,,
246,relation,Cerebral Perfusion Pressure (CPP),assesses,Mean Cerebral Perfusion Pressure,[inferred] cluster completion,revise,4.4,Mean Cerebral Perfusion Pressure,is measured by,Cerebral Perfusion Pressure (CPP),"The relation 'assesses' should be corrected to reflect a more appropriate relationship, such as 'is measured by'.",0.7,The relation 'assesses' is incorrect; 'is measured by' accurately describes the relationship.,0.9,low_evidence
247,relation,CVP,is monitored by,Intracranial Hypertension,[inferred] cluster completion,reject,,,,,The relation 'is monitored by' does not accurately describe the relationship between CVP and Intracranial Hypertension.,0.9,,,
248,relation,Intracranial Pressure (ICP),is influenced by,Mean Cerebral Perfusion Pressure,[inferred] cluster completion,accept_direct,,,,,The relation correctly describes the influence of ICP on Mean Cerebral Perfusion Pressure.,0.9,,,
249,relation,Intracranial Pressure (ICP),has monitoring data,Cerebral Perfusion Pressure (CPP),[inferred] cluster completion,accept_direct,,,,,The relationship between ICP and CPP is clinically valid and directly relevant in neurointensive care.,0.9,,,
250,relation,Intracranial Hypertension,worsens,Outcome,[inferred] cluster completion,reject,,,,,The relation 'worsens' is not clinically accurate as it implies a direct causative link without sufficient evidence.,0.9,,,
251,relation,Intracranial Hypertension,is a condition of,Intracranial Pressure (ICP),[inferred] cluster completion,accept_direct,,,,,The triple correctly represents a direct relationship between Intracranial Hypertension and Intracranial Pressure as conditions in the neuro-ICU domain.,0.9,,,
252,relation,Mean Cerebral Perfusion Pressure,calculates,Cerebral Perfusion Pressure (CPP),[inferred] cluster completion,revise,4.4,Mean Cerebral Perfusion Pressure,is derived from,Cerebral Perfusion Pressure (CPP),The relation 'calculates' is not appropriate; it should be 'is derived from' to better reflect the relationship between the two concepts.,0.8,The relation 'calculates' was incorrect and should be 'is derived from'.,0.9,
253,relation,Mean Cerebral Perfusion Pressure,is related to,Intracranial Pressure (ICP),[inferred] cluster completion,accept_direct,,,,,The relationship between Mean Cerebral Perfusion Pressure and Intracranial Pressure is clinically valid and directly relevant.,0.9,,,
254,relation,Mean Intracranial Pressure,is measured by,Intracranial Pressure (ICP),[inferred] cluster completion,accept_direct,,,,,The triple correctly represents the relationship between Mean Intracranial Pressure and Intracranial Pressure as a measurement concept.,0.9,,,
255,relation,Pressure Reactivity Index (PRx),assesses,Intracranial Pressure (ICP),[inferred] cluster completion,accept_direct,,,,,The triple correctly represents the relationship between PRx and ICP in the context of neurointensive care.,0.9,,,
256,relation,Carbon Dioxide,is monitored by,End-tidal Carbon Dioxide,[inferred] cluster completion,accept_direct,,,,,The relationship accurately describes the monitoring of end-tidal carbon dioxide as it pertains to carbon dioxide levels in patients.,0.9,,,
257,relation,Carbon Dioxide,has laboratory value,Partial Pressure of Carbon Dioxide,[inferred] cluster completion,accept_direct,,,,,The relationship between Carbon Dioxide and its laboratory value is semantically correct and direct.,0.9,,,
258,relation,End-tidal Carbon Dioxide,assesses,Carbon Dioxide,[inferred] cluster completion,accept_direct,,,,,The triple accurately describes the relationship between end-tidal carbon dioxide and carbon dioxide in the context of assessing respiratory function.,0.9,,,
259,relation,End-tidal Carbon Dioxide,is associated with,Partial Pressure of Carbon Dioxide,[inferred] cluster completion,accept_direct,,,,,The relationship between End-tidal Carbon Dioxide and Partial Pressure of Carbon Dioxide is clinically valid and directly applicable.,0.9,,,
260,relation,Partial Pressure of Carbon Dioxide,has laboratory value,Carbon Dioxide,[inferred] cluster completion,revise,4.4,Partial Pressure of Carbon Dioxide,is measured by,Carbon Dioxide,The relation label 'has laboratory value' should be adjusted to reflect a more accurate clinical relationship.,0.8,The relation label better reflects the clinical measurement context.,0.9,
261,relation,Partial Pressure of Carbon Dioxide,correlates with,End-tidal Carbon Dioxide,[inferred] cluster completion,accept_direct,,,,,The correlation between Partial Pressure of Carbon Dioxide and End-tidal Carbon Dioxide is clinically valid and directly applicable.,0.9,,,
262,relation,Brain Injury,affects outcome,GCS Assessment,[inferred] cluster completion,accept_direct,,,,,The relation 'affects outcome' is appropriate between brain injury and GCS assessment as both are directly related in clinical practice.,0.9,,,
263,relation,Brain Injury,is a risk factor for,Disability,[inferred] cluster completion,accept_direct,,,,,Brain injury is a recognized risk factor for disability in clinical literature.,0.9,,,
264,relation,Cranial Injuries,is associated with,Traumatic Brain Injury,[inferred] cluster completion,accept_direct,,,,,"Cranial injuries are a recognized cause of traumatic brain injury, making the relation semantically correct.",0.9,,,
265,relation,Disability,is influenced by,Brain Injury,[inferred] cluster completion,accept_direct,,,,,The relationship between Disability and Brain Injury is semantically correct and directly applicable in the neurointensive-care context.,0.9,,,
266,relation,GCS Assessment,assesses,Brain Injury,[inferred] cluster completion,accept_direct,,,,,The triple correctly represents the relationship between GCS Assessment and Brain Injury in the context of neurological assessment.,0.9,,,
267,relation,GOSe Outcome,predicts outcome,Traumatic Brain Injury,[inferred] cluster completion,accept_direct,,,,,The triple correctly represents a direct relationship between the GOSe Outcome and Traumatic Brain Injury.,0.9,,,
268,relation,Guideline Adherence,is related to,Guideline,[inferred] cluster completion,accept_direct,,,,,The relation accurately describes the connection between guideline adherence and guidelines in clinical practice.,0.9,,,
269,relation,Head Injury,is associated with,Traumatic Brain Injury,[inferred] cluster completion,accept_direct,,,,,"Head Injury is a specific type of Traumatic Brain Injury, making the association semantically correct.",0.9,,,
270,relation,Head Trauma,is monitored by,GCS Assessment,[inferred] cluster completion,accept_direct,,,,,The relationship between Head Trauma and GCS Assessment is correct as GCS is used to monitor head trauma patients.,0.9,,,
271,relation,Motor Impairment,is influenced by,Brain Injury,[inferred] cluster completion,accept_direct,,,,,The triple correctly represents a direct relationship between Motor Impairment and Brain Injury.,0.9,,,
272,relation,Neurological Injury,is related to,Brain Injury,[inferred] cluster completion,accept_direct,,,,,The relationship between Neurological Injury and Brain Injury is semantically correct and directly applicable.,0.9,,,
273,relation,Outcome Score,relates to clinical outcome,GOSe Outcome,[inferred] cluster completion,accept_direct,,,,,The triple accurately describes the relationship between Outcome Score and GOSe Outcome as both assess neurological outcomes after brain injury.,0.9,,,
274,relation,Pupil Assessment,is associated with,Brain Injury,[inferred] cluster completion,accept_direct,,,,,The relation 'is associated with' correctly links Pupil Assessment and Brain Injury as they are clinically relevant concepts.,0.9,,,
275,relation,Traumatic Brain Injury,is a risk factor for,Mortality,[inferred] cluster completion,accept_direct,,,,,The triple correctly identifies Traumatic Brain Injury as a risk factor for Mortality.,0.9,,,
276,relation,Acute Respiratory Distress Syndrome,is associated with,Hypotension,[inferred] cluster completion,accept_direct,,,,,The relationship between Acute Respiratory Distress Syndrome and Hypotension is clinically recognized and directly applicable in neuro-ICU contexts.,0.9,,,
277,relation,Acute Respiratory Distress Syndrome,affects outcome,Sepsis,[inferred] cluster completion,reject,,,,,The relationship 'affects outcome' is too vague and not clinically supported between these specific conditions.,0.8,,,
278,relation,Adrenaline,is administered during,Hypotension,[inferred] cluster completion,accept_direct,,,,,Adrenaline is indeed administered during hypotension in clinical settings.,0.9,,,
279,relation,Adrenaline,is treated with,Noradrenaline,[inferred] cluster completion,reject,,,,,"The relation 'is treated with' is clinically implausible between Adrenaline and Noradrenaline as they are both used in treatment, not one for the other.",0.9,,,
280,relation,Adverse Event,is related to,Hypertension,[inferred] cluster completion,accept_direct,,,,,The relationship between Adverse Event and Hypertension is clinically valid and directly relevant in the context of medical interventions.,0.9,,,
281,relation,Arterial Hypotension,worsens,Acute Respiratory Distress Syndrome,[inferred] cluster completion,reject,,,,,The relationship 'worsens' between the two conditions is clinically implausible as they are not directly related in this context.,0.9,,,
282,relation,Heart Failure,is a risk factor for,Hypotension,[inferred] cluster completion,accept_direct,,,,,Heart failure is clinically recognized as a risk factor for hypotension.,0.9,,,
283,relation,Hypertension,is related to,Adverse Event,[inferred] cluster completion,reject,,,,,Hypertension is not directly related to adverse events in a specific clinical context without further clarification.,0.8,,,
284,relation,Hypotension,is a condition of,Septic Shock,[inferred] cluster completion,accept_direct,,,,,"Hypotension is indeed a condition associated with septic shock, making the relationship accurate.",0.9,,,
285,relation,Hypotension,is influenced by,Adrenaline,[inferred] cluster completion,accept_direct,,,,,Hypotension can indeed be influenced by adrenaline in a clinical context.,0.9,,,
286,relation,Mean Arterial Pressure (MAP),measures parameter,Hypotension,[inferred] cluster completion,accept_direct,,,,,"The triple correctly relates MAP as a measure of hypotension, both relevant in the neuro-ICU context.",0.9,,,
287,relation,Noradrenaline,is administered during,Hypotension,[inferred] cluster completion,accept_direct,,,,,Noradrenaline is indeed administered during hypotension in clinical practice.,0.9,,,
288,relation,Respiratory Distress Syndrome,is related to,Acute Respiratory Distress Syndrome,[inferred] cluster completion,accept_direct,,,,,Both conditions are related as they pertain to respiratory issues in critically ill patients.,0.9,,,
289,relation,Sepsis,has outcome,Hypotension,[inferred] cluster completion,accept_direct,,,,,Sepsis can directly lead to hypotension as a consequence of its physiological effects.,0.9,,,
290,relation,Septic Shock,is a condition of,Hypotension,[inferred] cluster completion,accept_direct,,,,,"Septic Shock is indeed a condition that can lead to Hypotension, making the relation valid.",0.9,,,
291,relation,Clinical Outcome,affects outcome,Outcome,[inferred] cluster completion,revise,4.4,Clinical Outcome,affects patient outcome measure,Outcome,The relation 'affects outcome' needs clarification; consider specifying the type of outcome for accuracy.,0.8,The relation label needs to specify that it affects patient outcome measures.,0.9,
292,relation,Data Quality Assessment,has quality assessment,Monitoring Data,[inferred] cluster completion,revise,4.4,Data Quality Assessment,evaluates,Monitoring Data,The relation label 'has quality assessment' should be adjusted to better reflect the nature of the relationship.,0.8,The relation label should reflect the evaluation nature of the assessment.,0.9,
293,relation,Monitoring Data,is monitored by,Core Monitoring Parameter,[inferred] cluster completion,revise,4.4,Core Monitoring Parameter,monitors,Monitoring Data,The relation label 'is monitored by' may need to be adjusted to accurately reflect the monitoring context.,0.7,"The relation label should reflect that parameters monitor the data, not the other way around.",0.9,low_evidence
294,relation,Outcome Data,has monitoring data,Monitoring Data,[inferred] cluster completion,accept_direct,,,,,The relation 'has monitoring data' correctly describes the direct relationship between Outcome Data and Monitoring Data.,0.9,,,
295,relation,Patient Interventions,is administered during,Treatment Data,[inferred] cluster completion,reject,,,,,The relation 'is administered during' does not accurately connect the concepts of Patient Interventions and Treatment Data.,0.9,,,
296,relation,Physiological Data,is related to,Monitoring Data,[inferred] cluster completion,accept_direct,,,,,The relationship between Physiological Data and Monitoring Data is semantically correct and directly applicable in the neuro-ICU context.,0.9,,,
297,relation,Treatment Data,is associated with,Clinical Outcome,[inferred] cluster completion,accept_direct,,,,,The relationship between treatment data and clinical outcomes is direct and semantically correct.,0.9,,,
298,relation,Observation,is measured by,Sensor,[inferred] cluster completion,accept_direct,,,,,The relation 'is measured by' correctly describes the direct relationship between Observation and Sensor.,0.9,,,
299,relation,Reading,is measured at,Measurement Time,[inferred] cluster completion,accept_direct,,,,,The relationship between Reading and Measurement Time is semantically correct and directly applicable in the context of ICU measurements.,0.9,,,
300,relation,Temperature,is monitored by,Sensor,[inferred] cluster completion,revise,4.4,Temperature,is measured by,Sensor,The relation 'is monitored by' should be 'is measured by' for better accuracy in context.,0.7,The relation 'is monitored by' is inaccurate and should be 'is measured by'.,0.95,low_evidence
301,relation,Condition,affects outcome,Decompressive Craniectomy,[inferred] cluster completion,accept_direct,,,,,The triple correctly describes the direct relationship between the condition and the surgical procedure.,0.9,,,
302,relation,Decompressive Craniectomy,is administered during,Management,[inferred] cluster completion,revise,4.4,Decompressive Craniectomy,is performed as part of,Management,The relation 'is administered during' needs clarification as it does not accurately represent the relationship between the procedure and management.,0.7,The relation should indicate that the procedure is part of the management process.,0.9,low_evidence
303,relation,Jugular Venous Oxygen Saturation,assesses,Partial Pressure of Brain Tissue Oxygen,[inferred] cluster completion,reject,,,,,The relation 'assesses' is not appropriate between the two concepts as they represent different types of measurements.,0.9,,,
304,relation,Microdialysis,is monitored by,Partial Pressure of Brain Tissue Oxygen,[inferred] cluster completion,reject,,,,,The relationship 'is monitored by' between Microdialysis and Partial Pressure of Brain Tissue Oxygen is clinically implausible.,0.9,,,
305,relation,Partial Pressure of Brain Tissue Oxygen,is measured by,Jugular Venous Oxygen Saturation,[inferred] cluster completion,revise,4.5,Partial Pressure of Brain Tissue Oxygen,is assessed by,Jugular Venous Oxygen Saturation,The relation 'is measured by' may need to be adjusted to better reflect the clinical context between the two parameters.,0.8,The relationship should reflect that Jugular Venous Oxygen Saturation is used to assess brain oxygen levels indirectly.,0.9,
306,relation,Anti-hypertensives,is treated with,Analgesia,[inferred] cluster completion,reject,,,,,"Analgesia is not a treatment for Anti-hypertensives, making the relation clinically implausible.",1.0,,,
307,relation,Electrocardiogram (ECG),assesses,Ventilation,[inferred] cluster completion,reject,,,,,The relation 'assesses' is not clinically appropriate between ECG and mechanical ventilation settings.,0.9,,,
308,relation,EtCO2,is monitored by,Ventilation,[inferred] cluster completion,reject,,,,,The relationship between EtCO2 and mechanical ventilation settings is not clinically plausible as stated.,0.9,,,
309,relation,Insult,is a risk factor for,Poor Outcome,[inferred] cluster completion,reject,,,,,The relationship 'is a risk factor for' does not semantically fit between 'Insult' and 'Poor Outcome' as currently stated.,0.9,,,
310,relation,Secondary Insult,is associated with,Secondary Brain Injury,[inferred] cluster completion,accept_direct,,,,,The relationship between Secondary Insult and Secondary Brain Injury is semantically correct and directly applicable in the neurointensive care context.,0.9,,,
311,relation,Secondary Insult Therapy,is treated with,Secondary Insult,[inferred] cluster completion,reject,,,,,The relation 'is treated with' is not clinically appropriate between secondary insult therapy and secondary insult.,0.9,,,
312,relation,Secondary Insult Treatment,receives therapy,Secondary Insult Therapy,[inferred] cluster completion,revise,4.4,Secondary Insult Treatment,is treated by,Secondary Insult Therapy,The relation label 'receives therapy' needs clarification to accurately reflect the nature of the connection between the classes.,0.8,The relation label needs to accurately reflect the treatment relationship.,0.9,
313,relation,Biochemistry,has laboratory value,Haematology,[inferred] cluster completion,reject,,,,,The relation 'has laboratory value' is not appropriate between Biochemistry and Haematology as they are distinct fields.,0.9,,,
314,relation,Biochemistry,is monitored by,Monitoring,[inferred] cluster completion,reject,,,,,The relation 'is monitored by' does not semantically connect Biochemistry and Monitoring in a clinically relevant way.,0.9,,,
315,relation,Blood Gases,is monitored by,Monitoring,[inferred] cluster completion,revise,4.4,Blood Gases,is assessed by,Monitoring,The relation 'is monitored by' needs to be adjusted to accurately reflect the monitoring process in the context of blood gases.,0.7,The relation 'is monitored by' should be replaced with 'is assessed by' for accuracy.,0.9,low_evidence
316,relation,Fluids,is monitored by,Monitoring,[inferred] cluster completion,reject,,,,,The relation 'is monitored by' does not accurately represent the relationship between fluids and monitoring in this context.,0.9,,,
317,relation,Glucose,has laboratory value,Biochemistry,[inferred] cluster completion,reject,,,,,The relationship between glucose and biochemistry is too broad and not specific to neurointensive care context.,0.9,,,out_of_scope
318,relation,Glucose,is monitored by,Monitoring,[inferred] cluster completion,accept_direct,,,,,The relationship between glucose and monitoring is semantically correct and directly applicable in the neurointensive care context.,0.9,,,
319,relation,Haematocrit,is monitored by,Monitoring,[inferred] cluster completion,accept_direct,,,,,The relation 'is monitored by' correctly describes the direct relationship between haematocrit and monitoring in the neuro-ICU context.,0.9,,,
320,relation,Haematology,is monitored by,Monitoring,[inferred] cluster completion,reject,,,,,The relation 'is monitored by' does not accurately represent the relationship between Haematology and Monitoring.,0.9,,,
321,relation,Haemoglobin,is monitored by,Monitoring,[inferred] cluster completion,revise,4.4,Monitoring,monitors,Haemoglobin concentration,The relation 'is monitored by' should be adjusted to reflect the correct direction or specificity of monitoring haemoglobin concentration.,0.7,The relation direction should reflect that monitoring is the action performed on haemoglobin concentration.,0.9,low_evidence
322,relation,Nutrition,is administered during,Monitoring,[inferred] cluster completion,reject,,,,,The relation 'is administered during' does not accurately describe the connection between Nutrition and Monitoring.,0.9,,,
323,relation,Potassium,has laboratory value,Biochemistry,[inferred] cluster completion,revise,4.4,Potassium — Serum potassium (K+),is a component of,"Biochemistry — A branch of science that explores the chemical processes within and related to living organisms, often assessed through laboratory values.",The relation label 'has laboratory value' needs to be more specific to accurately reflect the connection between potassium and biochemistry.,0.8,The relation label needs to better reflect the specific relationship between potassium and biochemistry.,0.9,
324,relation,Potassium,is monitored by,Monitoring,[inferred] cluster completion,revise,4.4,Potassium — Serum potassium (K+). Daily biochemistry value.,is monitored for,Monitoring — The continuous observation and measurement of physiological parameters in critically ill patients to detect changes in their condition.,The relation 'is monitored by' should be adjusted to reflect the correct monitoring context for serum potassium.,0.7,The relation should specify the monitoring context for serum potassium.,0.9,low_evidence
325,relation,Sedation,is managed by,Monitoring,[inferred] cluster completion,reject,,,,,The relation 'is managed by' does not accurately describe the connection between Sedation and Monitoring in this context.,0.9,,,
326,relation,Sodium,has laboratory value,Biochemistry,[inferred] cluster completion,revise,4.4,Sodium,is measured in,Biochemistry,The relation label needs clarification to accurately reflect the connection between sodium and biochemistry.,0.8,The relation label should reflect that sodium is measured within the context of biochemistry.,0.9,
327,relation,Sodium,is monitored by,Monitoring,[inferred] cluster completion,revise,4.4,Sodium — Serum sodium (Na),is monitored for,Monitoring — The continuous observation and measurement of physiological parameters in critically ill patients to detect changes in their condition.,The relation 'is monitored by' should be adjusted to reflect the monitoring of serum sodium specifically.,0.8,The relation should specify monitoring for serum sodium instead of by monitoring.,0.9,
328,relation,Anterior Fossa Repair,is monitored by,Laboratory Values,[inferred] cluster completion,reject,,,,,The relation 'is monitored by' does not accurately describe the relationship between anterior fossa repair and laboratory values.,0.9,,,
329,relation,CT Scan Assessment,is monitored by,Laboratory Values,[inferred] cluster completion,reject,,,,,The relation 'is monitored by' does not accurately describe the connection between CT Scan Assessment and Laboratory Values.,0.9,,,
330,relation,Clinical Assessment,has monitoring data,Laboratory Values,[inferred] cluster completion,revise,4.4,Clinical Assessment,has associated laboratory values,Laboratory Values,The relation label 'has monitoring data' may need clarification or adjustment to better reflect the nature of the connection.,0.7,The relation label needs to accurately reflect the connection between assessment and laboratory values.,0.9,low_evidence
331,relation,Coma,is a risk factor for,Secondary Insult,[inferred] cluster completion,reject,,,,,"Coma is not a risk factor for secondary insult; rather, it is a condition that may lead to complications.",0.9,,,
332,relation,Extra Ventricular Drain Placement,is monitored by,Laboratory Values,[inferred] cluster completion,reject,,,,,The relation 'is monitored by' does not accurately describe the connection between the two classes in the neuro-ICU context.,0.9,,,
333,relation,Nursing Intervention,is administered during,Session,[inferred] cluster completion,revise,4.4,Nursing Intervention,is performed during,Session,The relation label needs clarification; 'is administered during' may not accurately reflect the nature of the relationship.,0.8,'is administered during' inaccurately describes the relationship; 'is performed during' is more appropriate.,0.9,
334,relation,Physiotherapy,is administered during,Session,[inferred] cluster completion,revise,4.4,Physiotherapy,is provided during,Session,The relation label 'is administered during' needs correction to better reflect the context of physiotherapy sessions in ICU management.,0.7,The relation label needs to accurately reflect the context of physiotherapy sessions.,0.9,low_evidence
335,relation,Routine Nursing Care,is administered during,Session,[inferred] cluster completion,reject,,,,,The relation 'is administered during' does not accurately describe the connection between nursing care and a monitoring session.,0.9,,,
336,relation,Session,has timepoint,Laboratory Values,[inferred] cluster completion,reject,,,,,The relation 'has timepoint' does not semantically connect 'Session' and 'Laboratory Values' appropriately.,0.9,,,
337,relation,Surgical Procedure,is monitored by,Laboratory Values,[inferred] cluster completion,reject,,,,,The relation 'is monitored by' does not accurately represent the connection between surgical procedures and laboratory values.,0.9,,,
338,relation,Cerebral Perfusion Pressure (CPP),assesses,Traumatic Intracranial Hypertension,[inferred] cluster completion,revise,4.4,Cerebral Perfusion Pressure (CPP),is associated with,Traumatic Intracranial Hypertension,The relation 'assesses' may not accurately describe the connection; consider 'is associated with' instead.,0.8,The relation 'assesses' does not accurately represent the connection between CPP and traumatic intracranial hypertension.,0.9,
339,relation,Intracranial Hypertension,worsens,Traumatic Intracranial Hypertension,[inferred] cluster completion,reject,,,,,The relation 'worsens' is not clinically accurate between these two conditions as stated.,0.9,,,
340,relation,Intracranial Pressure (ICP),is monitored by,CVP,[inferred] cluster completion,reject,,,,,ICP and CVP measure different pressures and are not directly related in monitoring.,0.9,,,
341,relation,Mean Cerebral Perfusion Pressure,calculates,Intracranial Pressure (ICP),[inferred] cluster completion,revise,4.4,Mean Cerebral Perfusion Pressure,is derived from,Intracranial Pressure (ICP),The relation 'calculates' should be corrected to 'is derived from' to accurately reflect the relationship between the two concepts.,0.8,The relation 'calculates' should be changed to 'is derived from' for accuracy.,0.9,
342,relation,Traumatic Intracranial Hypertension,is a risk factor for,Intracranial Hypertension,[inferred] cluster completion,accept_direct,,,,,The triple correctly identifies Traumatic Intracranial Hypertension as a risk factor for Intracranial Hypertension.,0.9,,,
343,hierarchy,Decompressive Craniectomy,subClassOf,Surgical Procedure,Decompressive craniectomy (DC) is a surgical technique originally described by Kocher in 1901.,accept_direct,,,,,Decompressive craniectomy is a specific type of surgical procedure performed in the neuro-ICU.,0.9,,,
344,hierarchy,Secondary Insult,subClassOf,Insult,One of the most critical types of systemic secondary insult is arterial hypotension.,accept_direct,,,,,The relationship between Secondary Insult and Insult is correctly classified as a subclass relation.,0.9,,,
345,hierarchy,Vasopressors,subClassOf,Baseline Therapy,[inferred] Vasopressors is a subclass of Baseline Therapy (deterministic hierarchy checklist).,reject,,,,,"Vasopressors are not a subclass of Baseline Therapy; they are a type of medication used in critical care, not a state of therapy.",1.0,,,
346,hierarchy,Secondary Insult,subClassOf,Condition,[inferred] Secondary Insult is a subclass of Condition (deterministic hierarchy checklist).,reject,,,,,Secondary Insult is not a type of Condition as defined; it is a complication rather than a stroke type.,0.9,,,
347,hierarchy,Core Monitoring Parameter,subClassOf,Monitoring Data,[inferred] Chain-of-Layer: Core Monitoring Parameter is organized under Monitoring Data,accept_direct,,,,,The triple correctly represents a direct subclass relationship between Core Monitoring Parameter and Monitoring Data.,0.9,,,
348,hierarchy,Heart Rate,subClassOf,Core Monitoring Parameter,[inferred] Chain-of-Layer: Heart Rate is organized under Core Monitoring Parameter,accept_direct,,,,,Heart Rate is correctly classified as a subclass of Core Monitoring Parameter.,0.9,,,
349,hierarchy,Mean Arterial Pressure (MAP),subClassOf,Core Monitoring Parameter,[inferred] Chain-of-Layer: Mean Arterial Pressure (MAP) is organized under Core Monitoring Parameter,accept_direct,,,,,Mean Arterial Pressure (MAP) is correctly classified as a subclass of Core Monitoring Parameter.,0.9,,,
350,hierarchy,Mean Intracranial Pressure,subClassOf,Core Monitoring Parameter,[inferred] Chain-of-Layer: Mean Intracranial Pressure is organized under Core Monitoring Parameter,accept_direct,,,,,Mean Intracranial Pressure is correctly classified as a subclass of Core Monitoring Parameter.,0.9,,,
351,hierarchy,Mean Cerebral Perfusion Pressure,subClassOf,Core Monitoring Parameter,[inferred] Chain-of-Layer: Mean Cerebral Perfusion Pressure is organized under Core Monitoring Parameter,accept_direct,,,,,Mean Cerebral Perfusion Pressure is correctly classified as a Core Monitoring Parameter.,0.9,,,
352,hierarchy,Pressure Reactivity Index (PRx),subClassOf,Core Monitoring Parameter,[inferred] Chain-of-Layer: Pressure Reactivity Index (PRx) is organized under Core Monitoring Parameter,accept_direct,,,,,The triple correctly identifies PRx as a subclass of Core Monitoring Parameter based on the provided evidence.,0.9,,,
353,hierarchy,Monitoring Time,subClassOf,Monitoring Data,[inferred] Chain-of-Layer: Monitoring Time is organized under Monitoring Data,accept_direct,,,,,"Monitoring Time is a specific aspect of Monitoring Data, making the subclass relationship valid.",0.9,,,
354,hierarchy,Baseline Therapy,subClassOf,Therapy,[inferred] Chain-of-Layer: Baseline Therapy is organized under Therapy,accept_direct,,,,,The triple correctly represents a direct subclass relationship between Baseline Therapy and Therapy.,0.9,,,
355,hierarchy,Barbiturates,subClassOf,Secondary Insult Therapy,[inferred] Chain-of-Layer: Barbiturates is organized under Baseline Therapy,reject,,,,,Barbiturates are not a subclass of Secondary Insult Therapy; they serve different purposes in clinical practice.,1.0,,,
356,hierarchy,Traumatic Brain Injury,subClassOf,Condition,[inferred] Chain-of-Layer: Traumatic Brain Injury is organized under Condition,reject,,,,,Traumatic Brain Injury is not a subclass of Condition as defined here; they are distinct entities.,0.9,,,
357,hierarchy,Sepsis,subClassOf,Condition,[inferred] Chain-of-Layer: Sepsis is organized under Condition,reject,,,,,Sepsis is not a type of stroke and does not belong under the class Condition as defined here.,0.9,,,
358,hierarchy,Septic Shock,subClassOf,Condition,[inferred] Chain-of-Layer: Septic Shock is organized under Condition,reject,,,,,Septic Shock is not a type of stroke and is clinically distinct from the defined Condition.,0.9,,,
359,hierarchy,GCS Assessment,subClassOf,Clinical Assessment,[inferred] Chain-of-Layer: GCS Assessment is organized under Outcome,accept_direct,,,,,"GCS Assessment is a specific type of Clinical Assessment, correctly reflecting a direct subclass relationship.",0.9,,,
360,hierarchy,Guideline Adherence,subClassOf,Guideline,[inferred] Chain-of-Layer: Guideline Adherence is organized under Guideline,accept_direct,,,,,The triple correctly represents a direct subclass relationship between Guideline Adherence and Guideline.,0.9,,,
361,hierarchy,Cerebrovascular Autoregulation,subClassOf,Condition,[inferred] Cerebrovascular Autoregulation is a subclass of Condition (deterministic hierarchy checklist).,reject,,,,,"Cerebrovascular Autoregulation is not a subclass of Condition; it is a physiological mechanism, not a type of stroke.",1.0,,,
362,hierarchy,Haematocrit,subClassOf,Haematology,the physiological vital functions are extensively monitored.,reject,,,,,The relationship between Haematocrit and Haematology is not accurately represented as a subclass relationship.,0.7,,,low_evidence
363,hierarchy,TCD,subClassOf,Optional Monitoring Parameter,the physiological vital functions are extensively monitored.,reject,,,,,The relationship between TCD and Optional Monitoring Parameter is not semantically correct as TCD is not a subclass of monitoring parameters.,0.9,,,
364,hierarchy,Optional Monitoring Parameter,subClassOf,Monitoring Data,the physiological vital functions are extensively monitored.,accept_direct,,,,,The relationship between Optional Monitoring Parameter and Monitoring Data is correctly defined as a subclass relation.,0.9,,,
365,hierarchy,Intracranial Pressure (ICP),subClassOf,Core Monitoring Parameter,the physiological vital functions are extensively monitored.,accept_direct,,,,,Intracranial Pressure is a specific type of Core Monitoring Parameter in the context of neurointensive care.,0.9,,,
366,hierarchy,Removal of Foreign Body,subClassOf,Surgical Procedure,the physiological vital functions are extensively monitored.,accept_direct,,,,,The triple correctly identifies a subclass relationship between the removal of foreign body and surgical procedures in the neuro-ICU context.,0.9,,,
367,hierarchy,Peripheral Temperature,subClassOf,Optional Monitoring Parameter,the physiological vital functions are extensively monitored.,reject,,,,,The relationship between Peripheral Temperature and Optional Monitoring Parameter is not clinically plausible as defined.,0.9,,,
368,hierarchy,Sodium,subClassOf,Biochemistry,the physiological vital functions are extensively monitored.,reject,,,,,The relationship between Sodium and Biochemistry is not accurately represented as a subclass relation.,0.7,,,low_evidence
369,hierarchy,Fluids,subClassOf,Baseline Therapy,the physiological vital functions are extensively monitored.,reject,,,,,The relationship between Fluids and Baseline Therapy is not clinically plausible as they represent different concepts.,0.9,,,
370,hierarchy,Extra Ventricular Drain Placement,subClassOf,Surgical Procedure,the physiological vital functions are extensively monitored.,reject,,,,,Extra Ventricular Drain Placement is not a subclass of Surgical Procedure as defined; it is a specific procedure rather than a general category.,0.9,,,
371,hierarchy,EtCO2,subClassOf,Optional Monitoring Parameter,the physiological vital functions are extensively monitored.,accept_direct,,,,,EtCO2 is a specific parameter that can be categorized under optional monitoring parameters in the context of neuro-ICU.,0.9,,,
372,hierarchy,SjO2,subClassOf,Optional Monitoring Parameter,the physiological vital functions are extensively monitored.,reject,,,,,SjO2 is not a subclass of Optional Monitoring Parameter as defined in the context.,0.9,,,
373,hierarchy,Blood Gases,subClassOf,Laboratory Values,the physiological vital functions are extensively monitored.,reject,,,,,Blood gases are not a subclass of routine laboratory tests; they are a specific type of laboratory value.,0.9,,,
374,hierarchy,Haemoglobin,subClassOf,Haematology,the physiological vital functions are extensively monitored.,reject,,,,,Haemoglobin concentration is not a subclass of Haematology; it is a specific measurement within the field.,0.9,,,
375,hierarchy,Glucose,subClassOf,Biochemistry,the physiological vital functions are extensively monitored.,reject,,,,,Glucose is not a subclass of Biochemistry; it is a compound studied within the field.,0.9,,,
376,hierarchy,Anterior Fossa Repair,subClassOf,Surgical Procedure,the physiological vital functions are extensively monitored.,accept_direct,,,,,The triple correctly identifies Anterior Fossa Repair as a subclass of Surgical Procedure in the neuro-ICU context.,0.9,,,
377,hierarchy,Secondary Insult Treatment,subClassOf,Secondary Insult Therapy,the physiological vital functions are extensively monitored.,reject,,,,,"The terms 'Secondary Insult Treatment' and 'Secondary Insult Therapy' are not synonymous, making the subclass relationship incorrect.",0.9,,,
378,hierarchy,NIBP,subClassOf,Optional Monitoring Parameter,the physiological vital functions are extensively monitored.,accept_direct,,,,,NIBP is correctly classified as a subclass of Optional Monitoring Parameter in the context of BrainIT.,0.9,,,
379,hierarchy,Hypotension,subClassOf,Condition,the physiological vital functions are extensively monitored.,reject,,,,,"Hypotension is not a type of stroke, making the subclass relationship incorrect.",0.9,,,
380,hierarchy,Haematology,subClassOf,Laboratory Values,the physiological vital functions are extensively monitored.,reject,,,,,Haematology is not a subclass of Laboratory Values as they represent different domains of study.,0.9,,,
381,hierarchy,Sedation,subClassOf,Baseline Therapy,the physiological vital functions are extensively monitored.,reject,,,,,"Sedation level management is not a subclass of Baseline Therapy, as they represent different concepts.",0.9,,,
382,hierarchy,CT Scan Assessment,subClassOf,Clinical Assessment,the physiological vital functions are extensively monitored.,reject,,,,,The relationship between CT Scan Assessment and Clinical Assessment is not semantically correct as they represent different evaluation contexts.,0.9,,,
383,hierarchy,Hypotension,subClassOf,Septic Shock,Duration of hypotension before initiation of effective antimicrobial therapy is the critical determinant of survival in human septic shock.,reject,,,,,Hypotension is not a subclass of Septic Shock; they are distinct conditions.,0.9,,,
384,hierarchy,Hypoperfusion,subClassOf,Cerebrovascular Autoregulation,secondary ischemic damage from associated hypoperfusion.,reject,,,,,Hypoperfusion is not a subclass of Cerebrovascular Autoregulation; they represent different concepts in cerebrovascular physiology.,0.9,,,
385,hierarchy,Cardiac Output,subClassOf,Optional Monitoring Parameter,Domain-scope scaffolding: Cardiac Output is a known subclass of Optional Monitoring Parameter in the BrainIT domain.,accept_direct,,,,,The triple correctly represents the subclass relationship as stated in the evidence provided.,0.9,,,
386,hierarchy,Nutrition,subClassOf,Baseline Therapy,Domain-scope scaffolding: Nutrition is a known subclass of Baseline Therapy in the BrainIT domain.,reject,,,,,Nutrition is not a subclass of Baseline Therapy; the relationship is clinically implausible.,0.9,,,
387,hierarchy,Pupil Assessment,subClassOf,Clinical Assessment,Domain-scope scaffolding: Pupil Assessment is a known subclass of Clinical Assessment in the BrainIT domain.,accept_direct,,,,,The triple correctly identifies Pupil Assessment as a subclass of Clinical Assessment based on the provided evidence.,0.9,,,
388,hierarchy,Potassium,subClassOf,Biochemistry,Domain-scope scaffolding: Potassium is a known subclass of Biochemistry in the BrainIT domain.,reject,,,,,Potassium is not a subclass of Biochemistry; it is a specific element measured within biochemistry.,0.9,,,
389,hierarchy,Possible Error,subClassOf,Data Quality Assessment,Domain-scope scaffolding: Possible Error is a known subclass of Data Quality Assessment in the BrainIT domain.,accept_direct,,,,,The triple correctly identifies Possible Error as a subclass of Data Quality Assessment based on the provided evidence.,0.9,,,
390,hierarchy,Hypertension,subClassOf,Condition,Schema-inferred: Hypertension is a subclass of Condition.,reject,,,,,Hypertension is not a type of stroke and cannot be classified as a subclass of Condition defined as a stroke.,0.9,,,
391,hierarchy,Biochemistry,subClassOf,Laboratory Values,Schema-inferred: Biochemistry is a subclass of Laboratory Values.,reject,,,,,Biochemistry is not a subclass of Laboratory Values; they are distinct concepts.,0.9,,,
392,hierarchy,Arterial Pressors,subClassOf,Secondary Insult Therapy,Schema-inferred: Arterial Pressors is a subclass of Secondary Insult Therapy.,accept_direct,,,,,The triple correctly identifies Arterial Pressors as a subclass of Secondary Insult Therapy based on the provided evidence.,0.9,,,
393,hierarchy,Secondary Insult Therapy,subClassOf,Therapy,Schema-inferred: Secondary Insult Therapy is a subclass of Therapy.,accept_direct,,,,,The triple accurately represents a direct subclass relationship between Secondary Insult Therapy and Therapy.,0.9,,,
394,hierarchy,Intracranial Hypertension,subClassOf,Secondary Insult,Schema-inferred: Intracranial Hypertension is a subclass of Secondary Insult.,reject,,,,,Intracranial Hypertension is not a subclass of Secondary Insult; it is a condition that can result from such insults.,0.9,,,
395,hierarchy,Jugular Venous Desaturation,subClassOf,Secondary Insult,Schema-inferred: Jugular Venous Desaturation is a subclass of Secondary Insult.,reject,,,,,Jugular Venous Desaturation is not a subclass of Secondary Insult as they represent different concepts.,0.9,,,
396,hierarchy,GOSe Outcome,subClassOf,Outcome,Schema-inferred: GOSe Outcome is a subclass of Outcome.,accept_direct,,,,,The triple correctly represents GOSe Outcome as a subclass of Outcome based on the provided evidence.,0.9,,,
397,hierarchy,CVP,subClassOf,Optional Monitoring Parameter,Schema-inferred: Central Venous Pressure is a subclass of Optional Monitoring Parameter.,accept_direct,,,,,The triple correctly identifies Central Venous Pressure as a subclass of Optional Monitoring Parameter.,0.9,,,
398,hierarchy,Acute Respiratory Distress Syndrome,subClassOf,Secondary Insult,Schema-inferred: Acute Respiratory Distress Syndrome is a subclass of Secondary Insult.,reject,,,,,Acute Respiratory Distress Syndrome is not a subclass of Secondary Insult; they represent different clinical concepts.,0.9,,,
399,hierarchy,Traumatic Brain Injury,subClassOf,Brain Injury,Traumatic brain injury (TBI) is a leading cause of death and long-term disability worldwide.,accept_direct,,,,,The triple correctly identifies Traumatic Brain Injury as a subclass of Brain Injury based on established definitions.,0.9,,,
400,hierarchy,Condition,subClassOf,Mortality,"Clinical management of this population is focused on minimising tivity, disease severity and mortality is related to the partial pressure of any secondary injury, such as ischemia or raised intracranial pressure brain tissue oxygen (PbtO2) .",reject,,,,,The relationship between Condition and Mortality is incorrectly classified as a subclass relationship.,0.9,,,
401,hierarchy,Arterial Hypotension,subClassOf,Secondary Insult,[inferred] Arterial Hypotension is a subclass of Secondary Insult (deterministic hierarchy checklist).,reject,,,,,Arterial Hypotension is not a subclass of Secondary Insult; it is a condition that can lead to secondary insults.,0.9,,,
402,hierarchy,Brain Injury,subClassOf,Condition,[inferred] Chain-of-Layer: Brain Injury is organized under Condition,reject,,,,,Brain Injury is not a subclass of Condition as defined; they are distinct concepts.,0.9,,,
403,hierarchy,Secondary Brain Injury,subClassOf,Brain Injury,[inferred] Chain-of-Layer: Secondary Brain Injury is organized under Brain Injury,accept_direct,,,,,The triple correctly represents a direct subclass relationship between Secondary Brain Injury and Brain Injury.,0.9,,,
404,hierarchy,Cerebrovascular Autoregulation,subClassOf,Secondary Insult,[inferred] Chain-of-Layer: Cerebrovascular Autoregulation is organized under Secondary Insult,reject,,,,,Cerebrovascular Autoregulation is not a subclass of Secondary Insult; they represent different concepts.,0.9,,,
405,hierarchy,Adverse Event,subClassOf,Condition,[inferred] Chain-of-Layer: Adverse Event is organized under Condition,reject,,,,,Adverse Event is not a subclass of Condition; they represent different concepts in medical terminology.,0.9,,,
406,hierarchy,Heart Rate,subClassOf,Physiological Data,[inferred] Chain-of-Layer: Heart Rate is organized under Physiological Data,accept_direct,,,,,Heart Rate is correctly classified as a subclass of Physiological Data.,0.9,,,
407,hierarchy,Mean Arterial Pressure (MAP),subClassOf,Physiological Data,[inferred] Chain-of-Layer: Mean Arterial Pressure (MAP) is organized under Physiological Data,accept_direct,,,,,Mean Arterial Pressure (MAP) is correctly classified as a subclass of Physiological Data.,0.9,,,
408,hierarchy,Intracranial Pressure (ICP),subClassOf,Physiological Data,[inferred] Chain-of-Layer: ICP is organized under Physiological Data,accept_direct,,,,,The triple correctly identifies ICP as a subclass of Physiological Data based on its definition and relevance in neurological assessments.,0.9,,,
409,hierarchy,Cerebral Perfusion Pressure (CPP),subClassOf,Physiological Data,[inferred] Chain-of-Layer: CPP is organized under Physiological Data,accept_direct,,,,,"Cerebral Perfusion Pressure is a specific type of physiological data, making the subclass relationship valid.",0.9,,,
410,hierarchy,Carbon Dioxide,subClassOf,Physiological Data,[inferred] Chain-of-Layer: Carbon Dioxide is organized under Physiological Data,accept_direct,,,,,Carbon Dioxide is a specific type of Physiological Data related to respiratory function.,0.9,,,
411,hierarchy,PbrO2,subClassOf,Physiological Data,[inferred] Chain-of-Layer: Pbro2 is organized under Physiological Data,accept_direct,,,,,PbrO2 is correctly classified as a type of Physiological Data.,0.9,,,
412,hierarchy,Partial Pressure of Brain Tissue Oxygen,subClassOf,Physiological Data,[inferred] Chain-of-Layer: Partial Pressure of Brain Tissue Oxygen is organized under Physiological Data,accept_direct,,,,,The triple correctly identifies Partial Pressure of Brain Tissue Oxygen as a subclass of Physiological Data.,0.9,,,
413,hierarchy,Partial Pressure of Carbon Dioxide,subClassOf,Physiological Data,[inferred] Chain-of-Layer: Partial Pressure of Carbon Dioxide is organized under Physiological Data,accept_direct,,,,,Partial Pressure of Carbon Dioxide is correctly classified as a type of Physiological Data.,0.9,,,
414,hierarchy,Hypothermia Therapy,subClassOf,Baseline Therapy,[inferred] Chain-of-Layer: Hypothermia Therapy is organized under Therapy,reject,,,,,Hypothermia Therapy is not a subclass of Baseline Therapy as they represent different concepts in treatment.,0.9,,,
415,hierarchy,Patient Interventions,subClassOf,Therapy,[inferred] Chain-of-Layer: Patient Interventions is organized under Therapy,accept_direct,,,,,The triple correctly represents a direct subclass relationship between Patient Interventions and Therapy.,0.9,,,
416,hierarchy,Guideline Adherence,subClassOf,Clinical Practice,[inferred] Chain-of-Layer: Guideline Adherence is organized under Clinical Practice,accept_direct,,,,,"Guideline Adherence is a specific aspect of Clinical Practice, making the hierarchy correct.",0.9,,,
417,hierarchy,Clinical Reminders,subClassOf,Clinical Practice,[inferred] Chain-of-Layer: Clinical Reminders is organized under Clinical Practice,accept_direct,,,,,The triple correctly represents Clinical Reminders as a subclass of Clinical Practice based on the provided evidence.,0.9,,,
418,hierarchy,Outcome Score,subClassOf,Outcome,[inferred] Chain-of-Layer: Outcome Score is organized under Outcome,accept_direct,,,,,The triple correctly identifies Outcome Score as a subclass of Outcome based on the provided evidence.,0.9,,,
419,hierarchy,Mortality,subClassOf,Outcome,[inferred] Mortality is a subclass of Outcome (deterministic hierarchy checklist).,accept_direct,,,,,Mortality is correctly classified as a subclass of Outcome in clinical studies.,0.9,,,
420,hierarchy,Pressure Reactivity Index (PRx),subClassOf,Derived Parameter,derived index reflecting cerebrovascular pressure reactivity,accept_direct,,,,,"PRx is a derived parameter that assesses cerebrovascular pressure reactivity, fitting the subclass relationship.",0.9,,,
421,hierarchy,Physiotherapy,subClassOf,Nursing Intervention,[inferred] Physiotherapy is a subclass of Nursing Intervention.,accept_direct,,,,,Physiotherapy is correctly classified as a subclass of Nursing Intervention in the context of ICU management.,0.9,,,
422,hierarchy,ICP Sensor Placement,subClassOf,Surgical Procedure,placement of ICP monitoring sensor,accept_direct,,,,,The placement of ICP monitoring sensor is a specific type of surgical procedure in the neuro-ICU context.,0.9,,,
423,hierarchy,White Blood Cell Count,subClassOf,Haematology,[inferred] White Blood Cell Count is a subclass of Haematology.,accept_direct,,,,,White Blood Cell Count is correctly classified under Haematology as a specific aspect of blood analysis.,0.9,,,
424,hierarchy,Analgesia,subClassOf,Baseline Therapy,[inferred] Analgesia is a subclass of Baseline Therapy.,reject,,,,,Analgesia is not a subclass of Baseline Therapy as defined; they are distinct concepts.,0.9,,,
425,hierarchy,Noradrenaline,subClassOf,Vasopressors,[inferred] Noradrenaline is a subclass of Vasopressors.,accept_direct,,,,,"Noradrenaline is indeed a subclass of Vasopressors, as it is used to raise blood pressure in critical care.",0.9,,,
426,hierarchy,Anti-pyretics,subClassOf,Baseline Therapy,[inferred] Anti-pyretics is a subclass of Baseline Therapy.,reject,,,,,Anti-pyretics are not a subclass of Baseline Therapy as defined; they serve a different purpose in treatment.,0.9,,,
427,hierarchy,Paralysis,subClassOf,Baseline Therapy,[inferred] Paralysis is a subclass of Baseline Therapy.,reject,,,,,"Paralysis is not a subclass of Baseline Therapy, as they represent different concepts in clinical practice.",1.0,,,
428,hierarchy,Anti-hypertensives,subClassOf,Baseline Therapy,[inferred] Anti-hypertensives is a subclass of Baseline Therapy.,reject,,,,,"Anti-hypertensives are not a subclass of Baseline Therapy, as they serve a different therapeutic purpose.",0.9,,,
429,hierarchy,Osmotics,subClassOf,Secondary Insult Therapy,[inferred] Osmotics is a subclass of Secondary Insult Therapy.,accept_direct,,,,,Osmotics is correctly classified as a subclass of Secondary Insult Therapy based on the provided definition.,0.9,,,
430,hierarchy,Skull Fracture Elevation,subClassOf,Surgical Procedure,[inferred] Skull Fracture Elevation is a subclass of Surgical Procedure.,accept_direct,,,,,The triple correctly identifies Skull Fracture Elevation as a subclass of Surgical Procedure based on the provided evidence.,0.9,,,
431,hierarchy,Cerebral Perfusion Pressure (CPP),subClassOf,Derived Parameter,Cerebral Perfusion Pressure (CPP) management,accept_direct,,,,,Cerebral Perfusion Pressure (CPP) is correctly classified as a subclass of Derived Parameter.,0.9,,,
432,hierarchy,Patient Transport,subClassOf,Nursing Intervention,[inferred] Patient Transport is a subclass of Nursing Intervention.,accept_direct,,,,,The triple correctly identifies Patient Transport as a subclass of Nursing Intervention based on the provided evidence.,0.9,,,
433,hierarchy,Systemic Hypotension,subClassOf,Secondary Insult,[inferred] Systemic Hypotension is a subclass of Secondary Insult.,reject,,,,,Systemic Hypotension is not a subclass of Secondary Insult; it is a condition that can lead to secondary insults.,0.9,,,
434,hierarchy,Ventilation,subClassOf,Baseline Therapy,[inferred] Ventilation is a subclass of Baseline Therapy.,reject,,,,,Ventilation is not a subclass of Baseline Therapy as they represent different concepts in clinical practice.,0.9,,,
435,hierarchy,Routine Nursing Care,subClassOf,Nursing Intervention,routine nursing care,accept_direct,,,,,"Routine Nursing Care is a specific type of Nursing Intervention, making the subclass relationship valid.",0.9,,,
436,hierarchy,Antibiotics,subClassOf,Baseline Therapy,[inferred] Antibiotics is a subclass of Baseline Therapy.,reject,,,,,"Antibiotics cannot be classified as a subclass of Baseline Therapy, as they serve different clinical purposes.",0.9,,,
437,hierarchy,Hypotension,subClassOf,Secondary Insult,Hypotension is a recognized secondary insult after traumatic brain injury (TBI).,accept_indirect,,,,,"Hypotension is a recognized secondary insult, indicating a multi-level relationship in the hierarchy.",0.8,,,
438,hierarchy,Steroids,subClassOf,Secondary Insult Therapy,Domain-scope scaffolding: Steroids is a known subclass of Secondary Insult Therapy in the BrainIT domain.,reject,,,,,Steroids are not a subclass of Secondary Insult Therapy; this relationship is clinically implausible.,0.9,,,
439,hierarchy,Arterial Hypotension,subClassOf,Systemic Hypotension,Schema-inferred: Arterial Hypotension is a subclass of Systemic Hypotension.,reject,,,,,"Arterial Hypotension is not a subclass of Systemic Hypotension, as they represent different clinical concepts.",0.9,,,
440,hierarchy,PbrO2,subClassOf,Optional Monitoring Parameter,Schema-inferred: Brain Tissue Oxygen is a subclass of Optional Monitoring Parameter.,accept_direct,,,,,The triple correctly represents the subclass relationship between PbrO2 and Optional Monitoring Parameter as stated in the evidence.,0.9,,,
441,hierarchy,Electrocardiogram (ECG),subClassOf,Monitoring Data,"Minute by minute monitoring data This is the minimum minute by minute monitoring data required for inclusion in the Brain Monitoring with Information Technology (BrainIT) Database and include: Heart Rate (specifying source: Electrocardiogram (ECG) or Pulse Oximetry), Respiration Rate (sources: impedance plethmography or ventilator), Mean Arterial Pressure, mean Intracranial Pressure (ICP), Pulse Oximetry (SaO2) and Temperature (sources: rectal=oesophageal= bladder=skin.) I.",accept_direct,,,,,The triple correctly identifies Electrocardiogram (ECG) as a subclass of Monitoring Data based on the provided evidence.,0.9,,,
442,hierarchy,Respiration Rate,subClassOf,Core Monitoring Parameter,"Minute by minute monitoring data This is the minimum minute by minute monitoring data required for inclusion in the Brain Monitoring with Information Technology (BrainIT) Database and include: Heart Rate (specifying source: Electrocardiogram (ECG) or Pulse Oximetry), Respiration Rate (sources: impedance plethmography or ventilator), Mean Arterial Pressure, mean Intracranial Pressure (ICP), Pulse Oximetry (SaO2) and Temperature (sources: rectal=oesophageal= bladder=skin.) I.",accept_direct,,,,,"Respiration Rate is a specific type of Core Monitoring Parameter, confirming a direct subclass relationship.",0.9,,,
443,hierarchy,Mean Arterial Pressure (MAP),subClassOf,Monitoring Data,"Minute by minute monitoring data This is the minimum minute by minute monitoring data required for inclusion in the Brain Monitoring with Information Technology (BrainIT) Database and include: Heart Rate (specifying source: Electrocardiogram (ECG) or Pulse Oximetry), Respiration Rate (sources: impedance plethmography or ventilator), Mean Arterial Pressure, mean Intracranial Pressure (ICP), Pulse Oximetry (SaO2) and Temperature (sources: rectal=oesophageal= bladder=skin.) I.",accept_direct,,,,,Mean Arterial Pressure is a specific type of Monitoring Data in the context of neurointensive care.,0.9,,,
444,hierarchy,SaO2,subClassOf,Monitoring Data,"Minute by minute monitoring data This is the minimum minute by minute monitoring data required for inclusion in the Brain Monitoring with Information Technology (BrainIT) Database and include: Heart Rate (specifying source: Electrocardiogram (ECG) or Pulse Oximetry), Respiration Rate (sources: impedance plethmography or ventilator), Mean Arterial Pressure, mean Intracranial Pressure (ICP), Pulse Oximetry (SaO2) and Temperature (sources: rectal=oesophageal= bladder=skin.) I.",accept_direct,,,,,SaO2 is a specific type of monitoring data used to assess physiological parameters.,0.9,,,
445,hierarchy,Temperature,subClassOf,Core Monitoring Parameter,"Minute by minute monitoring data This is the minimum minute by minute monitoring data required for inclusion in the Brain Monitoring with Information Technology (BrainIT) Database and include: Heart Rate (specifying source: Electrocardiogram (ECG) or Pulse Oximetry), Respiration Rate (sources: impedance plethmography or ventilator), Mean Arterial Pressure, mean Intracranial Pressure (ICP), Pulse Oximetry (SaO2) and Temperature (sources: rectal=oesophageal= bladder=skin.) I.",accept_direct,,,,,Temperature is a specific type of Core Monitoring Parameter.,0.9,,,
446,hierarchy,Reading,subClassOf,Observation,define pd:Reading as a subclass of ssn:ObservationValue,accept_direct,,,,,The triple correctly represents Reading as a subclass of Observation based on the provided definition.,0.9,,,
447,hierarchy,Parameter,subClassOf,Observation,pd:Parameter (representing things that were recorded) as a subclass of ssn:Property,reject,,,,,The relationship between Parameter and Observation is incorrectly defined; they are not in a direct subclass hierarchy.,0.9,,,
448,hierarchy,Machine,subClassOf,Sensor,defined mms:Machine as a subclass of ssn:Platform,reject,,,,,The relationship between Machine and Sensor is not correctly represented as a subclass relation based on the provided evidence.,0.7,,,low_evidence
449,hierarchy,SaO2,subClassOf,Core Monitoring Parameter,[inferred] Chain-of-Layer: Sao2 is organized under Core Monitoring Parameter,accept_direct,,,,,The triple correctly identifies SaO2 as a subclass of Core Monitoring Parameter based on the provided evidence.,0.9,,,
450,hierarchy,Cerebral Perfusion Pressure (CPP),subClassOf,Core Monitoring Parameter,[inferred] Chain-of-Layer: Cerebral Perfusion Pressure (CPP) is organized under Core Monitoring Parameter,accept_direct,,,,,Cerebral Perfusion Pressure (CPP) is correctly classified as a Core Monitoring Parameter.,0.9,,,
451,hierarchy,CVP,subClassOf,Core Monitoring Parameter,[inferred] Chain-of-Layer: CVP is organized under Core Monitoring Parameter,accept_direct,,,,,The triple correctly identifies CVP as a subclass of Core Monitoring Parameter based on the provided evidence.,0.9,,,
452,hierarchy,Head Injury,subClassOf,Brain Injury,[inferred] Chain-of-Layer: Head Injury is organized under Brain Injury,accept_direct,,,,,"Head Injury is a specific type of Brain Injury, making the subclass relationship accurate.",0.9,,,
453,hierarchy,Neurological Injury,subClassOf,Brain Injury,[inferred] Chain-of-Layer: Neurological Injury is organized under Brain Injury,reject,,,,,"Neurological Injury is not a subclass of Brain Injury, as it encompasses a broader range of conditions.",0.9,,,
454,hierarchy,Coma,subClassOf,Brain Injury,[inferred] Chain-of-Layer: Coma is organized under Brain Injury,reject,,,,,"Coma is not a subclass of Brain Injury; it is a condition that can result from various causes, including brain injury.",0.9,,,
455,hierarchy,Hypertension,subClassOf,Secondary Insult,[inferred] Chain-of-Layer: Hypertension is organized under Secondary Insult,reject,,,,,Hypertension is not a subclass of Secondary Insult; they are distinct clinical entities.,0.9,,,
456,hierarchy,Respiratory Distress Syndrome,subClassOf,Secondary Insult,[inferred] Chain-of-Layer: Respiratory Distress Syndrome is organized under Secondary Insult,reject,,,,,"Respiratory Distress Syndrome is not a subclass of Secondary Insult, as they represent different clinical concepts.",0.9,,,
457,hierarchy,Sepsis,subClassOf,Secondary Insult,[inferred] Chain-of-Layer: Sepsis is organized under Secondary Insult,reject,,,,,Sepsis is not a subclass of Secondary Insult; they represent different concepts in clinical care.,0.9,,,
458,hierarchy,Adrenaline,subClassOf,Therapy,[inferred] Chain-of-Layer: Adrenaline is organized under Therapy,reject,,,,,Adrenaline is not a subclass of Therapy; it is a substance used in therapies.,0.9,,,
459,hierarchy,Noradrenaline,subClassOf,Therapy,[inferred] Chain-of-Layer: Noradrenaline is organized under Therapy,reject,,,,,Noradrenaline is not a subclass of Therapy; it is a treatment rather than a type of therapy.,0.9,,,
460,hierarchy,Derived Parameter,subClassOf,Monitoring Data,[inferred] Derived Parameter is a subclass of Monitoring Data.,accept_direct,,,,,The triple correctly represents a subclass relationship between Derived Parameter and Monitoring Data as stated in the evidence.,0.9,,,
461,hierarchy,Probable Error,subClassOf,Data Quality Assessment,a reading outside its acceptable range with no contextual clinical explanation,reject,,,,,The relationship between 'Probable Error' and 'Data Quality Assessment' is not semantically correct as they belong to different contexts.,0.9,,,
462,hierarchy,Bedside Intervention,subClassOf,Nursing Intervention,"Line insertion/renewal, transducer calibration, x-ray",reject,,,,,"The triple incorrectly classifies Bedside Intervention as a subclass of Nursing Intervention, which is too specific and clinically implausible.",0.9,,,
463,hierarchy,Cerebral Perfusion Pressure (CPP),subClassOf,Parameter,Cerebral perfusion pressure (CPP 1/4 Blood Pressure (BP)-ICP) monitoring is a good example.,accept_direct,,,,,"Cerebral Perfusion Pressure is a specific type of Parameter, making the subclass relationship correct.",0.9,,,
464,hierarchy,Brain Temperature,subClassOf,Optional Monitoring Parameter,Domain-scope scaffolding: Brain Temperature is a known subclass of Optional Monitoring Parameter in the BrainIT domain.,accept_direct,,,,,The triple correctly identifies Brain Temperature as a subclass of Optional Monitoring Parameter based on provided evidence.,1.0,,,
465,hierarchy,Microdialysis,subClassOf,Optional Monitoring Parameter,Domain-scope scaffolding: Microdialysis is a known subclass of Optional Monitoring Parameter in the BrainIT domain.,accept_direct,,,,,The triple correctly identifies Microdialysis as a subclass of Optional Monitoring Parameter based on the provided evidence.,1.0,,,
466,hierarchy,Evacuation of Mass Lesion,subClassOf,Surgical Procedure,Domain-scope scaffolding: Evacuation of Mass Lesion is a known subclass of Surgical Procedure in the BrainIT domain.,accept_direct,,,,,The triple accurately represents a direct subclass relationship within the neuro-ICU domain.,1.0,,,
467,hierarchy,Adrenaline,subClassOf,Vasopressors,Schema-inferred: Adrenaline is a subclass of Vasopressors.,reject,,,,,"Adrenaline is not a subclass of Vasopressors; it is a specific medication that can be categorized under them, not a subclass.",0.9,,,
