triple_index,kind,subject,relation,object,evidence,verdict,revise_subtype,suggested_subject,suggested_relation,suggested_object,justification,confidence,stage_b_justification,stage_b_confidence,flags
0,relation,Decompressive Craniectomy,has outcome,Outcome,The outcome was captured at six months using the extended Glasgow Outcome Scale (GOSE).,accept_direct,,,,,The triple 'Decompressive Craniectomy hasOutcome Outcome' is semantically correct as surgical procedures can have patient outcomes directly associated with them.,0.9,,,
1,relation,Traumatic Brain Injury,targets condition,ICP,one of the cornerstones of brain-protective strategies is to reduce and control intracranial pressure (ICP),accept_indirect,,,,,"Traumatic Brain Injury indirectly influences ICP through its impact on cerebral perfusion, making the relationship valid via intermediate concepts.",0.85,,,
2,relation,Intracranial Hypertension,is associated with,Mortality,Uncontrollable intracranial hypertension is a major cause of death in patients with severe traumatic brain injury.,accept_direct,,,,,"Intracranial Hypertension is associated with Mortality, as uncontrollable intracranial hypertension is a major cause of death in TBI patients.",0.9,,,
3,relation,Intracranial Hypertension,targets condition,Decompressive Craniectomy,patients with intracranial hypertension treated conservatively were excluded.,accept_indirect,,,,,Intracranial Hypertension targets Decompressive Craniectomy indirectly through the relationship of treating conditions associated with elevated intracranial pressure.,0.85,,,
4,relation,GCS Assessment,assesses,Motor Impairment,The Glasgow Motors Score was used for assessing motor impairment.,accept_direct,,,,,"GCS Assessment directly assesses Motor Impairment, as supported by the evidence stating the Glasgow Motors Score is used for this purpose.",0.95,,,
5,relation,Pupil Assessment,monitoring indicates condition,Motor Impairment,Pupil abnormalities were seen in 34.4% of our patients.,reject,,,,,The relation 'monitoring indicates condition' does not hold between 'Pupil Assessment' and 'Motor Impairment'; they are not directly related in the ontology.,0.9,,,
6,relation,Secondary Insult,is associated with,Hypotension,"Hypoxia and arterial hypotension were found in 10.0% and 6.1%, respectively.",accept_direct,,,,,The relationship 'Secondary Insult is associated with Hypotension' is clinically valid as secondary insults can lead to conditions like hypotension in neurointensive care.,0.9,,,
7,relation,Traumatic Brain Injury,has outcome,Outcome,A more extensive description is provided in the Supplementary Appendix.,accept_direct,,,,,The triple 'Traumatic Brain Injury hasOutcome Outcome' is semantically correct as outcomes are measures related to TBI.,0.95,,,
8,relation,Traumatic Brain Injury,is treated with,Decompressive Craniectomy,Decompressive craniectomy (DC) as a last-tier intervention,accept_direct,,,,,The triple 'Traumatic Brain Injury is treated with Decompressive Craniectomy' holds directly as both are valid classes in the neurointensive care domain.,1.0,,,
9,relation,Decompressive Craniectomy,is monitored by,ICP,Mean intracranial pressure (ICP) pre-Decompressive craniectomy (DC),reject,,,,,The relation 'is monitored by' does not hold between 'Decompressive Craniectomy' and 'ICP' as a surgical procedure is not monitored by a parameter directly.,0.9,,,
10,relation,ICP,is influenced by,CPP,Mean intracranial pressure (ICP)/Cerebral Perfusion Pressure (CPP),accept_direct,,,,,The relationship 'ICP is influenced by CPP' is clinically valid as CPP directly affects ICP in neurointensive care contexts.,0.95,,,
11,relation,Decompressive Craniectomy,is administered during,Barbiturates,Decompressive craniectomy (DC) + thiopental can be referring to barbiturate administration,revise,4.5,Decompressive Craniectomy,receivesTherapy,Barbiturates,"The relation 'isAdministeredDuring' is not appropriate; 'Decompressive Craniectomy' should 'receivesTherapy' Barbiturates instead, as it is a surgical procedure that may involve drug administration.",0.85,The relation 'isAdministeredDuring' is incorrect; 'Decompressive Craniectomy' should 'receivesTherapy' Barbiturates as it involves drug administration during the procedure.,0.9,
12,relation,Decompressive Craniectomy,targets condition,Traumatic Intracranial Hypertension,Decompressive craniectomy (DC) in a patient-tailored combination with other second and third-tier therapies should maintain its place in the management of severe traumatic intracranial hypertension.,accept_direct,,,,,Decompressive Craniectomy targets Traumatic Intracranial Hypertension directly as a surgical procedure aimed at relieving pressure due to trauma.,0.95,,,
13,relation,Decompressive Craniectomy,has clinical assessment,GOSe Outcome,outcome was only evaluated in terms of robust extended Glasgow Outcome Scores,revise,4.4,Decompressive Craniectomy,hasOutcome,GOSe Outcome,The relation 'has clinical assessment' should be 'hasOutcome' as GOSe Outcome is an outcome measure related to the surgical procedure Decompressive Craniectomy.,0.85,The relation 'has clinical assessment' should be 'hasOutcome' as GOSe Outcome is an outcome measure related to Decompressive Craniectomy.,1.0,
14,relation,Decompressive Craniectomy,reduces,Mean Intracranial Pressure,it effectively reduces Mean intracranial pressure (ICP),accept_direct,,,,,"Decompressive Craniectomy directly reduces Mean Intracranial Pressure, as supported by the evidence provided.",0.95,,,
15,relation,ICP,has monitoring data,Traumatic Brain Injury,The BESTIntracranial pressure (ICP) monitoring is still considered to provide important information to detect and prevent secondary injury after severe Traumatic brain injury (TBI).,accept_direct,,,,,The relationship 'ICP hasMonitoringData Traumatic Brain Injury' is valid as ICP is monitored in the context of TBI assessments.,0.9,,,
16,relation,Intracranial Hypertension,receives therapy,GOSe Outcome,"Intracranial pressures above 20 mmHg lasting longer than 37 min in adults, and longer than 8 min in children, are associated with worse outcomes.",revise,4.3,Intracranial Hypertension,receivesTherapy,Baseline Therapy,The relation 'receives therapy' is incorrect as the object 'GOSe Outcome' is not a therapy; it should be replaced with a valid therapy class.,0.9,"GOSe Outcome is not a therapy; it should be replaced with Baseline Therapy, which is a valid therapy class.",1.0,
17,relation,CPP,has clinical assessment,Intracranial Hypertension,"When the cerebral perfusion pressure is below 50 mmHg, all intracranial pressure insults, regardless of duration, are associated with worse outcome.",revise,4.5,CPP,isMonitoredBy,Intracranial Hypertension,The relation 'has clinical assessment' is incorrect; it should be 'isMonitoredBy' since CPP is monitored to assess Intracranial Hypertension.,0.85,The relation 'has clinical assessment' should be 'isMonitoredBy' since CPP is monitored to assess Intracranial Hypertension.,1.0,
18,relation,ICP,has monitoring data,Monitoring Data,The BESTIntracranial pressure (ICP) and mean arterial blood pressure (MAP) monitoring data,accept_direct,,,,,The relationship 'ICP hasMonitoringData Monitoring Data' is valid as ICP is a monitored parameter and Monitoring Data encompasses all monitored values.,0.95,,,
19,relation,Monitoring Data,monitoring indicates condition,Condition,the percentage of monitoring time in the red zone during the first day only was a significant independent predictor of mortality,revise,4.4,Monitoring Data,hasMonitoringData,Condition,The relation 'monitoring indicates condition' should be revised to 'Monitoring Data hasMonitoringData Condition' as it aligns with the valid relationship structure.,0.7,The relation 'monitoring indicates condition' should be 'Monitoring Data hasMonitoringData Condition' to align with valid relationship structure.,1.0,low_evidence
20,relation,ICP,associated with condition,Condition,"when Cerebral Perfusion Pressure (CPP) was below 50 mmHg, almost all The BESTIntracranial pressure (ICP) insults were associated with worse outcome",reject,,,,,"The relationship 'ICP associated with Condition' is semantically incorrect; ICP is a parameter, not a condition, and does not directly associate with the class 'Condition'.",0.9,,,
21,relation,Traumatic Brain Injury,has monitoring data,Monitoring Data,"The present study autoregulation is intact, the transition curve shifts to the right.",accept_direct,,,,,The relationship 'Traumatic Brain Injury hasMonitoringData Monitoring Data' is semantically correct as TBI is monitored through various data parameters in neurointensive care.,0.9,,,
22,relation,Traumatic Brain Injury,is associated with,Secondary Brain Injury,"Cerebrovascular pressure autoregulation is often impaired in severe Traumatic brain injury (TBI), and such impairment is such as the relationship between physiological thresholds and outcome.",accept_direct,,,,,The relationship 'Traumatic Brain Injury is associated with Secondary Brain Injury' is clinically valid as secondary brain injury often follows primary TBI.,0.95,,,
23,relation,CPP,receives therapy,Traumatic Brain Injury,"One would expect such change in recommendation to be followed, and hence to lead to alterations in Cerebral Perfusion Pressure (CPP) policy across centres.",revise,4.3,CPP,isMonitoredBy,Traumatic Brain Injury,"The relation 'receivesTherapy' is incorrect as CPP is a parameter, not a therapy; it should be replaced with a valid therapy class instead.",0.7,"CPP is a parameter that is monitored in TBI patients, so the relation should reflect monitoring rather than therapy.",0.9,low_evidence
24,relation,CPP,has monitoring data,Monitoring Data,Cerebral perfusion pressure (CPP 1/4 Blood Pressure (BP)-ICP) monitoring is a good example.,accept_direct,,,,,The relationship 'CPP hasMonitoringData Monitoring Data' holds directly as CPP is a specific parameter monitored in neurointensive care.,0.95,,,
25,relation,Vasopressors,receives therapy,CPP,the non-beneficial effect of keeping Cerebral Perfusion Pressure (CPP) above 70 mmHg by administering high doses of vasopressors.,revise,4.4,Vasopressors,isMonitoredBy,CPP,The relation 'receives therapy' is incorrect as CPP is not a therapy; it should be 'isMonitoredBy' or a similar relation that fits the context.,0.85,The relation 'receives therapy' is incorrect as CPP is not a therapy; it should be 'isMonitoredBy' to reflect the appropriate monitoring context.,1.0,
26,relation,CPP,correlates with,Mean Arterial Pressure (MAP),Cerebral Perfusion Pressure (CPP) strongly correlated with Mean Arterial Pressure (MAP).,accept_direct,,,,,"CPP correlates with MAP as both are valid monitoring parameters in neurointensive care, reflecting their relationship in assessing brain perfusion.",0.95,,,
27,relation,CPP,receives therapy,ICP,it is influenced by Intracranial Pressure (ICP) variability,revise,4.3,CPP,isInfluencedBy,ICP,The relation 'receivesTherapy' is incorrect as 'CPP' is not a therapy; it should be replaced with a valid therapy class like 'Baseline Therapy'.,0.9,"CPP is influenced by ICP in the context of cerebral perfusion, making 'isInfluencedBy' the correct relation.",0.9,
28,relation,CPP,receives therapy,Mean Arterial Pressure (MAP),Mean Arterial Pressure (MAP) variability including,revise,4.4,CPP,isMonitoredBy,Mean Arterial Pressure,"CPP is a derived parameter and cannot receive therapy; the relation should be 'isMonitoredBy' or similar, with MAP as a monitoring parameter.",0.85,CPP cannot receive therapy; it should be monitored by MAP as a vital sign.,1.0,
29,relation,CPP,associates with,Acute Respiratory Distress Syndrome,acute respiratory distress syndrome (ARDS) reportedly associated with vasopressors,accept_indirect,,,,,"CPP is associated with secondary injury risk, and ARDS can be a consequence of secondary insults in TBI, creating an indirect relationship.",0.7,,,low_evidence
30,relation,CPP,follows,Guideline,the Brain Trauma Foundation (BTF) guidelines issued this year,revise,4.4,CPP,isMonitoredBy,Guideline,The relation 'follows' does not fit; 'CPP isMonitoredBy Guideline' would be more appropriate as guidelines inform clinical practice regarding monitoring parameters.,0.8,The relation 'follows' is incorrect; 'CPP isMonitoredBy Guideline' is appropriate as guidelines inform monitoring parameters.,1.0,
31,relation,Guideline Adherence,receives therapy,Traumatic Brain Injury,Guideline adherence and outcomes in severe adult traumatic brain injury,revise,4.5,Guideline Adherence,affectsOutcome,Traumatic Brain Injury,The relation 'receivesTherapy' is incorrect as 'Guideline Adherence' cannot receive therapy; it should be 'Guideline Adherence affects Outcome' instead.,0.85,The relation 'receivesTherapy' is incorrect; 'Guideline Adherence affects Outcome' is the correct relationship between the two classes.,1.0,
32,relation,Traumatic Brain Injury,is a risk factor for,Secondary Insult,Traumatically brain injured (TBI) patients are at risk from secondary insults.,accept_direct,,,,,"Traumatic Brain Injury is a recognized risk factor for Secondary Insult, supported by clinical literature.",0.9,,,
33,relation,Hypotension,is related to,Poor Outcome,"Arterial hypotension, critically low blood pressure, is one of the most dangerous secondary insults and is related to poor outcome in patients.",accept_direct,,,,,Hypotension is related to Poor Outcome as it is a known secondary insult that negatively impacts patient outcomes.,0.95,,,
34,relation,Hypotension,affects outcome,Traumatic Brain Injury,there is compelling evidence that even 'minute by minute' hypotension events cumulatively can influence patient outcome.,accept_direct,,,,,"Hypotension affects outcome in TBI patients, as supported by the evidence provided.",0.9,,,
35,relation,Hypotension,prognostic factor for,Head Injury,the cumulative duration of arterial hypotensive events is a prognostic factor for their clinical outcome following a head injury.,accept_direct,,,,,Hypotension is a prognostic factor for Head Injury as the evidence states that arterial hypotensive events affect clinical outcomes following head injury.,0.85,,,
36,relation,Hypotension,associated with condition,Condition,"for with the medical management of sepsis, it has been shown that duration of hypotension before initiation",reject,,,,,The relationship 'Hypotension associated with Condition' is incorrect as 'Condition' is too generic and does not specifically relate to 'Hypotension'.,0.7,,,low_evidence
37,relation,Traumatic Brain Injury,has monitoring data,Hypotension,both systolic and mean arterial pressure should be monitored and considered in the definition of hypotension,revise,4.4,Traumatic Brain Injury,isMonitoredBy,Hypotension,The relation 'has monitoring data' should be 'isMonitoredBy' since 'Hypotension' is monitored in the context of Traumatic Brain Injury.,0.85,The relation 'has monitoring data' should be 'isMonitoredBy' since 'Hypotension' is monitored in the context of 'Traumatic Brain Injury'.,1.0,
38,relation,Hypotension,is a condition of,Sepsis,"for with the medical management of sepsis, it has been shown that duration of hypotension before initiation",reject,,,,,The relation 'is a condition of' does not hold between 'Hypotension' and 'Sepsis'; they are distinct conditions without a direct hierarchical or causal relationship.,0.9,,,
39,relation,Sepsis,receives therapy,Hypotension,it has been shown that with each hour delay in treatment of hypotension leads to an increase in in-hospital mortality.,revise,4.3,Sepsis,receivesTherapy,Fluid Therapy,"The relation 'receivesTherapy' requires the object to be a Therapy; 'Hypotension' is a condition, not a therapy. It should be replaced with a valid therapy class.",0.9,"Hypotension is a condition, not a therapy; Fluid Therapy is a valid therapy for Sepsis.",0.9,
40,relation,Monitoring Data,has monitoring data,Monitoring Data,sophisticated patient monitoring systems can capture large volumes of streaming physiological data which continuously report on a patient's status.,reject,,,,,judge output unparseable; defaulted to reject,0.0,,,parse_error
41,relation,ICP,affects outcome,Hypotension,Impact of Intracranial Pressure (ICP) instability and hypotension on outcome in patients with severe head trauma.,accept_direct,,,,,The relationship 'ICP affects outcome Hypotension' is clinically valid as ICP instability can lead to poor outcomes in patients with hypotension.,0.95,,,
42,relation,Secondary Insult,worsens,Head Trauma,Measuring the burden of secondary insults in head-injured patients during intensive care.,reject,,,,,"The relationship 'worsens' does not hold between 'Secondary Insult' and 'Head Trauma'; secondary insults are complications, not direct consequences of head trauma.",0.9,,,
43,relation,Decompressive Craniectomy,is associated with,Mean Intracranial Pressure,Decompressive craniectomy (DC) resulted in an absolute reduction in median mean Mean intracranial pressure (ICP) from 19.5 group to 13.9 mmHg.,accept_direct,,,,,Decompressive Craniectomy is associated with Mean Intracranial Pressure as the procedure directly impacts ICP measurements in clinical practice.,0.95,,,
44,relation,Decompressive Craniectomy,is associated with,Cerebrovascular Autoregulation,"A control varying effect on Cerebral Perfusion Pressure (CPP) was seen, as well as a trend of reduction in median Pressure Reactivity Index (PRx).",accept_direct,,,,,"Decompressive Craniectomy is a surgical procedure that can be clinically associated with Cerebrovascular Autoregulation, as both relate to brain pressure management.",0.85,,,
45,relation,Decompressive Craniectomy,has monitoring data,Monitoring Data,"patient, injury and management variables including physiological monitoring data and administration of thiopental were analysed",revise,4.5,Decompressive Craniectomy,isMonitoredBy,Monitoring Data,The relation 'has monitoring data' should be changed to 'isMonitoredBy' as Monitoring Data is a method of assessment for the surgical procedure Decompressive Craniectomy.,0.9,The relation 'has monitoring data' should be 'isMonitoredBy' as Monitoring Data assesses the surgical procedure.,1.0,
46,relation,Decompressive Craniectomy,is associated with,ICP,uncontrollable intracranial hypertension is a major cause of death in patients with severe traumatic brain injury.,accept_direct,,,,,"Decompressive Craniectomy is directly associated with ICP as it relieves pressure on the brain, influencing intracranial pressure.",0.95,,,
47,relation,Decompressive Craniectomy,is treated with,Barbiturates,"Decompressive craniectomy (DC) was chosen as a next step, with or without first having applied third-tier medical therapy with barbiturates.",revise,4.4,Decompressive Craniectomy,isAdministeredDuring,Barbiturates,The relation 'is treated with' is not valid; it should be 'isAdministeredDuring' as Decompressive Craniectomy is a surgical procedure that can involve Barbiturates as part of the therapy.,0.85,The relation 'is treated with' should be 'isAdministeredDuring' as it accurately describes the administration of Barbiturates during the procedure.,1.0,
48,relation,Decompressive Craniectomy,affects outcome,Mortality,the results of RESCUEicp showed that Decompressive craniectomy (DC) resulted in lower mortality rates.,accept_direct,,,,,The relationship 'Decompressive Craniectomy affects Mortality' is supported by evidence indicating that this surgical procedure results in lower mortality rates.,0.95,,,
49,relation,Monitoring,has outcome,Outcome,the outcome was captured at six months using the extended Glasgow Outcome Scale (GOSE).,accept_direct,,,,,The relationship 'Monitoring hasOutcome Outcome' is semantically correct as monitoring directly relates to patient outcomes in neurointensive care.,0.95,,,
50,relation,Patient,has demographic data,Demographic Data,the collection of demographic data from traumatic brain injury (TBI) patients.,accept_direct,,,,,The relationship 'Patient has demographic data Demographic Data' is semantically correct as demographic data is collected for patients in neurointensive care.,0.9,,,
51,relation,Patient,has surgical procedure,Surgical Procedure,the physiological vital functions are extensively monitored.,accept_direct,,,,,The triple 'Patient has surgical procedure Surgical Procedure' holds directly as a patient can undergo a surgical procedure during ICU stay.,1.0,,,
52,relation,Patient,has monitoring data,Monitoring Data,"The Brain Monitoring with Information Technology (BrainIT) network provides a more standardised and higher resolution data collection mechanism for research groups, organisations and the device industry to conduct multi-centre trials of new health care technology in patients with traumatic brain injury.",accept_direct,,,,,The triple 'Patient hasMonitoringData Monitoring Data' holds directly as patients receive monitoring data in neurointensive care.,0.95,,,
53,relation,Patient,receives therapy,Therapy,the physiological vital functions are extensively monitored.,accept_direct,,,,,The triple 'Patient receives therapy Therapy' holds directly as it is standard for patients in neurointensive care to receive various therapies.,0.95,,,
54,relation,Therapy,targets condition,Condition,Therapeutic hypothermia reduces intracranial pressure and partial brain oxygen tension in patients with severe traumatic brain injury.,reject,,,,,The relation 'targetsCondition' does not hold between 'Therapy' and 'Condition'; therapies do not target conditions directly as per the defined ontology.,0.85,,,
55,relation,Patient,has clinical assessment,Clinical Assessment,the physiological vital functions are extensively monitored.,accept_direct,,,,,The triple 'Patient hasClinicalAssessment Clinical Assessment' holds directly as clinical assessments are performed on patients in neurointensive care.,0.95,,,
56,relation,Patient,has outcome,Outcome,the physiological vital functions are extensively monitored.,accept_direct,,,,,The triple 'Patient hasOutcome Outcome' is semantically correct as patient outcomes are standard measures in neurointensive care.,0.95,,,
57,relation,Patient,has laboratory value,Laboratory Values,the physiological vital functions are extensively monitored.,revise,4.6,Patient,hasLaboratoryValue,Laboratory Values,"The relation 'has laboratory value' should be 'hasLaboratoryValue' as the object 'Laboratory Values' represents a panel, not a specific analyte.",0.9,The relation label 'has laboratory value' contains a typo; it should be 'hasLaboratoryValue' as per BrainIT conventions.,1.0,
58,relation,Patient,has nursing intervention,Nursing Intervention,"Routine nursing care, physiotherapy, or bedside clinical activities",accept_direct,,,,,The triple 'Patient has nursing intervention Nursing Intervention' is semantically correct as nursing interventions are directly associated with patient care in neurointensive care.,0.95,,,
59,relation,Patient,has session,Session,a live clinical environment to test the data collection systems.,revise,4.5,Patient,hasMonitoringData,Session,The relation 'has session' should be replaced with 'hasMonitoringData' as it better reflects the relationship between Patient and Session in the context of continuous monitoring.,0.8,The relation 'has session' should be 'hasMonitoringData' to accurately reflect the continuous monitoring context.,0.9,
60,relation,Session,has timepoint,Timepoint,minute-by-minute physiological data from bedside monitors.,accept_direct,,,,,The triple 'Session hasTimepoint Timepoint' is semantically correct as a monitoring session consists of discrete timepoints.,0.95,,,
61,relation,Timepoint,has monitoring data,Observation,minute-by-minute physiological data from bedside monitors.,accept_direct,,,,,The relationship 'Timepoint hasMonitoringData Observation' holds directly as a Timepoint is associated with a set of sensor readings recorded as Observations.,0.95,,,
62,relation,Observation,measures parameter,Parameter,the physiological vital functions are extensively monitored.,accept_direct,,,,,Observation measures Parameter is a direct and valid relationship between the classes Observation and Parameter.,1.0,,,
63,relation,Observation,produced by sensor,Sensor,the physiological vital functions are extensively monitored.,accept_direct,,,,,"Observation is produced by Sensor, as Sensors are used to record physiological parameters, which aligns with the definitions provided.",0.95,,,
64,relation,Observation,has quality assessment,Data Quality Assessment,the physiological vital functions are extensively monitored.,accept_direct,,,,,Observation has quality assessment Data Quality Assessment is a valid direct relationship in the context of monitoring data quality in neurointensive care.,0.9,,,
65,relation,Data Quality Assessment,associated with condition,Condition,the physiological vital functions are extensively monitored.,revise,4.5,Data Quality Assessment,isARiskFactorFor,Condition,"The relation 'associated with' should be replaced with 'isARiskFactorFor' as Data Quality Assessment evaluates conditions, not directly associates with them.",0.8,The relation 'associated with' should be 'isARiskFactorFor' as Data Quality Assessment evaluates conditions.,0.9,
66,relation,Data Quality Assessment,receives therapy,Therapy,the physiological vital functions are extensively monitored.,revise,4.4,Data Quality Assessment,hasQualityAssessment,Therapy,The relation 'receivesTherapy' is inappropriate as 'Data Quality Assessment' is not a Therapy; it should be replaced with a valid assessment or monitoring relation.,0.7,The relation 'receivesTherapy' is incorrect; 'Data Quality Assessment' should be assessed using 'hasQualityAssessment' instead.,0.9,low_evidence
67,relation,Arterial Hypotension,receives therapy,Barbiturates,administration of hyperosmolar molecules were used at the discretion of the managing teams.,revise,4.3,Arterial Hypotension,receivesTherapy,Therapy,"The relation 'receives therapy' requires the object to be a Therapy; 'Barbiturates' should be classified as a subclass of Therapy, but the current relationship does not hold correctly.",0.85,"Barbiturates should be classified as a subclass of Therapy, correcting the relationship to reflect this hierarchy.",0.9,
68,relation,Brain Injury,is associated with,Traumatic Brain Injury,Decompressive craniectomy as a second/third-tier intervention in traumatic brain injury,accept_direct,,,,,The relationship 'Brain Injury is associated with Traumatic Brain Injury' holds directly as TBI is a specific type of brain injury.,0.95,,,
69,relation,CVP,has monitoring data,Monitoring Data,physiological monitoring data,accept_direct,,,,,"CVP is a physiological parameter and Monitoring Data encompasses data collected from patients to assess physiological parameters, making the relationship valid.",0.95,,,
70,relation,Clinical Outcome,has outcome,Outcome,demonstrated a decrease in mortality with similar rates of favorable outcome,accept_direct,,,,,The triple 'Clinical Outcome hasOutcome Outcome' holds directly as both classes are defined within the context of patient outcomes in neurointensive care.,0.95,,,
71,relation,Cranial Injuries,is a type of,Injuries,the occurrence of arterial hypotension (systolic pressure less than 90 mmHg) and hypoxia (SaO2 below 90%) at baseline,accept_direct,,,,,"Cranial Injuries is a subclass of Injuries, which is a valid direct relationship in the context of trauma.",0.95,,,
72,relation,Disability,is a type of,Clinical Outcome,the outcome was unfavorable in 51.4% and favorable in 48.6%,revise,4.5,Disability,affectsOutcome,Clinical Outcome,The relation 'is a type of' should be replaced with 'affectsOutcome' as Disability is a clinical outcome related to brain injuries.,0.85,"Disability is a clinical outcome related to brain injuries, so the relation should be affectsOutcome instead of is a type of.",0.95,
73,relation,Extracranial Injury,is a type of,Injuries,45.9% presented with an additional extracranial injury,revise,4.9,Extracranial Injury,subClassOf,Injuries,"The relation 'is a type of' should be 'subClassOf' as Extracranial Injury is a subclass of Injuries, aligning with the subclass hierarchy.",0.9,"Extracranial Injury is a subclass of Injuries, so the relation should be subClassOf according to the hierarchy in the domain context.",1.0,
74,relation,Intensive Care Management,is a type of,Condition,"In many neurointensive care centers, Decompressive craniectomy (DC) is being used in combination with other second/third-tier therapies.",reject,,,,,The relationship 'Intensive Care Management is a type of Condition' is semantically incorrect; Intensive Care Management is not a medical condition but a management category.,0.9,,,
75,relation,NIBP,is a type of,Monitoring Data,Mean arterial blood pressure (MAP) and Mean intracranial pressure (ICP),revise,4.4,NIBP,isMonitoredBy,Monitoring Data,The relation 'is a type of' should be 'isMonitoredBy' as NIBP is a parameter under Monitoring Data.,0.9,"NIBP is a parameter that is monitored by Monitoring Data, so the relation should be isMonitoredBy.",1.0,
76,relation,Pressure Reactivity Index (PRx),is a type of,Core Monitoring Parameter,Pressure Reactivity Index (PRx) is the moving correlation between mean arterial blood pressure (MAP) and Mean intracranial pressure (ICP).,revise,4.9,Pressure Reactivity Index (PRx),subClassOf,Monitoring Parameter,"PRx is a derived parameter, not a core monitoring parameter; the relation should reflect its classification as a subclass instead of a type.",0.9,"PRx is a derived parameter, thus it should be classified as a subclass of Monitoring Parameter instead of a type.",0.9,
77,relation,Hypotension,is treated with,Noradrenaline,the time and dose of a bolus of Noradrenaline,revise,4.4,Hypotension,receivesTherapy,Noradrenaline,The relation 'is treated with' should be changed to 'receivesTherapy' since Noradrenaline is a therapy used for treating Hypotension.,0.9,The relation 'is treated with' should be changed to 'receivesTherapy' since Noradrenaline is a therapy for treating Hypotension.,1.0,
78,relation,CPP,targets condition,Respiratory Distress Syndrome,Cerebral Perfusion Pressure (CPP) value to target lies within the range of 50-70 mm Hg.,reject,,,,,"The relationship 'CPP targets condition Respiratory Distress Syndrome' is semantically incorrect; CPP is a physiological parameter, not a therapy or intervention targeting a condition.",0.9,,,
79,relation,Traumatic Brain Injury,applies treatment,Osmotics,#2 - Hyperosmolar therapy,revise,4.4,Traumatic Brain Injury,receivesTherapy,Osmotics,The relation 'applies treatment' is not a valid BrainIT predicate; it should be replaced with 'receivesTherapy' to correctly link Traumatic Brain Injury and Osmotics as a therapy.,0.9,The relation 'applies treatment' is incorrect; it should be 'receivesTherapy' to accurately link Traumatic Brain Injury and Osmotics as a therapy.,1.0,
80,relation,Cerebrovascular Autoregulation,receives therapy,CPP,the presence (or not) of cerebral autoregulation,revise,4.5,Cerebrovascular Autoregulation,affectsOutcome,CPP,Cerebrovascular Autoregulation does not receive therapy; it should be related to CPP via a valid relation like 'affectsOutcome' or 'isAssociatedWith'.,0.9,"The relation 'receives therapy' is incorrect; 'Cerebrovascular Autoregulation' affects the outcome related to 'CPP', thus the relation should be 'affectsOutcome'.",0.9,
81,relation,ICP,receives therapy,Partial Pressure of Brain Tissue Oxygen,There is a statistically significant (p < 0.001) non-linear effect of Intracranial Pressure (ICP) on Regression model of partial pressure of brain tissue oxygen (PbtO2).,revise,4.5,ICP,isMonitoredBy,Partial Pressure of Brain Tissue Oxygen,ICP is a parameter and cannot 'receive therapy'; the relation should be changed to 'isMonitoredBy' or 'affectsOutcome' to reflect the correct association.,0.9,"ICP is a parameter that is monitored by Partial Pressure of Brain Tissue Oxygen, reflecting the correct association.",0.9,
82,relation,Traumatic Brain Injury,has clinical assessment,GOSe Outcome,Monitoring of Intracranial Pressure (ICP) has also been shown to have better functional outcomes.,accept_indirect,,,,,The relationship 'Traumatic Brain Injury has clinical assessment GOSe Outcome' is valid through the chain: TBI → hasClinicalAssessment → Clinical Assessment → assesses → Outcome.,0.85,,,
83,relation,Partial Pressure of Brain Tissue Oxygen,is measured at,Measurement Time,Partial pressure of brain tissue oxygen over intracranial pressure stratified by days in Intensive Care Unit (ICU),accept_direct,,,,,"Partial Pressure of Brain Tissue Oxygen is measured at Measurement Time directly, as both are valid classes in the neurointensive care context.",0.95,,,
84,relation,ICP,receives therapy,Pbro2,an overall increase in Regression model of partial pressure of brain tissue oxygen (PbtO2) of 5.2% for a 10 mmHg increase in Intracranial Pressure (ICP),revise,4.3,ICP,isMonitoredBy,Pbro2,"The relation 'receives therapy' is incorrect as ICP is a parameter, not a therapy; it should be replaced with a valid therapy class.",0.85,"ICP is a parameter that is monitored by Pbro2, which assesses cerebral oxygenation.",0.9,
85,relation,Partial Pressure of Carbon Dioxide,receives therapy,Pbro2,a decrease of 0.16% from a unit increase in Mean Arterial Pressure (MAP) and a Regression model of partial pressure of brain tissue oxygen (PbtO2) decrease of 0.16% from a unit increase in PaCO2,revise,4.5,Partial Pressure of Carbon Dioxide,isMonitoredBy,PbtO2,"Partial Pressure of Carbon Dioxide is a parameter, while PbtO2 is a monitoring data type; the relation 'receivesTherapy' is invalid as it requires a Therapy class.",0.9,The relation 'receivesTherapy' is incorrect; 'Partial Pressure of Carbon Dioxide' is monitored by 'PbtO2' instead.,0.9,
86,relation,ICP,has outcome,Outcome,median extended Glasgow outcome scale of 7.00,accept_indirect,,,,,"ICP indirectly influences Outcome through its role in assessing cerebral perfusion, which affects patient outcomes; the relationship is valid via intermediate concepts.",0.85,,,
87,relation,Intracranial Hypertension,receives therapy,CPP,the impact of autoregulation on Regression model of partial pressure of brain tissue oxygen (PbtO2) cannot be directly assessed.,revise,4.5,Intracranial Hypertension,isAssociatedWith,CPP,Intracranial Hypertension should not receive therapy directly; it is a condition. The relation should be changed to 'isAConditionOf' or 'isAssociatedWith' to reflect its nature as a medical condition.,0.8,"Intracranial Hypertension is a condition and should be associated with CPP, not receive therapy directly.",1.0,
88,relation,Hypotension,is associated with,Traumatic Brain Injury,guarding against hypotensive conditions in Traumatic Brain Injury (TBI) patients.,accept_direct,,,,,Hypotension is associated with Traumatic Brain Injury as both are valid conditions in neurointensive care.,0.95,,,
89,relation,Intracranial Hypertension,receives therapy,Traumatic Brain Injury,episodes of increased intracranial pressure (ICP) and worse clinical outcomes,revise,4.3,Intracranial Hypertension,receivesTherapy,Barbiturates,"The relation 'receives therapy' is incorrect as 'Intracranial Hypertension' should be associated with a specific therapy, not a condition. A valid therapy class should replace the object.",0.8,The object 'Traumatic Brain Injury' is incorrect; it should be a specific therapy like 'Barbiturates' for the condition 'Intracranial Hypertension'.,0.9,
90,relation,CPP,assesses,Intracranial Hypertension,the ability to tolerate elevated intracranial pressures is reduced.,accept_direct,,,,,CPP assesses Intracranial Hypertension is a valid direct relationship as CPP is used to evaluate intracranial pressure conditions.,0.95,,,
91,relation,CPP,is associated with,ICP,Role of Cerebral Perfusion Pressure (CPP),accept_direct,,,,,The relationship 'CPP is associated with ICP' is clinically valid as both are critical parameters in neurological assessments for TBI patients.,0.95,,,
92,relation,ICP,associated with condition,Mortality,"when Cerebral Perfusion Pressure (CPP) was below 50 mmHg, almost all The BESTIntracranial pressure (ICP) insults were associated with worse outcome",accept_indirect,,,,,"ICP is associated with cerebral perfusion, which indirectly relates to mortality as worse outcomes are linked to high ICP levels.",0.85,,,
93,relation,ICP,predicts outcome,Outcome Score,"Above 20 mmHg, the vast majority of insults are clearly deleterious with the exception of those lasting less than 37 min in adults.",reject,,,,,judge output unparseable; defaulted to reject,0.0,,,parse_error
94,relation,Mean Arterial Pressure (MAP),triggers intervention,Hypotension,our analysis shows that most events are triggered by a drop in mean arterial pressure.,revise,4.5,Mean Arterial Pressure,isARiskFactorFor,Hypotension,The relation 'triggers intervention' is not valid; it should be 'isARiskFactorFor' as MAP is a risk factor for Hypotension.,0.85,"The relation 'triggers intervention' is incorrect; MAP is a risk factor for Hypotension, so it should be 'isARiskFactorFor'.",1.0,
95,relation,Brain Injury,has monitoring data,Arterial Hypotension,The brain monitoring with information technology (BrainIT) database contains 199 patients,revise,4.5,Brain Injury,isAssociatedWith,Arterial Hypotension,"The relation 'has monitoring data' is not appropriate; 'Brain Injury' should be associated with 'Arterial Hypotension' through 'isAssociatedWith' instead, as it is a condition related to brain injury.",0.8,The relation 'has monitoring data' is incorrect; 'Brain Injury' should be associated with 'Arterial Hypotension' through 'isAssociatedWith' as they are related conditions.,0.9,
96,relation,Hypotension,relates to clinical outcome,Brain Injury,arterial hypotension consistently relate to clinical outcome,revise,4.4,Hypotension,affectsOutcome,Brain Injury,The relation 'relates to clinical outcome' should be replaced with 'affectsOutcome' as Hypotension affects the clinical outcome related to Brain Injury.,0.85,The relation 'relates to clinical outcome' should be replaced with 'affectsOutcome' as Hypotension affects the clinical outcome related to Brain Injury.,1.0,
97,relation,Dsg,has monitoring data,Hypotensive,to scan the BrainIT database for hypotensive events;,revise,4.4,Dsg,isMonitoredBy,Hypotensive,"The relation 'has monitoring data' should be replaced with 'isMonitoredBy' as Dsg is an application and Hypotensive is a condition, not monitoring data.",0.85,"The relation 'has monitoring data' is incorrect; 'Dsg' is an application and 'Hypotensive' is a condition, so it should be 'isMonitoredBy'.",1.0,
98,relation,Secondary Insult Grades,defines,Hypotensive,the Edinburgh University Secondary Insult Grades (EUSIG) definition.,revise,4.5,Secondary Insult Grades,assesses,Hypotensive,The relation 'defines' is not appropriate; 'Secondary Insult Grades' should 'assess' 'Hypotensive' as it relates to classification rather than definition.,0.85,The relation 'defines' should be 'assesses' as 'Secondary Insult Grades' classifies 'Hypotensive' events.,0.9,
99,relation,CPP,calculates,Mean Arterial Pressure (MAP),"which uses cerebral perfusion pressure (CPP), which of course uses Java-Based Software BPm in its calculation.",reject,,,,,judge output unparseable; defaulted to reject,0.0,,,parse_error
100,relation,ICP,receives therapy,Outcome,Impact of Intracranial Pressure (ICP) instability and hypotension on outcome in patients with severe head trauma.,revise,4.5,ICP,affectsOutcome,Outcome,"The relation 'receivesTherapy' is incorrect as ICP is a parameter, not a therapy; it should be 'affectsOutcome' instead.",0.85,The relation 'receivesTherapy' is incorrect as ICP is a parameter; it should be 'affectsOutcome' instead.,1.0,
101,relation,CPP,is measured by,Mean Arterial Pressure (MAP),its role in calculating Cerebral Perfusion Pressure (CPP),accept_indirect,,,,,"CPP is calculated from MAP, making the relationship true via the chain: MAP → measuresParameter → CPP.",0.85,,,
102,relation,Treatment Data,informs,Clinical Practice,Accurate and comprehensive treatment data,revise,4.5,Treatment Data,affectsOutcome,Clinical Practice,The relation 'informs' is not a direct connection; 'Treatment Data' should be linked to 'Clinical Practice' through a more specific relation like 'affectsOutcome'.,0.8,The relation 'informs' should be changed to 'affectsOutcome' as Treatment Data directly impacts Clinical Practice outcomes.,0.9,
103,relation,Clinical Reminders,enhances,Guideline Adherence,clinical reminders (automated interventions),revise,4.5,Clinical Reminders,isAssociatedWith,Guideline Adherence,The relation 'enhances' should be replaced with 'isAssociatedWith' as Clinical Reminders are related to Guideline Adherence but do not enhance it directly.,0.7,The relation 'enhances' should be 'isAssociatedWith' as Clinical Reminders relate to Guideline Adherence but do not enhance it directly.,0.9,low_evidence
104,relation,Guideline Adherence,has outcome,Outcome,Several studies have been conducted that show dropping mortality rates and improved long-term outcomes since the adoption and spread of use of these guidelines.,accept_direct,,,,,Guideline Adherence has a direct relationship with Outcome as adherence to guidelines can influence patient outcomes.,0.85,,,
105,relation,Guideline Adherence,is measured by,Clinical Practice,"This work attempts to leverage those advantages by providing a 'near real-time' ability to monitor clinical guideline adherence, as well as providing measurable quantitative feedback.",reject,,,,,The relationship 'Guideline Adherence is measured by Clinical Practice' is incorrect as guideline adherence is not a measurable outcome of clinical practice but rather a quality of clinical practice itself.,0.85,,,
106,relation,Heart Failure,is treated with,Guideline Adherence,"There are many reasons for non-adherence, but these can be broken down into two broad categories: being unwilling to adhere to a guideline and being unable to adhere.",reject,,,,,Heart Failure is not a subclass of Guideline Adherence; the relationship 'is treated with' does not apply between these classes.,0.9,,,
107,relation,EUSIG Grade,is a type of,Secondary Insult Grades,the classification of pressure events using Edinburgh University Secondary Insult Grades (EUSIG) parameters has a well-established precedent,reject,,,,,"EUSIG Grade and Secondary Insult Grades are not directly related; EUSIG Grade is a classification system, not a type of Secondary Insult Grades.",0.9,,,
108,relation,Heart Rate,has monitoring data,Monitoring Data,Heart Rate (specifying source: Electrocardiogram (ECG) or Pulse Oximetry),revise,4.9,Heart Rate,subClassOf,Monitoring Data,Heart Rate is a physiological parameter and should be classified as a subclass of Monitoring Data rather than having a relationship with it; revise to Heart Rate subClassOf Monitoring Data.,0.9,Heart Rate is a physiological parameter and should be a subclass of Monitoring Data per the domain context conventions.,1.0,
109,relation,Respiration Rate,has monitoring data,Impedance Plethmography,Respiration Rate (sources: impedance plethmography or ventilator),revise,4.4,Respiration Rate,isMonitoredBy,Impedance Plethmography,"Respiration Rate is a physiological parameter and should be related to a monitoring method like Impedance Plethmography via 'isMonitoredBy', not 'hasMonitoringData'.",0.85,"Respiration Rate should be related to Impedance Plethmography via 'isMonitoredBy', as it is a monitoring method.",1.0,
110,relation,Respiration Rate,has monitoring data,Ventilator,Respiration Rate (sources: impedance plethmography or ventilator),revise,4.4,Respiration Rate,isMonitoredBy,Ventilator,Respiration Rate is a physiological parameter and should not directly relate to Ventilator; it should be 'isMonitoredBy' instead of 'hasMonitoringData'.,0.85,Respiration Rate should be related to Ventilator with 'isMonitoredBy' instead of 'hasMonitoringData' as it indicates monitoring rather than data possession.,1.0,
111,relation,Mean Arterial Pressure (MAP),has monitoring data,Monitoring Data,Mean Arterial Pressure,accept_direct,,,,,The triple 'Mean Arterial Pressure (MAP) hasMonitoringData Monitoring Data' holds directly as MAP is a parameter that is monitored in clinical settings.,0.95,,,
112,relation,Sao2,has monitoring data,Monitoring Data,Pulse Oximetry (SaO2),revise,4.4,Sao2,isMonitoredBy,Monitoring Data,"The relation 'has monitoring data' should be 'isMonitoredBy' since SaO2 is a parameter that is monitored, not a data type itself.",0.9,The relation 'has monitoring data' should be 'isMonitoredBy' since Sao2 is a parameter that is monitored.,1.0,
113,relation,Temperature,has monitoring data,Monitoring Data,Temperature (sources: rectal=oesophageal= bladder=skin),accept_direct,,,,,Temperature has monitoring data as it is a physiological parameter used to assess patients' conditions directly.,0.95,,,
114,relation,EtCO2,has monitoring data,Monitoring Data,End-Tidal CO2 (EtCO2),revise,4.5,EtCO2,isMonitoredBy,Monitoring Data,The relation 'has monitoring data' is not valid; it should be 'isMonitoredBy' as EtCO2 is a parameter monitored by Monitoring Data.,0.9,The relation 'has monitoring data' is incorrect; 'EtCO2 isMonitoredBy Monitoring Data' correctly reflects the monitoring relationship.,1.0,
115,relation,Jugular Venous Oxygen Saturation,has monitoring data,Monitoring Data,Jugular Venous Oxygen Saturation (SjO2),accept_direct,,,,,The triple 'Jugular Venous Oxygen Saturation hasMonitoringData Monitoring Data' is semantically correct as Jugular Venous Oxygen Saturation is a specific measurement that falls under Monitoring Data.,0.95,,,
116,relation,Transcranial Doppler,has monitoring data,Monitoring Data,Transcranial Doppler (TCD),accept_direct,,,,,Transcranial Doppler has monitoring data as it is a method used to measure physiological parameters related to brain blood flow.,0.95,,,
117,relation,Pbro2,has monitoring data,Monitoring Data,Brain Tissue Oxygen (PbrO2),accept_direct,,,,,"PbrO2 is a specific parameter that is indeed a type of Monitoring Data, aligning with the domain definitions.",0.95,,,
118,relation,GCS Assessment,has monitoring data,Monitoring Data,Glasgow Coma Scale (GCS) scores,accept_direct,,,,,"GCS Assessment has monitoring data directly related to Monitoring Data, as GCS scores are a form of clinical assessment that utilizes monitoring data.",0.95,,,
119,relation,Hypotension,targets condition,Vasopressors,arterial pressors may be given to treat systemic hypotension,accept_indirect,,,,,"Hypotension targets Vasopressors indirectly through the treatment of systemic hypotension, making the relationship valid via a traceable chain of concepts.",0.85,,,
120,relation,ICP,targets condition,Vasopressors,to treat reduced cerebral perfusion pressure (CPP) secondary to raised Intracranial Pressure (ICP),revise,4.4,ICP,isMonitoredBy,Vasopressors,The relation 'targetsCondition' is not appropriate; it should be 'isMonitoredBy' as ICP is a monitoring parameter related to the effects of vasopressors.,0.85,"The relation 'targetsCondition' is incorrect; ICP is a monitoring parameter related to the effects of vasopressors, so it should be 'isMonitoredBy'.",1.0,
121,relation,CPP,receives therapy,Respiratory Distress Syndrome,"aggressive management of Cerebral Perfusion Pressure (CPP) > 70 mmHg, although reducing the incidence of jugular venous desaturations < 50%, increased the incidence of acute respiratory distress syndrome and worsened neurological outcome.",revise,4.3,CPP,receivesTherapy,Baseline Therapy,"CPP is a parameter and cannot receive therapy; the object should be replaced with a valid therapy class, such as Baseline Therapy.",0.9,Respiratory Distress Syndrome is not a therapy; it should be replaced with Baseline Therapy as a valid therapy class.,0.9,
122,relation,Brain Injury,has monitoring data,Monitoring Data,"collection of admission, monitoring, treatment and outcome data from patients with brain injury.",accept_direct,,,,,The relationship 'Brain Injury has monitoring data Monitoring Data' is semantically correct as monitoring data is collected for patients with brain injury.,0.9,,,
123,relation,Brain Injury,has outcome,Outcome Data,"collection of admission, monitoring, treatment and outcome data from patients with brain injury.",accept_direct,,,,,The relationship 'Brain Injury hasOutcome Outcome Data' is semantically correct as outcome data is related to the results of brain injury treatment.,0.9,,,
124,relation,Brain Injury,is managed by,Management,"aid health authorities to monitor, maintain and raise intra and trans-national standards in the management of patients with brain injury.",revise,4.4,Brain Injury,receivesTherapy,Management,The relation 'is managed by' should be replaced with 'receivesTherapy' as Brain Injury is treated through various management therapies.,0.85,The relation 'is managed by' should be 'receivesTherapy' as Brain Injury is treated through various management therapies.,1.0,
125,relation,Patient,has monitoring data,Observation,pd:Patient as a ssn:FeatureOfInterest,accept_direct,,,,,The triple 'Patient hasMonitoringData Observation' is semantically correct as patients receive monitoring data in neurointensive care.,0.95,,,
126,relation,Timepoint,is associated with,Reading,Each Timepoint is associated with a set of Readings,accept_direct,,,,,The triple 'Timepoint is associated with Reading' is semantically correct as each Timepoint is indeed associated with a set of Readings.,0.95,,,
127,relation,Sensor,produced by sensor,Reading,the machines/sensors that produced them,reject,,,,,"The relation 'produced by sensor' does not hold between 'Sensor' and 'Reading'; instead, 'Reading' is a subclass of 'Observation', which is produced by a sensor.",0.7,,,low_evidence
128,relation,Sepsis,is associated with,Outcome Data,Improving the standards and resolution for multicentre data collection will also impact upon the assessment of new medical technology of relevance to the medical device industry.,accept_indirect,,,,,"Sepsis is associated with Outcome Data via the relationship that Sepsis affects outcomes in patients, making the connection indirect.",0.85,,,
129,relation,Arterial Pressors,targets condition,Arterial Hypotension,targets condition(Hypotension → Vasopressors),accept_direct,,,,,The triple 'Arterial Pressors targets Condition Arterial Hypotension' is semantically correct as arterial pressors are used to treat arterial hypotension in neurointensive care.,0.95,,,
130,relation,Clinical Research Form,has clinical assessment,Clinical Assessment,has clinical assessment(Patient → Clinical Assessment),accept_direct,,,,,The triple 'Clinical Research Form has clinical assessment Clinical Assessment' is semantically correct as the Clinical Research Form is designed to include clinical assessments.,0.9,,,
131,relation,End-tidal Carbon Dioxide,has monitoring data,Monitoring Data,has monitoring data(EtCO2 → Monitoring Data),accept_direct,,,,,"End-tidal Carbon Dioxide is a specific measurement that falls under the Monitoring Data category, making the relationship valid as stated.",0.95,,,
132,relation,Error,is associated with,Monitoring Data,monitoring indicates condition(Monitoring Data → Condition),accept_direct,,,,,The relationship 'Error is associated with Monitoring Data' is semantically correct as errors can arise from monitoring data in clinical settings.,0.95,,,
133,relation,Injuries,has outcome,Outcome Data,has outcome(Brain Injury → Outcome Data),revise,4.5,Injuries,isAssociatedWith,Outcome Data,The relation 'has outcome' is not appropriate; it should be 'isAssociatedWith' as Brain Injury is associated with Outcome Data.,0.9,The relation 'has outcome' should be 'isAssociatedWith' as Injuries are associated with Outcome Data.,0.9,
134,relation,Intensive Care Management,is managed by,Management,is managed by(Brain Injury → Management),reject,,,,,The relationship 'is managed by' does not hold between 'Intensive Care Management' and 'Management' as they are not directly related classes in the ontology.,0.9,,,
135,relation,NIBP,has monitoring data,Monitoring Data,has monitoring data(Mean Arterial Pressure → Monitoring Data),revise,4.4,NIBP,isMonitoredBy,Monitoring Data,The relation 'has monitoring data' is incorrect; it should be 'isMonitoredBy' since NIBP is a parameter monitored within the Monitoring Data class.,0.9,The relation 'has monitoring data' is incorrect; it should be 'isMonitoredBy' since NIBP is a parameter monitored within Monitoring Data.,1.0,
136,relation,Provenance,has monitoring data,Monitoring Data,has monitoring data(Patient → Monitoring Data),accept_direct,,,,,"Provenance has monitoring data Monitoring Data directly, as it refers to the information about the entities involved in producing observations.",0.9,,,
137,relation,Substance Abuse,targets condition,Condition,targets condition(Hypotension → Vasopressors),reject,,,,,"Substance Abuse does not target Condition as defined; Condition refers specifically to a type of stroke, which is unrelated to Substance Abuse.",0.9,,,
138,relation,Adverse Event,is associated with,Clinical Outcome,[inferred] cluster completion,accept_direct,,,,,"Adverse Event is associated with Clinical Outcome, as adverse events can impact patient health status after treatment.",0.9,,,
139,relation,Clinical Outcome,is influenced by,Patient Interventions,[inferred] cluster completion,accept_direct,,,,,The relationship 'Clinical Outcome is influenced by Patient Interventions' is semantically correct as interventions directly affect outcomes in neurointensive care.,0.9,,,
140,relation,Clinical Outcome,relates to clinical outcome,Outcome Data,[inferred] cluster completion,revise,4.5,Clinical Outcome,affectsOutcome,Outcome Data,The relation 'relates to clinical outcome' should be replaced with 'affectsOutcome' as it directly connects 'Clinical Outcome' and 'Outcome Data'.,0.9,The relation 'relates to clinical outcome' should be replaced with 'affectsOutcome' as it directly connects 'Clinical Outcome' and 'Outcome Data'.,1.0,
141,relation,Clinical Practice,is influenced by,Clinical Reminders,[inferred] cluster completion,accept_direct,,,,,Clinical Practice is influenced by Clinical Reminders as automated notifications assist clinicians in adhering to guidelines in patient care.,0.9,,,
142,relation,Clinical Reminders,triggers intervention,Patient Interventions,[inferred] cluster completion,revise,4.4,Clinical Reminders,hasNursingIntervention,Patient Interventions,"The relation 'triggers intervention' does not match the valid BrainIT predicates; it should be 'hasNursingIntervention' instead, as 'Patient Interventions' are a type of nursing intervention.",0.8,The relation 'triggers intervention' should be 'hasNursingIntervention' as 'Patient Interventions' are a type of nursing intervention.,0.95,
143,relation,Data Quality Assessment,assesses,Monitoring Data,[inferred] cluster completion,accept_direct,,,,,Data Quality Assessment assesses Monitoring Data directly as it evaluates the quality of data collected from patients.,0.9,,,
144,relation,Injuries,is a risk factor for,Adverse Event,[inferred] cluster completion,reject,,,,,'Injuries is a risk factor for Adverse Event' is semantically incorrect; injuries do not directly correlate with adverse events in the context of the defined classes.,0.85,,,
145,relation,Monitoring Data,is monitored by,Core Monitoring Parameter,[inferred] cluster completion,reject,,,,,The relation 'is monitored by' does not hold between 'Monitoring Data' and 'Core Monitoring Parameter'; they are not in a direct relationship as defined in the domain context.,0.9,,,
146,relation,Monitoring Data,produced by sensor,Sensor,[inferred] cluster completion,accept_direct,,,,,"The relation 'produced by' correctly describes the relationship between 'Monitoring Data' and 'Sensor', as sensors produce monitoring data in clinical settings.",0.95,,,
147,relation,Outcome,is related to,Clinical Outcome,[inferred] cluster completion,reject,,,,,"The relationship 'Outcome is related to Clinical Outcome' does not hold as 'Outcome' is a class and 'Clinical Outcome' is a definition, which cannot be directly related.",0.7,,,low_evidence
148,relation,Outcome Data,is associated with,Clinical Outcome,[inferred] cluster completion,accept_direct,,,,,Outcome Data is associated with Clinical Outcome as both relate to the results of medical treatment or intervention in neurointensive care.,0.9,,,
149,relation,Patient Interventions,targets condition,Injuries,[inferred] cluster completion,revise,4.5,Patient Interventions,receivesTherapy,Injuries,The relation 'targets condition' is not valid; 'Patient Interventions' should 'receivesTherapy' for 'Injuries' as it is a condition treated by interventions.,0.85,The relation 'targets condition' is incorrect; 'Patient Interventions' should 'receivesTherapy' for 'Injuries' as it is a condition treated by interventions.,1.0,
150,relation,Physiological Data,is monitored by,Core Monitoring Parameter,[inferred] cluster completion,reject,,,,,The relationship 'Physiological Data is monitored by Core Monitoring Parameter' is incorrect; physiological data is not monitored by parameters but rather consists of them.,0.9,,,
151,relation,Possible Error,is a type of,Error,[inferred] cluster completion,revise,4.9,Possible Error,subClassOf,Error,Possible Error is not a type of Error; it should be classified as a subclass of Error instead.,0.9,"Possible Error should be a subclass of Error, as it represents a specific type of identified issue in medical data.",1.0,
152,relation,Probable Error,is a type of,Error,[inferred] cluster completion,revise,4.9,Probable Error,subClassOf,Error,'Probable Error is a type of Error' should be 'Probable Error subClassOf Error' as it follows the subclass pattern in the ontology.,0.9,"The relation 'is a type of' indicates a subclass relationship, so it should be 'Probable Error subClassOf Error'.",1.0,
153,relation,Provenance,is associated with,Monitoring Data,[inferred] cluster completion,accept_direct,,,,,The relationship 'Provenance is associated with Monitoring Data' is semantically correct as provenance can relate to the data collected from monitoring physiological parameters.,0.95,,,
154,relation,Substance Abuse,is a risk factor for,Injuries,[inferred] cluster completion,reject,,,,,Substance Abuse is not a recognized subclass or direct risk factor for Injuries in the neurointensive care context; the relationship does not hold clinically or semantically.,0.7,,,low_evidence
155,relation,Therapy,is administered during,Patient Interventions,[inferred] cluster completion,reject,,,,,"The relationship 'Therapy is administered during Patient Interventions' is semantically incorrect; Patient Interventions are a subclass of Therapy, not a distinct entity that can be administered during Therapy.",0.9,,,
156,relation,Treatment Data,is associated with,Therapy,[inferred] cluster completion,reject,,,,,Treatment Data does not directly associate with Therapy; Treatment Data is not defined as a subclass or related concept within the BrainIT ontology.,0.9,,,
157,relation,Acute Respiratory Distress Syndrome,is associated with,Vasopressors,[inferred] cluster completion,accept_indirect,,,,,Acute Respiratory Distress Syndrome is associated with Vasopressors indirectly through their use in critical care settings for managing complications like hypotension.,0.8,,,
158,relation,Adrenaline,is administered during,Hypotension,[inferred] cluster completion,revise,4.5,Adrenaline,targetsCondition,Hypotension,"The relation 'is administered during' is not appropriate; 'Adrenaline' should be linked to 'Hypotension' via 'targetsCondition' instead, as it is a treatment for this condition.",0.85,The relation 'is administered during' is incorrect; 'Adrenaline' targets the condition 'Hypotension' as a treatment.,1.0,
159,relation,Adrenaline,is administered during,Hypertension,[inferred] cluster completion,revise,4.5,Adrenaline,isAdministeredDuring,Hypertension,Adrenaline is a therapy but Hypertension is a condition; the relation should be 'isAdministeredDuring' with a valid therapy as the subject.,0.85,The relation 'is administered during' should be 'isAdministeredDuring' as it correctly describes the therapy's application to the condition.,0.9,
160,relation,Hypertension,is influenced by,Noradrenaline,[inferred] cluster completion,accept_direct,,,,,"Hypertension is influenced by Noradrenaline, as Noradrenaline is known to affect blood pressure regulation directly.",0.95,,,
161,relation,Hypertension,is influenced by,Adrenaline,[inferred] cluster completion,accept_indirect,,,,,Hypertension is influenced by Adrenaline through the pathway: Adrenaline affects blood pressure → Hypertension is characterized by abnormally high blood pressure.,0.85,,,
162,relation,Hypotension,is influenced by,Noradrenaline,[inferred] cluster completion,accept_direct,,,,,"The relationship 'Hypotension is influenced by Noradrenaline' is clinically valid as Noradrenaline is known to affect blood pressure, directly linking the two classes.",0.95,,,
163,relation,Hypotension,is influenced by,Adrenaline,[inferred] cluster completion,accept_direct,,,,,The relationship 'Hypotension is influenced by Adrenaline' is clinically valid as adrenaline can affect blood pressure regulation.,0.9,,,
164,relation,Mean Arterial Pressure (MAP),is monitored by,Sensor,[inferred] cluster completion,accept_direct,,,,,"Mean Arterial Pressure (MAP) is monitored by Sensor, which is a valid relationship in the context of physiological monitoring.",0.95,,,
165,relation,Noradrenaline,is administered during,Hypotension,[inferred] cluster completion,accept_direct,,,,,"Noradrenaline is administered during Hypotension, as it is a treatment used to increase blood pressure in this condition.",0.95,,,
166,relation,Noradrenaline,is administered during,Hypertension,[inferred] cluster completion,accept_direct,,,,,"Noradrenaline is administered during Hypertension, as it is a common treatment to increase blood pressure in this condition.",0.9,,,
167,relation,Sepsis,is associated with,Hypotension,[inferred] cluster completion,accept_direct,,,,,Sepsis is associated with Hypotension as both are recognized conditions in the neurointensive care context.,0.95,,,
168,relation,Septic Shock,is associated with,Hypotension,[inferred] cluster completion,accept_direct,,,,,"Septic Shock is associated with Hypotension, as both are valid conditions in neurointensive care.",0.95,,,
169,relation,Systemic Hypotension,is treated with,Vasopressors,[inferred] cluster completion,revise,4.4,Systemic Hypotension,receivesTherapy,Vasopressors,The relation 'is treated with' should be replaced with 'receivesTherapy' as Vasopressors is a type of therapy targeting Systemic Hypotension.,0.9,The relation 'is treated with' should be 'receivesTherapy' as Vasopressors is a therapy targeting Systemic Hypotension.,1.0,
170,relation,Vasopressors,is administered during,Systemic Hypotension,[inferred] cluster completion,accept_direct,,,,,The triple 'Vasopressors is administered during Systemic Hypotension' is semantically correct as vasopressors are used to treat systemic hypotension directly.,0.95,,,
171,relation,Brain Injury,is a condition of,Patient,[inferred] cluster completion,accept_direct,,,,,The relationship 'Brain Injury is a condition of Patient' is semantically correct as Brain Injury is a condition that affects Patients in neurointensive care.,0.95,,,
172,relation,Brain Injury,is associated with,Cranial Injuries,[inferred] cluster completion,reject,,,,,judge output unparseable; defaulted to reject,0.0,,,parse_error
173,relation,Brain Injury,is influenced by,Guideline Adherence,[inferred] cluster completion,reject,,,,,The relation 'is influenced by' does not hold between 'Brain Injury' and 'Guideline Adherence'; they are not directly related in the context of neurointensive care.,0.85,,,
174,relation,Cranial Injuries,is associated with,Brain Injury,[inferred] cluster completion,accept_direct,,,,,"Cranial Injuries is associated with Brain Injury as both are valid classes within the neurointensive care domain, directly linking the types of injuries.",0.9,,,
175,relation,Cranial Injuries,is a condition of,Patient,[inferred] cluster completion,revise,4.4,Cranial Injuries,isAConditionOf,Patient,The relation 'is a condition of' should be replaced with 'isAConditionOf' to align with the valid BrainIT relation for Cranial Injuries and Patient.,0.9,The relation 'is a condition of' should be replaced with 'isAConditionOf' to align with valid BrainIT relations.,0.9,
176,relation,Demographic Data,has demographic data,Patient,[inferred] cluster completion,accept_direct,,,,,The relationship 'Demographic Data has demographic data Patient' is semantically correct as demographic data is collected for each patient in neurointensive care.,0.9,,,
177,relation,Extracranial Injury,is associated with,Brain Injury,[inferred] cluster completion,accept_direct,,,,,Extracranial Injury is associated with Brain Injury as both are relevant in the context of complications arising from injuries.,0.95,,,
178,relation,Guideline,informs,Guideline Adherence,[inferred] cluster completion,accept_direct,,,,,The triple 'Guideline informs Guideline Adherence' is semantically correct as guidelines directly influence adherence to clinical practices.,0.95,,,
179,relation,Guideline Adherence,is associated with,Guideline,[inferred] cluster completion,accept_direct,,,,,Guideline Adherence is directly associated with Guideline as both pertain to clinical practice recommendations.,0.95,,,
180,relation,Guideline Adherence,affects outcome,Traumatic Brain Injury,[inferred] cluster completion,accept_indirect,,,,,"Guideline Adherence indirectly affects outcome through its influence on Clinical Practice, which in turn impacts Traumatic Brain Injury outcomes.",0.8,,,
181,relation,Head Injury,is a condition of,Patient,[inferred] cluster completion,revise,4.5,Head Injury,receivesTherapy,Patient,"The relation 'is a condition of' is not appropriate; 'Head Injury' should be linked to 'Patient' via 'receivesTherapy' instead, as patients receive therapies for conditions.",0.9,The relation 'is a condition of' is incorrect; 'Head Injury' should be linked to 'Patient' via 'receivesTherapy' as patients receive therapies for conditions.,1.0,
182,relation,Head Injury,is associated with,Brain Injury,[inferred] cluster completion,accept_direct,,,,,The relationship 'is associated with' correctly describes the connection between 'Head Injury' and 'Brain Injury' as both are types of injuries related to trauma.,0.95,,,
183,relation,Head Trauma,is a condition of,Patient,[inferred] cluster completion,accept_direct,,,,,"Head Trauma is a subclass of Condition, and Patient is a subclass of individual receiving care, making the relationship valid.",0.9,,,
184,relation,Head Trauma,is associated with,Traumatic Brain Injury,[inferred] cluster completion,accept_direct,,,,,Head Trauma is associated with Traumatic Brain Injury as both are valid classes related to brain injuries.,0.95,,,
185,relation,Mortality,is a risk factor for,Traumatic Brain Injury,[inferred] cluster completion,revise,4.8,Traumatic Brain Injury,isARiskFactorFor,Mortality,The relation 'is a risk factor for' is not appropriate; 'Mortality' should be replaced with a specific condition like 'Traumatic Brain Injury' to fit the context.,0.9,"The relation 'is a risk factor for' is valid when swapped, as TBI can lead to Mortality.",0.9,
186,relation,Neurological Injury,is a condition of,Patient,[inferred] cluster completion,accept_direct,,,,,"Neurological Injury is a subclass of Brain Injury, which is a condition that can affect a Patient in neurointensive care.",0.9,,,
187,relation,Patient,is associated with,Brain Injury,[inferred] cluster completion,accept_direct,,,,,The relationship 'Patient is associated with Brain Injury' holds directly as patients with TBI experience brain injuries.,0.95,,,
188,relation,Traumatic Brain Injury,is a condition of,Patient,[inferred] cluster completion,accept_direct,,,,,"Traumatic Brain Injury is a recognized condition of a Patient receiving neurointensive care, aligning with standard medical definitions.",0.95,,,
189,relation,Traumatic Brain Injury,is associated with,Head Trauma,[inferred] cluster completion,accept_direct,,,,,The triple 'Traumatic Brain Injury is associated with Head Trauma' is clinically accurate as TBI is a consequence of head trauma.,0.95,,,
190,relation,Traumatic Brain Injury,is influenced by,Guideline Adherence,[inferred] cluster completion,accept_indirect,,,,,Traumatic Brain Injury is influenced by Guideline Adherence through the chain: Guideline Adherence affects clinical practices which in turn influence outcomes for Traumatic Brain Injury.,0.85,,,
191,relation,Traumatic Intracranial Hypertension,is a condition of,Patient,[inferred] cluster completion,accept_direct,,,,,"Traumatic Intracranial Hypertension is a valid subclass of Condition, and Patient is a valid subclass of individual receiving neurointensive care, making the relationship valid.",0.95,,,
192,relation,Traumatic Intracranial Hypertension,is associated with,Traumatic Brain Injury,[inferred] cluster completion,accept_direct,,,,,The relationship 'is associated with' holds directly between Traumatic Intracranial Hypertension and Traumatic Brain Injury as both are clinically related conditions.,0.95,,,
193,relation,Anterior Fossa Repair,is monitored by,Intensive Care Management,[inferred] cluster completion,revise,4.4,Anterior Fossa Repair,hasSurgicalProcedure,Intensive Care Management,The relation 'is monitored by' should be replaced with 'hasSurgicalProcedure' as Anterior Fossa Repair is a type of surgical procedure related to Intensive Care Management.,0.85,The relation 'is monitored by' should be 'hasSurgicalProcedure' as Anterior Fossa Repair is a surgical procedure related to Intensive Care Management.,1.0,
194,relation,Anterior Fossa Repair,has surgical procedure,Surgical Procedure,[inferred] cluster completion,accept_direct,,,,,The triple 'Anterior Fossa Repair has surgical procedure Surgical Procedure' is semantically correct as it directly relates the specific procedure to the broader class of surgical procedures.,0.9,,,
195,relation,Bedside Intervention,has nursing intervention,Nursing Intervention,[inferred] cluster completion,revise,4.9,Bedside Intervention,subClassOf,Nursing Intervention,Bedside Intervention should be a subclass of Nursing Intervention; the relation should be subClassOf instead of has nursing intervention.,0.9,"Bedside Intervention is a subclass of Nursing Intervention according to the domain context, so the relation should be subClassOf.",1.0,
196,relation,CT Scan Assessment,assesses,Coma,[inferred] cluster completion,accept_direct,,,,,CT Scan Assessment assesses Coma directly as a clinical evaluation method for this state of prolonged unconsciousness.,0.95,,,
197,relation,CT Scan Assessment,is monitored by,Intensive Care Management,[inferred] cluster completion,revise,4.4,CT Scan Assessment,hasClinicalAssessment,Intensive Care Management,The relation 'is monitored by' is not appropriate; 'CT Scan Assessment' should have a relation like 'hasClinicalAssessment' with 'Intensive Care Management' as the context of monitoring.,0.85,The relation 'is monitored by' is incorrect; 'CT Scan Assessment' should directly relate to 'Intensive Care Management' through 'hasClinicalAssessment'.,1.0,
198,relation,Clinical Assessment,has monitoring data,Intensive Care Management,[inferred] cluster completion,revise,4.5,Clinical Assessment,isMonitoredBy,Intensive Care Management,The relation 'has monitoring data' should be replaced with 'isMonitoredBy' as Clinical Assessment is monitored by Intensive Care Management data.,0.85,The relation 'has monitoring data' should be 'isMonitoredBy' as Clinical Assessment is monitored by Intensive Care Management data.,1.0,
199,relation,Extra Ventricular Drain Placement,is monitored by,Intensive Care Management,[inferred] cluster completion,revise,4.4,Extra Ventricular Drain Placement,hasMonitoringData,Intensive Care Management,The relation 'is monitored by' is not appropriate as 'Intensive Care Management' is not a monitoring method; it should be 'hasMonitoringData'.,0.85,The relation 'is monitored by' is incorrect; 'Intensive Care Management' should be linked with 'hasMonitoringData' instead.,1.0,
200,relation,Intensive Care Management,has clinical assessment,Clinical Assessment,[inferred] cluster completion,accept_direct,,,,,Intensive Care Management hasClinicalAssessment Clinical Assessment is a valid direct relationship as Clinical Assessment is part of ICU management data.,0.95,,,
201,relation,Intensive Care Management,has monitoring data,Laboratory Values,[inferred] cluster completion,revise,4.5,Intensive Care Management,hasLaboratoryValue,Laboratory Values,"The relation 'hasMonitoringData' should be 'hasLaboratoryValue' as 'Laboratory Values' are specific tests performed during ICU management, fitting the required endpoint type.",0.9,The relation 'has monitoring data' should be 'hasLaboratoryValue' as it directly connects ICU management to specific laboratory tests.,0.9,
202,relation,Laboratory Values,is monitored by,Intensive Care Management,[inferred] cluster completion,revise,4.4,Intensive Care Management,hasLaboratoryValue,Laboratory Values,The relation 'is monitored by' should be 'hasLaboratoryValue' as 'Laboratory Values' are specific tests that provide data in 'Intensive Care Management'.,0.85,The relation 'is monitored by' should be 'hasLaboratoryValue' as 'Laboratory Values' provide data in 'Intensive Care Management'.,1.0,
203,relation,Nursing Intervention,is administered during,Session,[inferred] cluster completion,accept_direct,,,,,The triple 'Nursing Intervention isAdministeredDuring Session' holds directly as nursing interventions are administered during patient monitoring sessions in the ICU.,0.95,,,
204,relation,Physiotherapy,is administered during,Session,[inferred] cluster completion,accept_direct,,,,,Physiotherapy is administered during Session is a direct relationship between the classes Physiotherapy and Session in the context of ICU management.,0.95,,,
205,relation,Routine Nursing Care,is administered during,Session,[inferred] cluster completion,revise,4.4,Routine Nursing Care,hasNursingIntervention,Session,The relation 'is administered during' is not appropriate; 'Routine Nursing Care' should 'hasNursingIntervention' for 'Session' as it is a type of nursing intervention.,0.85,The relation 'is administered during' is incorrect; 'Routine Nursing Care' should 'hasNursingIntervention' for 'Session' as it is a type of nursing intervention.,1.0,
206,relation,Surgical Procedure,is monitored by,Intensive Care Management,[inferred] cluster completion,revise,4.4,Surgical Procedure,hasMonitoringData,Intensive Care Management,The relation 'is monitored by' should be replaced with 'hasMonitoringData' as Intensive Care Management is a data category related to monitoring rather than a monitoring entity.,0.8,The relation 'is monitored by' should be 'hasMonitoringData' as it reflects the correct association between monitoring data and surgical procedures.,1.0,
207,relation,Barbiturates,is administered during,Decompressive Craniectomy,[inferred] cluster completion,accept_direct,,,,,Barbiturates is administered during Decompressive Craniectomy is a valid relationship as barbiturates are used for sedation during this surgical procedure.,0.9,,,
208,relation,Cerebrovascular Autoregulation,is influenced by,Decompressive Craniectomy,[inferred] cluster completion,accept_indirect,,,,,Cerebrovascular Autoregulation is influenced by Decompressive Craniectomy indirectly through the relationship of surgical procedures affecting brain physiology.,0.8,,,
209,relation,Condition,is a condition of,Hypoperfusion,[inferred] cluster completion,reject,,,,,The relationship 'Condition is a condition of Hypoperfusion' does not hold as Hypoperfusion is not a condition of any specific Condition class; it is a separate condition.,0.9,,,
210,relation,Evacuation of Mass Lesion,has surgical procedure,Decompressive Craniectomy,[inferred] cluster completion,revise,4.9,Evacuation of Mass Lesion,isATypeOf,Surgical Procedure,The relation 'has surgical procedure' should be replaced with 'isATypeOf' since 'Evacuation of Mass Lesion' is a type of 'Surgical Procedure'.,0.9,"Evacuation of Mass Lesion is a type of Surgical Procedure, so the relation should be subClassOf.",0.9,
211,relation,Hypoperfusion,is associated with,Condition,[inferred] cluster completion,reject,,,,,"Hypoperfusion and Condition are not directly associated; the stated relationship does not hold between these classes, as Condition refers specifically to a type of stroke, not a general condition.",0.9,,,
212,relation,Jugular Venous Desaturation,is monitored by,Jugular Venous Oxygen Saturation,[inferred] cluster completion,accept_direct,,,,,The relationship 'Jugular Venous Desaturation is monitored by Jugular Venous Oxygen Saturation' is valid as Jugular Venous Oxygen Saturation is a measurement used to monitor this condition.,0.9,,,
213,relation,Management,is managed by,Barbiturates,[inferred] cluster completion,revise,4.5,Management,receivesTherapy,Barbiturates,The relation 'is managed by' is not valid; it should be 'Management receivesTherapy Barbiturates' as Barbiturates is a therapy class.,0.85,The relation 'is managed by' is incorrect; 'Management receivesTherapy Barbiturates' reflects the correct relationship between therapy and management.,1.0,
214,relation,Microdialysis,is monitored by,Partial Pressure of Brain Tissue Oxygen,[inferred] cluster completion,revise,4.9,Microdialysis,subClassOf,Monitoring Data,The relation 'is monitored by' is incorrect; 'Microdialysis' should be a subclass of 'Monitoring Data' instead of being monitored by 'Partial Pressure of Brain Tissue Oxygen'.,0.9,"Microdialysis is a type of Monitoring Data, so the relation should be subClassOf according to the preamble.",1.0,
215,relation,Removal of Foreign Body,has surgical procedure,Evacuation of Mass Lesion,[inferred] cluster completion,revise,4.9,Removal of Foreign Body,isATypeOf,Surgical Procedure,The relation 'has surgical procedure' is incorrect; it should be 'isATypeOf' since 'Removal of Foreign Body' is a type of 'Surgical Procedure'.,0.9,"Removal of Foreign Body is a type of Surgical Procedure, indicating a subclass relationship.",1.0,
216,relation,EUSIG Grade,defines,Secondary Insult,[inferred] cluster completion,revise,4.4,EUSIG Grade,isAConditionOf,Secondary Insult,"The relation 'defines' should be replaced with 'isAConditionOf' as EUSIG Grade categorizes Secondary Insult, which is a condition, not a defining relationship.",0.85,"The relation 'defines' should be 'isAConditionOf' as EUSIG Grade categorizes Secondary Insult, which is a condition.",0.9,
217,relation,Secondary Brain Injury,is a condition of,Secondary Insult,[inferred] cluster completion,revise,4.9,Secondary Insult,subClassOf,Secondary Brain Injury,"The relation 'is a condition of' is not appropriate; 'Secondary Insult' should be a subclass of 'Secondary Brain Injury' instead, as it is a type of secondary injury.",0.85,The relation 'is a condition of' indicates a subclass relationship; 'Secondary Insult' should be a subclass of 'Secondary Brain Injury'.,1.0,
218,relation,Secondary Brain Injury,worsens,Outcome,[inferred] cluster completion,accept_direct,,,,,The relationship 'Secondary Brain Injury worsens Outcome' is clinically valid as secondary brain injuries can negatively impact patient outcomes.,0.9,,,
219,relation,Secondary Insult,triggers intervention,Secondary Insult Therapy,[inferred] cluster completion,revise,4.5,Secondary Insult,isAssociatedWith,Secondary Insult Therapy,The relation 'triggers intervention' should be replaced with 'isAssociatedWith' as Secondary Insult is related to Secondary Insult Therapy in a clinical context.,0.85,The relation 'triggers intervention' should be 'isAssociatedWith' as Secondary Insult is related to Secondary Insult Therapy in a clinical context.,1.0,
220,relation,Secondary Insult Grades,defines,Secondary Insult,[inferred] cluster completion,revise,4.5,Secondary Insult Grades,isAConditionOf,Secondary Insult,The relation 'defines' should be replaced with 'isAConditionOf' as Secondary Insult Grades classifies events related to Secondary Insult.,0.8,The relation 'defines' should be 'isAConditionOf' as Secondary Insult Grades classifies events related to Secondary Insult.,0.9,
221,relation,Secondary Insult Therapy,is administered during,Secondary Insult,[inferred] cluster completion,accept_direct,,,,,The relationship 'is administered during' directly holds between 'Secondary Insult Therapy' and 'Secondary Insult' as therapy is given to manage secondary insults.,0.95,,,
222,relation,Secondary Insult Therapy,reduces,Secondary Brain Injury,[inferred] cluster completion,accept_direct,,,,,The relationship 'Secondary Insult Therapy reduces Secondary Brain Injury' is semantically correct as it directly connects a therapy to its effect on a condition.,0.95,,,
223,relation,Secondary Insult Treatment,targets condition,Secondary Insult,[inferred] cluster completion,accept_direct,,,,,The triple 'Secondary Insult Treatment targets Condition' is semantically correct as Secondary Insult Treatment is designed to address conditions related to secondary insults.,0.9,,,
224,relation,Analgesia,is administered during,Patient Transport,[inferred] cluster completion,revise,4.5,Analgesia,receivesTherapy,Patient Transport,The relation 'is administered during' should be replaced with 'receivesTherapy' as Analgesia is a type of therapy and Patient Transport is not a therapy class.,0.85,The relation 'is administered during' is incorrect; 'Analgesia' is a therapy that 'receivesTherapy' instead of being administered during 'Patient Transport'.,0.9,
225,relation,Analgesia,reduces,Poor Outcome,[inferred] cluster completion,revise,4.4,Analgesia,affectsOutcome,Poor Outcome,"The relation 'reduces' is not appropriate; 'Analgesia' should be linked to 'Outcome' with 'affectsOutcome' instead, as it is a therapy affecting outcomes.",0.9,"The relation 'reduces' is incorrect; 'Analgesia' affects 'Outcome', so it should be linked with 'affectsOutcome'.",1.0,
226,relation,Anti-hypertensives,is administered during,Ventilation,[inferred] cluster completion,revise,4.4,Anti-hypertensives,receivesTherapy,Ventilation,"The relation 'is administered during' is not appropriate; 'Anti-hypertensives' should 'receiveTherapy' as a therapy class, while 'Ventilation' is not a therapy.",0.9,"The relation 'is administered during' is incorrect; 'Anti-hypertensives' should 'receiveTherapy' as a therapy class, while 'Ventilation' is not a therapy.",1.0,
227,relation,Anti-pyretics,targets condition,Temperature,[inferred] cluster completion,revise,4.5,Anti-pyretics,receivesTherapy,Temperature,"The relation 'targetsCondition' is not appropriate; 'Anti-pyretics' should be linked to a therapy class, suggesting 'receivesTherapy' instead.",0.85,"Anti-pyretics should be linked to a therapy class, changing relation from targetsCondition to receivesTherapy.",1.0,
228,relation,Anti-pyretics,reduces,Poor Outcome,[inferred] cluster completion,revise,4.4,Anti-pyretics,targetsCondition,Poor Outcome,"The relation 'reduces' is not appropriate; 'Anti-pyretics' should 'targetsCondition' or 'isAdministeredDuring' 'Poor Outcome' instead, as it is a therapy affecting outcomes.",0.8,The relation 'reduces' is incorrect; 'Anti-pyretics' should 'targetsCondition' 'Poor Outcome' as it is a therapy affecting outcomes.,0.9,
229,relation,Antibiotics,is administered during,Patient Transport,[inferred] cluster completion,revise,4.4,Antibiotics,receivesTherapy,Patient Transport,The relation 'is administered during' is not appropriate; it should be 'receivesTherapy' since 'Antibiotics' is a therapy and 'Patient Transport' is not a therapy.,0.9,The relation 'is administered during' is incorrect; 'Antibiotics' is a therapy and should relate to 'Patient Transport' via 'receivesTherapy'.,1.0,
230,relation,Electrocardiogram (ECG),is monitored by,Ventilator,[inferred] cluster completion,revise,4.4,Electrocardiogram,hasMonitoringData,Ventilator,The relation 'is monitored by' is not appropriate as ECG is a monitoring data type; it should be 'hasMonitoringData' instead.,0.85,The relation 'is monitored by' is incorrect; ECG should have 'hasMonitoringData' as it represents monitoring data type.,1.0,
231,relation,EtCO2,is monitored by,Ventilator,[inferred] cluster completion,accept_direct,,,,,EtCO2 is monitored by Ventilator is a valid direct relationship as Ventilator is a monitoring device for EtCO2 levels.,0.95,,,
232,relation,EtCO2,measures parameter,Carbon Dioxide,[inferred] cluster completion,revise,4.4,EtCO2,isMonitoredBy,Carbon Dioxide,The relation 'measures parameter' should be replaced with 'isMonitoredBy' as EtCO2 is a monitoring data type that assesses Carbon Dioxide levels.,0.85,The relation 'measures parameter' should be 'isMonitoredBy' as EtCO2 assesses Carbon Dioxide levels.,1.0,
233,relation,Impedance Plethmography,is monitored by,Ventilator,[inferred] cluster completion,revise,4.4,Impedance Plethmography,hasMonitoringData,Ventilator,The relation 'is monitored by' should be 'hasMonitoringData' as Ventilator is a monitoring method and Impedance Plethmography is a monitoring data type.,0.9,The relation 'is monitored by' should be 'hasMonitoringData' as Ventilator is a monitoring method and Impedance Plethmography is a monitoring data type.,1.0,
234,relation,Insult,is a risk factor for,Poor Outcome,[inferred] cluster completion,accept_indirect,,,,,"Insult is a subclass of Secondary Insult, which is associated with Poor Outcome through the relationship 'isARiskFactorFor'.",0.85,,,
235,relation,Insult,triggers intervention,Ventilation,[inferred] cluster completion,revise,4.5,Insult,isAssociatedWith,Ventilation,The relation 'triggers intervention' should be replaced with 'isAssociatedWith' as it better reflects the relationship between 'Insult' and 'Ventilation'.,0.8,The relation 'triggers intervention' should be 'isAssociatedWith' to accurately reflect the relationship between Insult and Ventilation.,0.9,
236,relation,Paralysis,is a condition of,Neurological Injury,[inferred] cluster completion,revise,4.5,Paralysis,isAssociatedWith,Neurological Injury,"The relationship 'is a condition of' is not appropriate; 'Paralysis' should be linked to 'Neurological Injury' via 'isAssociatedWith' instead, as paralysis is a consequence of neurological injuries.",0.85,The relation 'is a condition of' is incorrect; 'Paralysis' should be linked to 'Neurological Injury' via 'isAssociatedWith' as paralysis is a consequence of neurological injuries.,1.0,
237,relation,Paralysis,affects outcome,Poor Outcome,[inferred] cluster completion,revise,4.4,Paralysis,isARiskFactorFor,Poor Outcome,The relation 'affectsOutcome' should be replaced with 'isARiskFactorFor' since 'Paralysis' is a risk factor for 'Poor Outcome'.,0.9,The relation 'affectsOutcome' should be 'isARiskFactorFor' as 'Paralysis' is a risk factor for 'Poor Outcome'.,1.0,
238,relation,Patient Transport,is associated with,Ventilation,[inferred] cluster completion,revise,4.4,Patient Transport,hasNursingIntervention,Ventilation,The relation 'is associated with' should be replaced with 'hasNursingIntervention' to correctly link 'Patient Transport' as a nursing intervention related to 'Ventilation'.,0.8,The relation 'is associated with' should be replaced with 'hasNursingIntervention' to correctly link 'Patient Transport' as a nursing intervention related to 'Ventilation'.,1.0,
239,relation,Patient Transport,is administered during,Analgesia,[inferred] cluster completion,revise,4.5,Patient Transport,hasNursingIntervention,Analgesia,The relation 'isAdministeredDuring' is not appropriate; 'Patient Transport' does not administer 'Analgesia'. A more suitable relation could be 'hasNursingIntervention'.,0.8,"The relation 'isAdministeredDuring' is incorrect; 'Patient Transport' does not administer 'Analgesia', but can have a nursing intervention related to it.",0.9,
240,relation,Poor Outcome,is influenced by,Insult,[inferred] cluster completion,accept_indirect,,,,,"Poor Outcome is influenced by Insult via the relationship: Insult affects Condition, which Poor Outcome is a type of.",0.85,,,
241,relation,Poor Outcome,is associated with,Paralysis,[inferred] cluster completion,reject,,,,,The relationship 'Poor Outcome is associated with Paralysis' is clinically implausible as outcomes do not directly associate with therapies; no small edit would correct it.,0.9,,,
242,relation,Sjo2,is monitored by,Ventilator,[inferred] cluster completion,reject,,,,,"Sjo2 is a monitoring parameter, while Ventilator is a therapy; the relationship 'is monitored by' does not hold between these classes as it requires a sensor or monitoring method.",0.9,,,
243,relation,Skull Fracture Elevation,is associated with,Head Injury,[inferred] cluster completion,accept_direct,,,,,The relationship 'Skull Fracture Elevation is associated with Head Injury' is clinically valid as skull fractures are commonly linked to head injuries.,0.9,,,
244,relation,TCD,is monitored by,Sensor,[inferred] cluster completion,accept_direct,,,,,The triple 'TCD is monitored by Sensor' is semantically correct as TCD is a monitoring parameter and Sensor is a valid class for devices that monitor physiological parameters.,0.95,,,
245,relation,Ventilation,is managed by,Ventilator,[inferred] cluster completion,accept_direct,,,,,The relationship 'Ventilation is managed by Ventilator' is semantically correct as ventilators are used to manage mechanical ventilation settings.,0.9,,,
246,relation,Ventilation,is associated with,Patient Transport,[inferred] cluster completion,revise,4.5,Ventilation,hasNursingIntervention,Patient Transport,The relation 'is associated with' is not a valid BrainIT predicate; it should be replaced with 'hasNursingIntervention' as Patient Transport is a nursing intervention.,0.85,"The relation 'is associated with' is incorrect; 'Patient Transport' is a nursing intervention, so it should be 'hasNursingIntervention'.",1.0,
247,relation,White Blood Cell Count,has laboratory value,Haematology,[inferred] cluster completion,revise,4.9,White Blood Cell Count,subClassOf,Haematology,"White Blood Cell Count is a specific analyte and should be subclassed under Haematology, not related by has laboratory value.",0.9,"White Blood Cell Count is a specific analyte and should be subclassed under Haematology, following the analyte→panel subclass pattern in the preamble.",1.0,
248,relation,Brain Temperature,is monitored by,Sensor,[inferred] cluster completion,accept_direct,,,,,The relationship 'Brain Temperature is monitored by Sensor' is semantically correct as sensors are used to monitor physiological parameters like brain temperature.,0.95,,,
249,relation,Brain Temperature,has monitoring data,Timepoint,[inferred] cluster completion,revise,4.5,Brain Temperature,isMonitoredBy,Timepoint,"The relation 'has monitoring data' is not appropriate; 'Brain Temperature' should be linked to 'Timepoint' via 'isMonitoredBy' instead, as 'Timepoint' is a moment in monitoring.",0.85,The relation 'has monitoring data' is incorrect; 'Brain Temperature' should be linked to 'Timepoint' via 'isMonitoredBy' as it represents monitoring moments.,1.0,
250,relation,Heart Rate,is monitored by,Sensor,[inferred] cluster completion,accept_direct,,,,,Heart Rate is monitored by Sensor is a direct relationship as monitoring parameters are recorded by sensors.,0.95,,,
251,relation,Heart Rate,has monitoring data,Timepoint,[inferred] cluster completion,revise,4.4,Heart Rate,isMonitoredBy,Timepoint,The relation 'has monitoring data' is not valid; 'Heart Rate' should be 'isMonitoredBy' for 'Timepoint' as it represents a specific moment in monitoring.,0.9,The relation 'has monitoring data' is incorrect; 'Heart Rate' should be 'isMonitoredBy' for 'Timepoint' as it represents a specific moment in monitoring.,1.0,
252,relation,ICP Sensor Placement,is related to,Sensor,[inferred] cluster completion,revise,4.5,ICP Sensor Placement,hasSurgicalProcedure,Sensor,The relation 'is related to' should be replaced with 'hasSurgicalProcedure' as ICP Sensor Placement is a specific surgical procedure related to the sensor class.,0.85,The relation 'is related to' should be 'hasSurgicalProcedure' as ICP Sensor Placement is a specific surgical procedure related to the Sensor class.,1.0,
253,relation,Measurement Time,has timepoint,Timepoint,[inferred] cluster completion,accept_direct,,,,,The relationship 'Measurement Time has timepoint Timepoint' is semantically correct as it directly links the concepts of measurement time and timepoints in monitoring.,0.95,,,
254,relation,NIBP,is monitored by,Sensor,[inferred] cluster completion,accept_direct,,,,,"NIBP is a parameter that is monitored by a sensor, which aligns with the definition of the relation 'isMonitoredBy'.",0.95,,,
255,relation,NIBP,has monitoring data,Timepoint,[inferred] cluster completion,revise,4.5,NIBP,isMonitoredBy,Timepoint,The relation 'has monitoring data' is not appropriate; it should be 'isMonitoredBy' since NIBP is a parameter monitored at a timepoint.,0.9,"NIBP is a parameter monitored at a timepoint, so the relation should be isMonitoredBy instead of hasMonitoringData.",1.0,
256,relation,Observation,is measured at,Timepoint,[inferred] cluster completion,accept_direct,,,,,Observation is measured at Timepoint is a direct relationship between the classes Observation and Timepoint as defined in the domain context.,0.95,,,
257,relation,Parameter,is measured by,Sensor,[inferred] cluster completion,revise,4.4,Sensor,measuresParameter,Parameter,The relation 'is measured by' should be 'measuresParameter' as it aligns with the role-type requirement for 'Parameter' and 'Sensor'.,0.9,The relation 'is measured by' should be 'measuresParameter' to correctly reflect the action of the sensor on the parameter.,0.9,
258,relation,Peripheral Temperature,is monitored by,Sensor,[inferred] cluster completion,accept_direct,,,,,"Peripheral Temperature is monitored by Sensor, which aligns with the definitions of both classes in the context of neurointensive care monitoring.",0.95,,,
259,relation,Peripheral Temperature,has monitoring data,Timepoint,[inferred] cluster completion,revise,4.4,Peripheral Temperature,isMonitoredBy,Timepoint,The relation 'has monitoring data' is not appropriate; 'Peripheral Temperature' should be related to 'Timepoint' via a monitoring relationship like 'isMonitoredBy'.,0.8,The relation 'has monitoring data' is incorrect; 'Peripheral Temperature' should be related to 'Timepoint' via 'isMonitoredBy'.,1.0,
260,relation,Reading,is measured at,Timepoint,[inferred] cluster completion,revise,4.4,Reading,hasTimepoint,Timepoint,The relation 'is measured at' is not valid; it should be 'hasTimepoint' since Reading is associated with a Timepoint in monitoring data.,0.85,The relation 'is measured at' is incorrect; it should be 'hasTimepoint' as Reading is associated with a Timepoint in monitoring data.,1.0,
261,relation,Reading,measures parameter,Parameter,[inferred] cluster completion,accept_direct,,,,,The triple 'Reading measures Parameter' is semantically correct as a Reading is a type of Observation that measures a Parameter in clinical settings.,0.95,,,
262,relation,Respiration Rate,is monitored by,Sensor,[inferred] cluster completion,accept_direct,,,,,Respiration Rate is monitored by Sensor is a valid direct relationship as Respiration Rate is a physiological parameter that requires monitoring by a sensor.,0.95,,,
263,relation,Respiration Rate,has monitoring data,Timepoint,[inferred] cluster completion,revise,4.4,Respiration Rate,isMonitoredBy,Timepoint,The relation 'hasMonitoringData' should be replaced with 'isMonitoredBy' as Respiration Rate is a parameter monitored by a timepoint.,0.85,The relation 'hasMonitoringData' should be 'isMonitoredBy' as Respiration Rate is monitored by a Timepoint.,1.0,
264,relation,Temperature,is monitored by,Sensor,[inferred] cluster completion,accept_direct,,,,,"Temperature is a physiological parameter that is monitored by Sensor, which aligns with the definitions provided in the domain context.",0.95,,,
265,relation,Temperature,has monitoring data,Timepoint,[inferred] cluster completion,revise,4.4,Temperature,isMonitoredBy,Timepoint,"The relation 'hasMonitoringData' is not appropriate; 'Temperature' should be monitored by a sensor, not have monitoring data directly. It should be 'isMonitoredBy'.",0.85,"The relation 'hasMonitoringData' is incorrect; 'Temperature' should be monitored by a sensor, hence 'isMonitoredBy' is appropriate.",1.0,
266,relation,Biochemistry,has laboratory value,Potassium,[inferred] cluster completion,revise,4.9,Potassium,subClassOf,Biochemistry,The relation 'has laboratory value' should be 'isATypeOf' since Potassium is a subclass of the analyte Biochemistry.,0.9,Potassium is an analyte and should be a subclass of Biochemistry according to the analyte→panel subclass pattern in the preamble.,1.0,
267,relation,Biochemistry,has laboratory value,Sodium,[inferred] cluster completion,revise,4.9,Sodium,subClassOf,Biochemistry,The relation 'has laboratory value' is incorrect; Sodium is an analyte and should be a subclass of Biochemistry instead.,0.9,"Sodium→Biochemistry is the analyte→panel subclass pattern in the preamble, so relation should be subClassOf.",1.0,
268,relation,Blood Gases,is monitored by,Monitoring,[inferred] cluster completion,revise,4.4,Blood Gases,hasMonitoringData,Monitoring,The relation 'is monitored by' should be 'hasMonitoringData' as Blood Gases are a type of Laboratory Value that have associated Monitoring Data.,0.9,The relation 'is monitored by' should be 'hasMonitoringData' as Blood Gases are a type of Laboratory Value that have associated Monitoring Data.,1.0,
269,relation,Cardiac Output,is monitored by,Monitoring,[inferred] cluster completion,revise,4.4,Cardiac Output,isMonitoredBy,Cardiac Output Monitoring,"Cardiac Output is a parameter and should be monitored by a specific monitoring method, not just 'Monitoring'; relation should be 'isMonitoredBy' with a specific monitoring class.",0.7,"The relation should be 'isMonitoredBy' with a specific monitoring class, as Cardiac Output requires a specific monitoring method.",1.0,low_evidence
270,relation,Fluids,is monitored by,Monitoring,[inferred] cluster completion,revise,4.4,Fluids,hasMonitoringData,Monitoring,The relation 'is monitored by' should be changed to 'hasMonitoringData' as Fluids is a therapy and Monitoring is a method of observation.,0.9,The relation 'is monitored by' should be 'hasMonitoringData' as Fluids is a therapy and Monitoring is a method of observation.,1.0,
271,relation,Glucose,is monitored by,Monitoring,[inferred] cluster completion,accept_direct,,,,,The relationship 'Glucose is monitored by Monitoring' is semantically correct as glucose is a physiological parameter that is continuously observed in critically ill patients.,0.95,,,
272,relation,Haematocrit,has laboratory value,Haematology,[inferred] cluster completion,revise,4.9,Haematocrit,subClassOf,Haematology,"Haematocrit is an analyte and should not be directly related to Haematology, which is a panel; the correct relation is subClassOf.",0.9,"Haematocrit is an analyte and should be a subclass of Haematology, which is the panel for blood-related tests.",1.0,
273,relation,Haematology,has laboratory value,Haemoglobin,[inferred] cluster completion,revise,4.9,Haemoglobin,subClassOf,Haematology,The triple 'Haematology has laboratory value Haemoglobin' should be revised to 'Haemoglobin subClassOf Haematology' as analytes are subclasses of their respective panels.,0.85,"Haemoglobin is an analyte that is a subclass of its panel Haematology, as per the ontology conventions.",1.0,
274,relation,Haematology,has laboratory value,Haematocrit,[inferred] cluster completion,revise,4.9,Haematocrit,isATypeOf,Haematology,The relationship 'has laboratory value' should be 'isATypeOf' since Haematocrit is a specific analyte under the broader category of Haematology.,0.9,"Haematocrit is a specific analyte under the broader category of Haematology, so the relation should be isATypeOf.",1.0,
275,relation,Haemoglobin,has laboratory value,Haematology,[inferred] cluster completion,revise,4.9,Haemoglobin,isATypeOf,Haematology,"Haemoglobin is an analyte and should be a subclass of Haematology, making the relation 'hasLaboratoryValue' incorrect; it should be 'isATypeOf'.",0.85,"Haemoglobin is an analyte and should be a subclass of Haematology, so the relation should be isATypeOf.",1.0,
276,relation,Monitoring,monitoring indicates condition,Secondary Insult,[inferred] cluster completion,reject,,,,,The relationship 'monitoring indicates condition' does not hold between 'Monitoring' and 'Secondary Insult'; they are not directly related in the ontology.,0.9,,,
277,relation,Nutrition,is monitored by,Monitoring,[inferred] cluster completion,revise,4.4,Nutrition,hasMonitoringData,Monitoring,The relation 'is monitored by' is not appropriate as Nutrition is not a monitoring method; it should be 'hasMonitoringData' to reflect the relationship correctly.,0.85,The relation 'is monitored by' is incorrect; 'Nutrition' should have 'hasMonitoringData' to reflect data associated with it.,1.0,
278,relation,Potassium,has laboratory value,Biochemistry,[inferred] cluster completion,revise,4.9,Potassium,isATypeOf,Biochemistry,The relation 'has laboratory value' should be 'isATypeOf' as Potassium is an analyte and Biochemistry is its panel; this follows the analyte→panel subclass pattern.,0.9,"Potassium is an analyte and Biochemistry is its panel, following the analyte→panel subclass pattern in the preamble.",1.0,
279,relation,Sedation,is monitored by,Monitoring,[inferred] cluster completion,revise,4.4,Sedation,hasMonitoringData,Monitoring,The relation 'is monitored by' should be 'hasMonitoringData' as Sedation is a therapy that has associated monitoring data.,0.9,The relation 'is monitored by' should be 'hasMonitoringData' as Sedation is a therapy that has associated monitoring data.,1.0,
280,relation,Sodium,has laboratory value,Biochemistry,[inferred] cluster completion,revise,4.9,Sodium,subClassOf,Biochemistry,"Sodium is an analyte and should be a subclass of Biochemistry, not have a laboratory value relationship; this follows the analyte→panel subclass pattern in the preamble.",0.9,"Sodium→Biochemistry is the analyte→panel subclass pattern in the preamble, so relation should be subClassOf.",1.0,
281,relation,Disability,is associated with,Outcome Score,[inferred] cluster completion,accept_direct,,,,,Disability is associated with Outcome Score as both are relevant in assessing the impact of brain injuries on daily living activities.,0.9,,,
282,relation,Disability,is influenced by,GCS Assessment,[inferred] cluster completion,revise,4.4,Disability,hasClinicalAssessment,GCS Assessment,"The relation 'is influenced by' is not appropriate; 'Disability' should be assessed by 'GCS Assessment', suggesting 'hasClinicalAssessment' instead.",0.85,"The relation 'is influenced by' is incorrect; 'Disability' should be assessed by 'GCS Assessment', thus 'hasClinicalAssessment' is appropriate.",1.0,
283,relation,GCS Assessment,is associated with,Pupil Assessment,[inferred] cluster completion,accept_direct,,,,,GCS Assessment is associated with Pupil Assessment as both are clinical assessments related to neurological status.,0.9,,,
284,relation,GOSe Outcome,relates to clinical outcome,Outcome Score,[inferred] cluster completion,revise,4.5,GOSe Outcome,affectsOutcome,Outcome Score,The relation 'relates to clinical outcome' should be replaced with 'affectsOutcome' as it directly connects 'GOSe Outcome' and 'Outcome Score' in the context of clinical outcomes.,0.85,The relation 'relates to clinical outcome' should be replaced with 'affectsOutcome' as it directly connects 'GOSe Outcome' and 'Outcome Score' in the context of clinical outcomes.,1.0,
285,relation,Motor Impairment,is associated with,Disability,[inferred] cluster completion,accept_direct,,,,,"Motor Impairment is associated with Disability, as both are relevant clinical concepts in brain injury assessment.",0.9,,,
286,relation,Motor Impairment,is influenced by,GCS Assessment,[inferred] cluster completion,accept_indirect,,,,,Motor Impairment is influenced by GCS Assessment indirectly through the assessment of neurological status affecting motor function.,0.8,,,
287,relation,Outcome Score,predicts outcome,GOSe Outcome,[inferred] cluster completion,revise,4.4,Outcome Score,affectsOutcome,GOSe Outcome,The relation 'predicts outcome' is not a valid BrainIT relation; it should be 'affectsOutcome' as both classes are outcomes.,0.85,The relation 'predicts outcome' is incorrect; it should be 'affectsOutcome' as both are outcome measures.,1.0,
288,relation,Outcome Score,is associated with,Disability,[inferred] cluster completion,accept_indirect,,,,,"Outcome Score indirectly assesses Disability through the relationship of evaluating neurological outcomes, which involves multiple intermediate concepts related to brain injury assessment.",0.7,,,low_evidence
289,relation,Pupil Assessment,is associated with,GCS Assessment,[inferred] cluster completion,accept_direct,,,,,Pupil Assessment is associated with GCS Assessment as both are clinical assessments related to neurological status.,0.9,,,
290,relation,CPP,is influenced by,ICP,[inferred] cluster completion,accept_direct,,,,,The relationship 'CPP is influenced by ICP' is clinically valid as ICP directly affects cerebral perfusion pressure in neurointensive care.,0.95,,,
291,relation,CPP,calculates,Mean Cerebral Perfusion Pressure,[inferred] cluster completion,revise,4.5,CPP,isMonitoredBy,Mean Cerebral Perfusion Pressure,The relation 'calculates' is not valid; it should be 'isMonitoredBy' since CPP is a parameter monitored by Mean Cerebral Perfusion Pressure.,0.9,"CPP is a parameter monitored by Mean Cerebral Perfusion Pressure, so the relation should be isMonitoredBy.",1.0,
292,relation,Intracranial Hypertension,is a condition of,ICP,[inferred] cluster completion,accept_direct,,,,,The triple 'Intracranial Hypertension is a condition of ICP' holds directly as ICP is a critical parameter related to the condition of Intracranial Hypertension.,0.95,,,
293,relation,Mean Cerebral Perfusion Pressure,is influenced by,ICP,[inferred] cluster completion,accept_direct,,,,,"Mean Cerebral Perfusion Pressure is influenced by ICP, which is a valid relationship in neurointensive care.",0.9,,,
294,relation,Pressure Reactivity Index (PRx),assesses,ICP,[inferred] cluster completion,accept_direct,,,,,The triple 'Pressure Reactivity Index (PRx) assesses ICP' is semantically correct as PRx is used to evaluate the brain's ability to regulate blood flow in relation to ICP.,0.95,,,
295,relation,Carbon Dioxide,is monitored by,Partial Pressure of Carbon Dioxide,[inferred] cluster completion,accept_direct,,,,,The relationship 'Carbon Dioxide is monitored by Partial Pressure of Carbon Dioxide' is semantically correct as both are related to respiratory function monitoring.,0.9,,,
296,relation,Carbon Dioxide,is associated with,Ventilation,[inferred] cluster completion,accept_direct,,,,,The relationship 'Carbon Dioxide is associated with Ventilation' is clinically valid as carbon dioxide levels are monitored to manage ventilation settings.,0.9,,,
297,relation,End-tidal Carbon Dioxide,assesses,Ventilation,[inferred] cluster completion,accept_direct,,,,,End-tidal Carbon Dioxide assesses Ventilation directly as it measures the effectiveness of ventilation management.,0.95,,,
298,relation,End-tidal Carbon Dioxide,is measured by,Sensor,[inferred] cluster completion,accept_direct,,,,,End-tidal Carbon Dioxide is measured by Sensor is a valid direct relationship as both classes are correctly defined in the context of monitoring physiological parameters.,0.95,,,
299,relation,Partial Pressure of Carbon Dioxide,is influenced by,Ventilation,[inferred] cluster completion,accept_direct,,,,,"Partial Pressure of Carbon Dioxide is influenced by Ventilation, as ventilation settings directly affect carbon dioxide levels in the blood.",0.95,,,
300,hierarchy,Decompressive Craniectomy,subClassOf,Surgical Procedure,Decompressive craniectomy (DC) is a surgical technique originally described by Kocher in 1901.,accept_direct,,,,,Decompressive Craniectomy is a valid subclass of Surgical Procedure as it is a recognized neurosurgical intervention in the neurointensive care context.,1.0,,,
301,hierarchy,Secondary Insult,subClassOf,Insult,One of the most critical types of systemic secondary insult is arterial hypotension.,accept_direct,,,,,The triple 'Secondary Insult subClassOf Insult' is semantically correct as 'Secondary Insult' is a subclass of 'Insult' in the neurointensive care context.,1.0,,,
302,hierarchy,Vasopressors,subClassOf,Baseline Therapy,[inferred] Vasopressors is a subclass of Baseline Therapy (deterministic hierarchy checklist).,reject,,,,,"Vasopressors is not a subclass of Baseline Therapy; it is a specific type of Secondary Insult Therapy used to manage blood pressure, not standard ICU therapy.",0.9,,,
303,hierarchy,Secondary Insult,subClassOf,Condition,[inferred] Secondary Insult is a subclass of Condition (deterministic hierarchy checklist).,reject,,,,,"The triple states that Secondary Insult is a subclass of Condition, but Condition is a generic superclass for all medical conditions, not specifically for secondary insults.",0.85,,,
304,hierarchy,Core Monitoring Parameter,subClassOf,Monitoring Data,[inferred] Chain-of-Layer: Core Monitoring Parameter is organized under Monitoring Data,accept_direct,,,,,Core Monitoring Parameter is a subclass of Monitoring Data as per the defined hierarchy in the BrainIT ontology.,1.0,,,
305,hierarchy,Heart Rate,subClassOf,Core Monitoring Parameter,[inferred] Chain-of-Layer: Heart Rate is organized under Core Monitoring Parameter,accept_direct,,,,,Heart Rate is a subclass of Core Monitoring Parameter as defined in the ontology.,1.0,,,
306,hierarchy,Mean Arterial Pressure (MAP),subClassOf,Core Monitoring Parameter,[inferred] Chain-of-Layer: Mean Arterial Pressure (MAP) is organized under Core Monitoring Parameter,accept_direct,,,,,Mean Arterial Pressure (MAP) is a subclass of Core Monitoring Parameter as per the established hierarchy in the BrainIT ontology.,1.0,,,
307,hierarchy,Mean Intracranial Pressure,subClassOf,Core Monitoring Parameter,[inferred] Chain-of-Layer: Mean Intracranial Pressure is organized under Core Monitoring Parameter,accept_direct,,,,,Mean Intracranial Pressure is a specific measure that directly falls under the category of Core Monitoring Parameter.,1.0,,,
308,hierarchy,Mean Cerebral Perfusion Pressure,subClassOf,Core Monitoring Parameter,[inferred] Chain-of-Layer: Mean Cerebral Perfusion Pressure is organized under Core Monitoring Parameter,revise,4.1,Mean Cerebral Perfusion Pressure,subClassOf,Physiological Data,"Mean Cerebral Perfusion Pressure should be a subclass of Physiological Data instead of Core Monitoring Parameter, as it is a derived parameter related to cerebral perfusion.",0.9,Mean Cerebral Perfusion Pressure should be a subclass of Physiological Data as it relates to cerebral perfusion.,1.0,
309,hierarchy,Pressure Reactivity Index (PRx),subClassOf,Core Monitoring Parameter,[inferred] Chain-of-Layer: Pressure Reactivity Index (PRx) is organized under Core Monitoring Parameter,accept_direct,,,,,Pressure Reactivity Index (PRx) is a subclass of Core Monitoring Parameter as per the established hierarchy in the domain context.,1.0,,,
310,hierarchy,Monitoring Time,subClassOf,Monitoring Data,[inferred] Chain-of-Layer: Monitoring Time is organized under Monitoring Data,accept_direct,,,,,"Monitoring Time is a subclass of Monitoring Data, which aligns with the hierarchy structure in the domain context.",1.0,,,
311,hierarchy,Baseline Therapy,subClassOf,Therapy,[inferred] Chain-of-Layer: Baseline Therapy is organized under Therapy,accept_direct,,,,,The triple 'Baseline Therapy subClassOf Therapy' is semantically correct as Baseline Therapy is a subclass of the top-level class Therapy in the BrainIT ontology.,1.0,,,
312,hierarchy,Barbiturates,subClassOf,Secondary Insult Therapy,[inferred] Chain-of-Layer: Barbiturates is organized under Baseline Therapy,revise,4.9,Barbiturates,subClassOf,Baseline Therapy,"Barbiturates is a subclass of Baseline Therapy, not Secondary Insult Therapy; the relation should be subClassOf instead of the current hierarchy.",0.9,"Barbiturates is a subclass of Baseline Therapy as per the domain context, so the relation should be subClassOf.",1.0,
313,hierarchy,Traumatic Brain Injury,subClassOf,Condition,[inferred] Chain-of-Layer: Traumatic Brain Injury is organized under Condition,reject,,,,,"The definition of 'Condition' incorrectly describes a type of stroke, while 'Traumatic Brain Injury' is a distinct condition; thus, the subclass relationship is semantically incorrect.",0.9,,,
314,hierarchy,Sepsis,subClassOf,Condition,[inferred] Chain-of-Layer: Sepsis is organized under Condition,reject,,,,,"Sepsis is not a subclass of Condition; the definition provided incorrectly describes Condition as a type of stroke, which is not accurate.",0.9,,,
315,hierarchy,Septic Shock,subClassOf,Condition,[inferred] Chain-of-Layer: Septic Shock is organized under Condition,reject,,,,,"Septic Shock is not a subclass of Condition as defined; Condition refers specifically to types of stroke, which does not include Septic Shock.",0.7,,,low_evidence
316,hierarchy,GCS Assessment,subClassOf,Clinical Assessment,[inferred] Chain-of-Layer: GCS Assessment is organized under Outcome,accept_direct,,,,,"GCS Assessment is a specific type of Clinical Assessment, confirming the subclass relationship.",0.95,,,
317,hierarchy,Guideline Adherence,subClassOf,Guideline,[inferred] Chain-of-Layer: Guideline Adherence is organized under Guideline,revise,4.1,Guideline Adherence,subClassOf,Clinical Practice,The relation 'subClassOf' is incorrect; 'Guideline Adherence' should be a subclass of 'Clinical Practice' instead of 'Guideline'.,0.9,"Guideline Adherence should be a subclass of Clinical Practice as per the context provided, indicating a more general classification.",1.0,
318,hierarchy,Cerebrovascular Autoregulation,subClassOf,Condition,[inferred] Cerebrovascular Autoregulation is a subclass of Condition (deterministic hierarchy checklist).,reject,,,,,Cerebrovascular Autoregulation is not a subclass of Condition; it is a physiological mechanism rather than a medical condition.,0.9,,,
319,hierarchy,Haematocrit,subClassOf,Haematology,the physiological vital functions are extensively monitored.,revise,4.9,Haematocrit,subClassOf,Laboratory Values,"Haematocrit is a subclass of Laboratory Values, specifically under Haematology; the relation should be subClassOf instead of subClassOf.",0.85,"Haematocrit is a subclass of Laboratory Values, specifically under Haematology, so relation should be subClassOf.",1.0,
320,hierarchy,TCD,subClassOf,Optional Monitoring Parameter,the physiological vital functions are extensively monitored.,revise,4.4,TCD,isATypeOf,Optional Monitoring Parameter,"The relation 'subClassOf' should be 'isATypeOf' as TCD is a specific type of Optional Monitoring Parameter, not a subclass of it.",0.9,"The relation should be isATypeOf as TCD is a specific type of Optional Monitoring Parameter, not a subclass of it.",1.0,
321,hierarchy,Optional Monitoring Parameter,subClassOf,Monitoring Data,the physiological vital functions are extensively monitored.,revise,4.9,Monitoring Data,subClassOf,Optional Monitoring Parameter,The relation 'subClassOf' is incorrect; 'Optional Monitoring Parameter' should be a subclass of 'Monitoring Data' instead of the other way around.,0.9,The relation 'subClassOf' should be reversed as 'Optional Monitoring Parameter' is a specific type of 'Monitoring Data'.,1.0,
322,hierarchy,ICP,subClassOf,Core Monitoring Parameter,the physiological vital functions are extensively monitored.,accept_direct,,,,,ICP is a subclass of Core Monitoring Parameter as it is a critical parameter in neurological assessments and fits the defined hierarchy.,0.95,,,
323,hierarchy,Removal of Foreign Body,subClassOf,Surgical Procedure,the physiological vital functions are extensively monitored.,accept_direct,,,,,"Removal of Foreign Body is a subclass of Surgical Procedure, which is directly supported by the definitions provided in the domain context.",1.0,,,
324,hierarchy,Peripheral Temperature,subClassOf,Optional Monitoring Parameter,the physiological vital functions are extensively monitored.,accept_direct,,,,,"Peripheral Temperature is a valid subclass of Optional Monitoring Parameter, confirming the subclass relationship.",0.95,,,
325,hierarchy,Sodium,subClassOf,Biochemistry,the physiological vital functions are extensively monitored.,revise,4.9,Sodium,subClassOf,Biochemistry,Sodium is a valid subclass of Biochemistry as it is an analyte within the biochemistry panel; the relation should be subClassOf.,0.9,"Sodium→Biochemistry is the analyte→panel subclass pattern in the preamble, so relation should be subClassOf.",1.0,
326,hierarchy,Fluids,subClassOf,Baseline Therapy,the physiological vital functions are extensively monitored.,revise,4.9,Baseline Therapy,subClassOf,Fluids,"Fluids should be a subclass of Baseline Therapy, not the other way around; the relation should be subClassOf.",0.9,"Fluids is a subclass of Baseline Therapy according to the domain context, so the relation should be subClassOf.",1.0,
327,hierarchy,Extra Ventricular Drain Placement,subClassOf,Surgical Procedure,the physiological vital functions are extensively monitored.,revise,4.9,Extra Ventricular Drain Placement,subClassOf,Surgical Procedure,Extra Ventricular Drain Placement should be a subclass of Surgical Procedure; the relation should be subClassOf instead of a direct relationship.,0.9,"Extra Ventricular Drain Placement should be a subclass of Surgical Procedure, as per the domain context hierarchy.",1.0,
328,hierarchy,EtCO2,subClassOf,Optional Monitoring Parameter,the physiological vital functions are extensively monitored.,revise,4.1,EtCO2,subClassOf,Monitoring Data,"EtCO2 should be classified as a subclass of Monitoring Data, not as a subclass of Optional Monitoring Parameter, as it is a specific monitoring parameter.",0.9,"EtCO2 should be classified as a subclass of Monitoring Data, reflecting its specific nature as a monitoring parameter.",1.0,
329,hierarchy,Sjo2,subClassOf,Optional Monitoring Parameter,the physiological vital functions are extensively monitored.,revise,4.9,Sjo2,subClassOf,Physiological Data,"Sjo2 is a subclass of Physiological Data, not Optional Monitoring Parameter; relation should be subClassOf instead of subClassOf.",0.9,"Sjo2 is a subclass of Physiological Data according to the domain context, so relation should be subClassOf.",1.0,
330,hierarchy,Blood Gases,subClassOf,Laboratory Values,the physiological vital functions are extensively monitored.,revise,4.9,Blood Gases,subClassOf,Laboratory Values,"Blood Gases should be subClassOf Laboratory Values as analytes are subclasses of their respective panels, not a direct subclass relationship.",0.85,"Blood Gases should be subClassOf Laboratory Values as analytes are subclasses of their respective panels, per the preamble.",1.0,
331,hierarchy,Haemoglobin,subClassOf,Haematology,the physiological vital functions are extensively monitored.,revise,4.9,Haemoglobin,subClassOf,Laboratory Values,"Haemoglobin is a valid subclass of Laboratory Values, which is a panel; the relation should be subClassOf instead of subClassOf.",0.9,Haemoglobin is an analyte and should be a subclass of Laboratory Values as per the preamble's subclass pattern.,1.0,
332,hierarchy,Glucose,subClassOf,Biochemistry,the physiological vital functions are extensively monitored.,revise,4.9,Glucose,subClassOf,Laboratory Values,"Glucose is a valid subclass of Laboratory Values, specifically under Biochemistry, thus the relation should be subClassOf instead of subClassOf.",0.85,"Glucose is a valid subclass of Laboratory Values as per the preamble, thus the relation should be subClassOf.",1.0,
333,hierarchy,Anterior Fossa Repair,subClassOf,Surgical Procedure,the physiological vital functions are extensively monitored.,accept_direct,,,,,Anterior Fossa Repair is a subclass of Surgical Procedure as it is a specific type of neurosurgical procedure performed in the ICU.,0.95,,,
334,hierarchy,Secondary Insult Treatment,subClassOf,Secondary Insult Therapy,the physiological vital functions are extensively monitored.,accept_direct,,,,,The triple 'Secondary Insult Treatment subClassOf Secondary Insult Therapy' is semantically correct as it directly reflects the subclass relationship defined in the ontology.,0.95,,,
335,hierarchy,NIBP,subClassOf,Optional Monitoring Parameter,the physiological vital functions are extensively monitored.,accept_direct,,,,,"NIBP is a subclass of Optional Monitoring Parameter, which is a valid hierarchical relationship in the BrainIT ontology.",1.0,,,
336,hierarchy,Hypotension,subClassOf,Condition,the physiological vital functions are extensively monitored.,reject,,,,,"Hypotension is not a subclass of Condition; the definition incorrectly describes it as a type of stroke, which it is not.",0.9,,,
337,hierarchy,Haematology,subClassOf,Laboratory Values,the physiological vital functions are extensively monitored.,revise,4.9,Laboratory Values,subClassOf,Haematology,Haematology should be a subclass of Laboratory Values as it represents a specific category of routine laboratory tests; relation should be subClassOf.,0.9,"Laboratory Values should be a subclass of Haematology as it represents a category of routine laboratory tests, following the subclass pattern in the preamble.",0.9,
338,hierarchy,Sedation,subClassOf,Baseline Therapy,the physiological vital functions are extensively monitored.,revise,4.9,Sedation,subClassOf,Baseline Therapy,The triple should be 'Sedation subClassOf Baseline Therapy' as Sedation is a subclass of the broader category of Baseline Therapy in the neurointensive care context.,0.9,"Sedation is a subclass of the broader category Baseline Therapy in the neurointensive care context, as per the domain conventions.",1.0,
339,hierarchy,CT Scan Assessment,subClassOf,Clinical Assessment,the physiological vital functions are extensively monitored.,accept_direct,,,,,CT Scan Assessment is a subclass of Clinical Assessment as defined in the domain context.,0.95,,,
340,hierarchy,Hypotension,subClassOf,Septic Shock,Duration of hypotension before initiation of effective antimicrobial therapy is the critical determinant of survival in human septic shock.,reject,,,,,Hypotension and Septic Shock are not in a subclass relationship; they are distinct conditions with different clinical implications.,0.85,,,
341,hierarchy,Hypoperfusion,subClassOf,Cerebrovascular Autoregulation,secondary ischemic damage from associated hypoperfusion.,reject,,,,,Hypoperfusion is not a subclass of Cerebrovascular Autoregulation; they are distinct concepts with no hierarchical relationship.,0.9,,,
342,hierarchy,Cardiac Output,subClassOf,Optional Monitoring Parameter,Domain-scope scaffolding: Cardiac Output is a known subclass of Optional Monitoring Parameter in the BrainIT domain.,accept_direct,,,,,"Cardiac Output is a known subclass of Optional Monitoring Parameter in the BrainIT domain, confirming the direct subclass relationship.",1.0,,,
343,hierarchy,Nutrition,subClassOf,Baseline Therapy,Domain-scope scaffolding: Nutrition is a known subclass of Baseline Therapy in the BrainIT domain.,accept_direct,,,,,"Nutrition is a known subclass of Baseline Therapy in the BrainIT domain, confirming the direct subclass relationship.",0.95,,,
344,hierarchy,Pupil Assessment,subClassOf,Clinical Assessment,Domain-scope scaffolding: Pupil Assessment is a known subclass of Clinical Assessment in the BrainIT domain.,accept_direct,,,,,"Pupil Assessment is a known subclass of Clinical Assessment in the BrainIT domain, as stated in the evidence.",1.0,,,
345,hierarchy,Potassium,subClassOf,Biochemistry,Domain-scope scaffolding: Potassium is a known subclass of Biochemistry in the BrainIT domain.,revise,4.9,Potassium,subClassOf,Biochemistry,Potassium is a known subclass of Biochemistry; the relation should be subClassOf instead of subClassOf as it indicates a hierarchy relationship.,0.7,"Potassium is a known subclass of Biochemistry, so the relation should be subClassOf to reflect the hierarchy.",1.0,low_evidence
346,hierarchy,Possible Error,subClassOf,Data Quality Assessment,Domain-scope scaffolding: Possible Error is a known subclass of Data Quality Assessment in the BrainIT domain.,accept_direct,,,,,"Possible Error is a known subclass of Data Quality Assessment in the BrainIT domain, confirming the hierarchy relationship.",1.0,,,
347,hierarchy,Hypertension,subClassOf,Condition,Schema-inferred: Hypertension is a subclass of Condition.,reject,,,,,"Hypertension is not a subclass of Condition; the definition incorrectly describes it as a type of stroke, which is not accurate.",0.9,,,
348,hierarchy,Biochemistry,subClassOf,Laboratory Values,Schema-inferred: Biochemistry is a subclass of Laboratory Values.,revise,4.9,Laboratory Values,subClassOf,Biochemistry,"Biochemistry is a valid subclass of Laboratory Values, indicating a subclass relationship; the relation should be subClassOf instead of subClassOf.",0.9,"Laboratory Values is a superclass for the analytes in Biochemistry, so the relation should be subClassOf.",0.9,
349,hierarchy,Arterial Pressors,subClassOf,Secondary Insult Therapy,Schema-inferred: Arterial Pressors is a subclass of Secondary Insult Therapy.,accept_direct,,,,,"Arterial Pressors is a subclass of Secondary Insult Therapy, which is a valid hierarchy relationship in the neurointensive care domain.",1.0,,,
350,hierarchy,Secondary Insult Therapy,subClassOf,Therapy,Schema-inferred: Secondary Insult Therapy is a subclass of Therapy.,accept_direct,,,,,The triple 'Secondary Insult Therapy subClassOf Therapy' is semantically correct as it directly aligns with the defined hierarchy in the BrainIT ontology.,1.0,,,
351,hierarchy,Intracranial Hypertension,subClassOf,Secondary Insult,Schema-inferred: Intracranial Hypertension is a subclass of Secondary Insult.,accept_direct,,,,,"Intracranial Hypertension is a subclass of Secondary Insult, which aligns with the definitions provided in the domain context.",0.95,,,
352,hierarchy,Jugular Venous Desaturation,subClassOf,Secondary Insult,Schema-inferred: Jugular Venous Desaturation is a subclass of Secondary Insult.,accept_direct,,,,,"Jugular Venous Desaturation is a subclass of Secondary Insult, which is supported by the provided definition and aligns with the neurointensive care context.",0.95,,,
353,hierarchy,GOSe Outcome,subClassOf,Outcome,Schema-inferred: GOSe Outcome is a subclass of Outcome.,accept_direct,,,,,"GOSe Outcome is a subclass of Outcome, which is directly supported by the domain context.",1.0,,,
354,hierarchy,CVP,subClassOf,Optional Monitoring Parameter,Schema-inferred: Central Venous Pressure is a subclass of Optional Monitoring Parameter.,revise,4.1,CVP,subClassOf,Physiological Data,"CVP is a physiological parameter that should be classified as a subclass of Physiological Data, not Optional Monitoring Parameter; relation should be subClassOf.",0.9,"CVP should be classified as a subclass of Physiological Data, as it is a physiological parameter.",1.0,
355,hierarchy,Acute Respiratory Distress Syndrome,subClassOf,Secondary Insult,Schema-inferred: Acute Respiratory Distress Syndrome is a subclass of Secondary Insult.,reject,,,,,"Acute Respiratory Distress Syndrome is not a subclass of Secondary Insult; they are distinct conditions, and the relationship does not hold.",0.9,,,
356,hierarchy,Traumatic Brain Injury,subClassOf,Brain Injury,Traumatic brain injury (TBI) is a leading cause of death and long-term disability worldwide.,accept_direct,,,,,"Traumatic Brain Injury is a subclass of Brain Injury, which is consistent with the definitions provided.",1.0,,,
357,hierarchy,Condition,subClassOf,Mortality,"Clinical management of this population is focused on minimising tivity, disease severity and mortality is related to the partial pressure of any secondary injury, such as ischemia or raised intracranial pressure brain tissue oxygen (PbtO2) .",reject,,,,,"Condition and Mortality are not hierarchically related; mortality is an outcome, not a subclass of condition.",0.9,,,
358,hierarchy,Arterial Hypotension,subClassOf,Secondary Insult,[inferred] Arterial Hypotension is a subclass of Secondary Insult (deterministic hierarchy checklist).,accept_direct,,,,,"Arterial Hypotension is a subclass of Secondary Insult, which aligns with the definitions provided in the domain context.",0.95,,,
359,hierarchy,Brain Injury,subClassOf,Condition,[inferred] Chain-of-Layer: Brain Injury is organized under Condition,reject,,,,,The triple incorrectly states that 'Brain Injury' is a subclass of 'Condition'; 'Condition' is a generic superclass and does not directly classify 'Brain Injury'.,0.9,,,
360,hierarchy,Secondary Brain Injury,subClassOf,Brain Injury,[inferred] Chain-of-Layer: Secondary Brain Injury is organized under Brain Injury,accept_direct,,,,,Secondary Brain Injury is a subclass of Brain Injury as per the defined hierarchy in the domain context.,1.0,,,
361,hierarchy,Cerebrovascular Autoregulation,subClassOf,Secondary Insult,[inferred] Chain-of-Layer: Cerebrovascular Autoregulation is organized under Secondary Insult,revise,4.1,Cerebrovascular Autoregulation,subClassOf,Insult,"Cerebrovascular Autoregulation should be a subclass of Insult, not Secondary Insult, as it represents a physiological mechanism rather than an additional injury.",0.85,"Cerebrovascular Autoregulation should be a subclass of Insult as it represents a physiological mechanism, not an additional injury.",0.9,
362,hierarchy,Adverse Event,subClassOf,Condition,[inferred] Chain-of-Layer: Adverse Event is organized under Condition,reject,,,,,"Adverse Event is not a subclass of Condition; it is a specific occurrence related to medical interventions, not a type of medical condition.",0.95,,,
363,hierarchy,Heart Rate,subClassOf,Physiological Data,[inferred] Chain-of-Layer: Heart Rate is organized under Physiological Data,accept_direct,,,,,"Heart Rate is a subclass of Physiological Data as per the domain context, confirming the hierarchy relationship directly.",1.0,,,
364,hierarchy,Mean Arterial Pressure (MAP),subClassOf,Physiological Data,[inferred] Chain-of-Layer: Mean Arterial Pressure (MAP) is organized under Physiological Data,accept_direct,,,,,Mean Arterial Pressure (MAP) is a subclass of Physiological Data as it reflects physiological parameters of a patient directly.,0.95,,,
365,hierarchy,ICP,subClassOf,Physiological Data,[inferred] Chain-of-Layer: ICP is organized under Physiological Data,accept_direct,,,,,ICP is a subclass of Physiological Data as it reflects a physiological parameter of a patient directly.,0.95,,,
366,hierarchy,CPP,subClassOf,Physiological Data,[inferred] Chain-of-Layer: CPP is organized under Physiological Data,accept_direct,,,,,CPP is a subclass of Physiological Data as it reflects a physiological parameter relevant to TBI patients.,0.9,,,
367,hierarchy,Carbon Dioxide,subClassOf,Physiological Data,[inferred] Chain-of-Layer: Carbon Dioxide is organized under Physiological Data,revise,4.9,Carbon Dioxide,subClassOf,Physiological Data,"Carbon Dioxide should be subClassOf Physiological Data as it reflects a physiological parameter, aligning with the subclass pattern in the preamble.",0.9,"The relation should be subClassOf as Carbon Dioxide is a physiological parameter, aligning with the subclass pattern in the preamble.",1.0,
368,hierarchy,Pbro2,subClassOf,Physiological Data,[inferred] Chain-of-Layer: Pbro2 is organized under Physiological Data,revise,4.9,Pbro2,subClassOf,Physiological Data,"Pbro2 is a specific parameter that should be classified as a subclass of Physiological Data, not as a direct subclass relationship; the relation should be subClassOf.",0.9,"Pbro2 is a specific parameter that should be classified as a subclass of Physiological Data, aligning with the hierarchy structure.",1.0,
369,hierarchy,Partial Pressure of Brain Tissue Oxygen,subClassOf,Physiological Data,[inferred] Chain-of-Layer: Partial Pressure of Brain Tissue Oxygen is organized under Physiological Data,accept_direct,,,,,"Partial Pressure of Brain Tissue Oxygen is a subclass of Physiological Data as it reflects a physiological parameter of a patient, aligning with the hierarchy in the domain context.",0.95,,,
370,hierarchy,Partial Pressure of Carbon Dioxide,subClassOf,Physiological Data,[inferred] Chain-of-Layer: Partial Pressure of Carbon Dioxide is organized under Physiological Data,accept_direct,,,,,"Partial Pressure of Carbon Dioxide is a subclass of Physiological Data, as stated in the domain context.",0.95,,,
371,hierarchy,Hypothermia Therapy,subClassOf,Baseline Therapy,[inferred] Chain-of-Layer: Hypothermia Therapy is organized under Therapy,revise,4.4,Hypothermia Therapy,receivesTherapy,Baseline Therapy,"Hypothermia Therapy is a subclass of Therapy, but the definition of Baseline Therapy is incorrect; it should not define a state of carbon dioxide levels.",0.8,"The relation should be receivesTherapy as Hypothermia Therapy is a treatment type under Baseline Therapy, not a subclass.",0.9,
372,hierarchy,Patient Interventions,subClassOf,Therapy,[inferred] Chain-of-Layer: Patient Interventions is organized under Therapy,accept_direct,,,,,"Patient Interventions is a subclass of Therapy, as stated in the preamble, making the hierarchy relationship valid.",1.0,,,
373,hierarchy,Guideline Adherence,subClassOf,Clinical Practice,[inferred] Chain-of-Layer: Guideline Adherence is organized under Clinical Practice,accept_direct,,,,,"Guideline Adherence is a subclass of Clinical Practice, which is directly supported by the domain context.",1.0,,,
374,hierarchy,Clinical Reminders,subClassOf,Clinical Practice,[inferred] Chain-of-Layer: Clinical Reminders is organized under Clinical Practice,accept_direct,,,,,Clinical Reminders is a subclass of Clinical Practice as per the hierarchy established in the ontology.,1.0,,,
375,hierarchy,Outcome Score,subClassOf,Outcome,[inferred] Chain-of-Layer: Outcome Score is organized under Outcome,accept_direct,,,,,"Outcome Score is a subclass of Outcome, which is directly supported by the provided evidence.",0.9,,,
376,hierarchy,Mortality,subClassOf,Outcome,[inferred] Mortality is a subclass of Outcome (deterministic hierarchy checklist).,accept_direct,,,,,"Mortality is a subclass of Outcome, which is a direct hierarchical relationship.",1.0,,,
377,hierarchy,Pressure Reactivity Index (PRx),subClassOf,Derived Parameter,derived index reflecting cerebrovascular pressure reactivity,accept_direct,,,,,Pressure Reactivity Index (PRx) is a subclass of Derived Parameter as it is a specific type of monitoring parameter computed from other measured parameters.,0.95,,,
378,hierarchy,Physiotherapy,subClassOf,Nursing Intervention,[inferred] Physiotherapy is a subclass of Nursing Intervention.,revise,4.9,Physiotherapy,subClassOf,Nursing Intervention,Physiotherapy should be a subclass of Nursing Intervention as per the preamble; the relation should be subClassOf.,0.9,"Physiotherapy is a subclass of Nursing Intervention as per the preamble, so the relation should be subClassOf.",1.0,
379,hierarchy,ICP Sensor Placement,subClassOf,Surgical Procedure,placement of ICP monitoring sensor,revise,4.7,ICP Sensor Placement,isAssociatedWith,Surgical Procedure,"The relation 'subClassOf' is incorrect; 'ICP Sensor Placement' should be classified as a specific type of 'Surgical Procedure', not a subclass of it.",0.9,The relation 'subClassOf' is incorrect; 'ICP Sensor Placement' should be directly associated with 'Surgical Procedure' instead of being a subclass.,0.9,
380,hierarchy,White Blood Cell Count,subClassOf,Haematology,[inferred] White Blood Cell Count is a subclass of Haematology.,revise,4.9,White Blood Cell Count,subClassOf,Laboratory Values,"White Blood Cell Count is a valid subclass of Laboratory Values, not Haematology; the relation should be subClassOf instead of subClassOf.",0.7,"White Blood Cell Count is a valid subclass of Laboratory Values, so the relation should be subClassOf instead of subClassOf.",1.0,low_evidence
381,hierarchy,Analgesia,subClassOf,Baseline Therapy,[inferred] Analgesia is a subclass of Baseline Therapy.,accept_direct,,,,,"Analgesia is a subclass of Baseline Therapy, which is directly supported by the domain context and evidence provided.",0.95,,,
382,hierarchy,Noradrenaline,subClassOf,Vasopressors,[inferred] Noradrenaline is a subclass of Vasopressors.,accept_direct,,,,,"Noradrenaline is a subclass of Vasopressors, which is a valid direct hierarchy relationship in the neurointensive care domain.",0.95,,,
383,hierarchy,Anti-pyretics,subClassOf,Baseline Therapy,[inferred] Anti-pyretics is a subclass of Baseline Therapy.,accept_direct,,,,,"Anti-pyretics is a subclass of Baseline Therapy, which is consistent with the hierarchy in the BrainIT ontology.",1.0,,,
384,hierarchy,Paralysis,subClassOf,Baseline Therapy,[inferred] Paralysis is a subclass of Baseline Therapy.,reject,,,,,"Paralysis is not a subclass of Baseline Therapy; it is a type of intervention, not a standard ICU therapy.",0.9,,,
385,hierarchy,Anti-hypertensives,subClassOf,Baseline Therapy,[inferred] Anti-hypertensives is a subclass of Baseline Therapy.,accept_direct,,,,,Anti-hypertensives is a subclass of Baseline Therapy as stated in the domain context.,1.0,,,
386,hierarchy,Osmotics,subClassOf,Secondary Insult Therapy,[inferred] Osmotics is a subclass of Secondary Insult Therapy.,accept_direct,,,,,"Osmotics is a subclass of Secondary Insult Therapy, which is directly supported by the domain context.",1.0,,,
387,hierarchy,Skull Fracture Elevation,subClassOf,Surgical Procedure,[inferred] Skull Fracture Elevation is a subclass of Surgical Procedure.,accept_direct,,,,,"Skull Fracture Elevation is a subclass of Surgical Procedure, which is consistent with the domain definitions provided.",0.95,,,
388,hierarchy,CPP,subClassOf,Derived Parameter,Cerebral Perfusion Pressure (CPP) management,accept_direct,,,,,CPP is a subclass of Derived Parameter as it is a monitoring parameter computed from other measured parameters.,0.9,,,
389,hierarchy,Patient Transport,subClassOf,Nursing Intervention,[inferred] Patient Transport is a subclass of Nursing Intervention.,revise,4.9,Patient Transport,subClassOf,Nursing Intervention,"Patient Transport should be a subclass of Nursing Intervention as it fits the category of routine nursing care, but the relation 'subClassOf' needs to be explicitly stated.",0.9,The relation 'subClassOf' is appropriate as Patient Transport fits the category of Nursing Intervention per the domain context.,1.0,
390,hierarchy,Systemic Hypotension,subClassOf,Secondary Insult,[inferred] Systemic Hypotension is a subclass of Secondary Insult.,accept_direct,,,,,"Systemic Hypotension is a subclass of Secondary Insult, which is clinically valid in neurointensive care contexts.",0.95,,,
391,hierarchy,Ventilation,subClassOf,Baseline Therapy,[inferred] Ventilation is a subclass of Baseline Therapy.,revise,4.9,Ventilation,subClassOf,Baseline Therapy,"Ventilation should be classified as a subclass of Baseline Therapy, aligning with the hierarchy of therapy types in the preamble.",0.9,Ventilation is a subclass of Baseline Therapy according to the hierarchy of therapy types in the preamble.,1.0,
392,hierarchy,Routine Nursing Care,subClassOf,Nursing Intervention,routine nursing care,revise,4.9,Routine Nursing Care,subClassOf,Nursing Intervention,Routine Nursing Care is a subclass of Nursing Intervention; the relation should be subClassOf instead of subClassOf.,0.9,"Routine Nursing Care is a subclass of Nursing Intervention according to the domain context, so the relation should be subClassOf.",1.0,
393,hierarchy,Antibiotics,subClassOf,Baseline Therapy,[inferred] Antibiotics is a subclass of Baseline Therapy.,revise,4.1,Antibiotics,subClassOf,Therapy,"The relation 'subClassOf' is correct, but 'Antibiotics' should be a subclass of 'Therapy' instead of 'Baseline Therapy' as per the hierarchy rules.",0.9,"Antibiotics should be a subclass of Therapy, as per the hierarchy rules in the domain context.",1.0,
394,hierarchy,Hypotension,subClassOf,Secondary Insult,Hypotension is a recognized secondary insult after traumatic brain injury (TBI).,accept_direct,,,,,"Hypotension is a recognized secondary insult after traumatic brain injury (TBI), making the subclass relationship valid.",0.95,,,
395,hierarchy,Steroids,subClassOf,Secondary Insult Therapy,Domain-scope scaffolding: Steroids is a known subclass of Secondary Insult Therapy in the BrainIT domain.,accept_direct,,,,,"Steroids is a known subclass of Secondary Insult Therapy in the BrainIT domain, confirming the hierarchy relationship directly.",1.0,,,
396,hierarchy,Arterial Hypotension,subClassOf,Systemic Hypotension,Schema-inferred: Arterial Hypotension is a subclass of Systemic Hypotension.,revise,4.9,Arterial Hypotension,subClassOf,Secondary Insult,"Arterial Hypotension is a subclass of Secondary Insult, not Systemic Hypotension; the relation should be subClassOf instead of subClassOf Systemic Hypotension.",0.9,"Arterial Hypotension is a subclass of Secondary Insult as per the domain context, so the relation should be subClassOf.",1.0,
397,hierarchy,Pbro2,subClassOf,Optional Monitoring Parameter,Schema-inferred: Brain Tissue Oxygen is a subclass of Optional Monitoring Parameter.,accept_direct,,,,,Pbro2 is a subclass of Optional Monitoring Parameter as per the schema-inferred classification in the domain context.,0.9,,,
398,hierarchy,Electrocardiogram (ECG),subClassOf,Monitoring Data,"Minute by minute monitoring data This is the minimum minute by minute monitoring data required for inclusion in the Brain Monitoring with Information Technology (BrainIT) Database and include: Heart Rate (specifying source: Electrocardiogram (ECG) or Pulse Oximetry), Respiration Rate (sources: impedance plethmography or ventilator), Mean Arterial Pressure, mean Intracranial Pressure (ICP), Pulse Oximetry (SaO2) and Temperature (sources: rectal=oesophageal= bladder=skin.) I.",accept_direct,,,,,"Electrocardiogram (ECG) is a subclass of Monitoring Data, as ECG is a method of monitoring physiological parameters.",0.95,,,
399,hierarchy,Respiration Rate,subClassOf,Core Monitoring Parameter,"Minute by minute monitoring data This is the minimum minute by minute monitoring data required for inclusion in the Brain Monitoring with Information Technology (BrainIT) Database and include: Heart Rate (specifying source: Electrocardiogram (ECG) or Pulse Oximetry), Respiration Rate (sources: impedance plethmography or ventilator), Mean Arterial Pressure, mean Intracranial Pressure (ICP), Pulse Oximetry (SaO2) and Temperature (sources: rectal=oesophageal= bladder=skin.) I.",accept_direct,,,,,Respiration Rate is a subclass of Core Monitoring Parameter as it is a physiological parameter used for monitoring respiratory function.,0.95,,,
400,hierarchy,Mean Arterial Pressure (MAP),subClassOf,Monitoring Data,"Minute by minute monitoring data This is the minimum minute by minute monitoring data required for inclusion in the Brain Monitoring with Information Technology (BrainIT) Database and include: Heart Rate (specifying source: Electrocardiogram (ECG) or Pulse Oximetry), Respiration Rate (sources: impedance plethmography or ventilator), Mean Arterial Pressure, mean Intracranial Pressure (ICP), Pulse Oximetry (SaO2) and Temperature (sources: rectal=oesophageal= bladder=skin.) I.",accept_direct,,,,,Mean Arterial Pressure (MAP) is a subclass of Monitoring Data as it represents a specific monitored physiological parameter.,0.95,,,
401,hierarchy,Sao2,subClassOf,Monitoring Data,"Minute by minute monitoring data This is the minimum minute by minute monitoring data required for inclusion in the Brain Monitoring with Information Technology (BrainIT) Database and include: Heart Rate (specifying source: Electrocardiogram (ECG) or Pulse Oximetry), Respiration Rate (sources: impedance plethmography or ventilator), Mean Arterial Pressure, mean Intracranial Pressure (ICP), Pulse Oximetry (SaO2) and Temperature (sources: rectal=oesophageal= bladder=skin.) I.",revise,4.9,SaO2,subClassOf,Monitoring Data,"SaO2 should be subClassOf Monitoring Data as it is a specific type of monitoring parameter, aligning with the analyte→panel subclass pattern in the preamble.",0.9,"SaO2 should be subClassOf Monitoring Data as it is a specific type of monitoring parameter, aligning with the analyte→panel subclass pattern.",1.0,
402,hierarchy,Temperature,subClassOf,Core Monitoring Parameter,"Minute by minute monitoring data This is the minimum minute by minute monitoring data required for inclusion in the Brain Monitoring with Information Technology (BrainIT) Database and include: Heart Rate (specifying source: Electrocardiogram (ECG) or Pulse Oximetry), Respiration Rate (sources: impedance plethmography or ventilator), Mean Arterial Pressure, mean Intracranial Pressure (ICP), Pulse Oximetry (SaO2) and Temperature (sources: rectal=oesophageal= bladder=skin.) I.",accept_direct,,,,,Temperature is a subclass of Core Monitoring Parameter as it is explicitly listed in the monitoring data requirements for the BrainIT database.,0.95,,,
403,hierarchy,Reading,subClassOf,Observation,define pd:Reading as a subclass of ssn:ObservationValue,accept_direct,,,,,Reading is a subclass of Observation as defined in the ontology; the relationship holds directly.,1.0,,,
404,hierarchy,Parameter,subClassOf,Observation,pd:Parameter (representing things that were recorded) as a subclass of ssn:Property,revise,4.9,Observation,subClassOf,Parameter,"The triple should be 'Observation subClassOf Parameter' as the preamble indicates that Parameter is a subclass of Observation; thus, the relation should be subClassOf.",0.9,"The preamble indicates that Parameter is a subclass of Observation, so the relation should be subClassOf.",1.0,
405,hierarchy,Machine,subClassOf,Sensor,defined mms:Machine as a subclass of ssn:Platform,accept_direct,,,,,Machine subClassOf Sensor is a valid subclass relationship as per the domain context.,0.95,,,
406,hierarchy,Sao2,subClassOf,Core Monitoring Parameter,[inferred] Chain-of-Layer: Sao2 is organized under Core Monitoring Parameter,accept_direct,,,,,"Sao2 is a valid subclass of Core Monitoring Parameter as it measures oxygen saturation, fitting the definition of monitoring parameters.",0.95,,,
407,hierarchy,CPP,subClassOf,Core Monitoring Parameter,[inferred] Chain-of-Layer: Cerebral Perfusion Pressure (CPP) is organized under Core Monitoring Parameter,accept_direct,,,,,CPP is a subclass of Core Monitoring Parameter as per the established hierarchy in the BrainIT ontology.,1.0,,,
408,hierarchy,CVP,subClassOf,Core Monitoring Parameter,[inferred] Chain-of-Layer: CVP is organized under Core Monitoring Parameter,accept_direct,,,,,CVP is a subclass of Core Monitoring Parameter as per the defined hierarchy in the BrainIT ontology.,0.95,,,
409,hierarchy,Head Injury,subClassOf,Brain Injury,[inferred] Chain-of-Layer: Head Injury is organized under Brain Injury,accept_direct,,,,,"Head Injury is a subclass of Brain Injury, which is consistent with the definitions provided in the domain context.",1.0,,,
410,hierarchy,Neurological Injury,subClassOf,Brain Injury,[inferred] Chain-of-Layer: Neurological Injury is organized under Brain Injury,accept_direct,,,,,"Neurological Injury is a subclass of Brain Injury, as both classes are defined in the context of injuries affecting the nervous system and brain.",1.0,,,
411,hierarchy,Coma,subClassOf,Brain Injury,[inferred] Chain-of-Layer: Coma is organized under Brain Injury,accept_direct,,,,,"Coma is a subclass of Brain Injury, directly aligning with the hierarchy defined in the BrainIT ontology.",1.0,,,
412,hierarchy,Hypertension,subClassOf,Secondary Insult,[inferred] Chain-of-Layer: Hypertension is organized under Secondary Insult,revise,4.9,Hypertension,subClassOf,Condition,"Hypertension is a valid subclass of Condition, while Secondary Insult is a subclass of Insult; the relation should be subClassOf instead of subClassOf.",0.85,"Hypertension is a subclass of Condition, so the relation should be subClassOf instead of subClassOf.",1.0,
413,hierarchy,Respiratory Distress Syndrome,subClassOf,Secondary Insult,[inferred] Chain-of-Layer: Respiratory Distress Syndrome is organized under Secondary Insult,reject,,,,,Respiratory Distress Syndrome is not a subclass of Secondary Insult; it is a separate condition and does not fit the subclass relationship.,0.9,,,
414,hierarchy,Sepsis,subClassOf,Secondary Insult,[inferred] Chain-of-Layer: Sepsis is organized under Secondary Insult,revise,4.1,Sepsis,subClassOf,Condition,"Sepsis should be a subclass of Condition, not Secondary Insult; the relation should be subClassOf instead of subClassOf.",0.9,"Sepsis should be a subclass of Condition as per the domain context, which classifies it correctly in the hierarchy.",1.0,
415,hierarchy,Adrenaline,subClassOf,Therapy,[inferred] Chain-of-Layer: Adrenaline is organized under Therapy,accept_direct,,,,,"Adrenaline is a valid subclass of Therapy as it is used in medical treatments, aligning with the definition of Therapy in the BrainIT Ontology.",0.95,,,
416,hierarchy,Noradrenaline,subClassOf,Therapy,[inferred] Chain-of-Layer: Noradrenaline is organized under Therapy,accept_direct,,,,,"Noradrenaline is a hormone used in medical treatments, making it a valid subclass of Therapy.",0.9,,,
417,hierarchy,Derived Parameter,subClassOf,Monitoring Data,[inferred] Derived Parameter is a subclass of Monitoring Data.,accept_direct,,,,,"Derived Parameter is a subclass of Monitoring Data, which aligns with the defined hierarchy in the BrainIT ontology.",1.0,,,
418,hierarchy,Probable Error,subClassOf,Data Quality Assessment,a reading outside its acceptable range with no contextual clinical explanation,revise,4.9,Data Quality Assessment,subClassOf,Probable Error,"Probable Error should be a subclass of Data Quality Assessment, not the other way around; the relationship should be subClassOf.",0.9,"Probable Error should be a subclass of Data Quality Assessment, not the other way around; the relationship should be subClassOf.",1.0,
419,hierarchy,Bedside Intervention,subClassOf,Nursing Intervention,"Line insertion/renewal, transducer calibration, x-ray",revise,4.9,Bedside Intervention,subClassOf,Nursing Intervention,Bedside Intervention is a subclass of Nursing Intervention; the relation should be subClassOf instead of the current hierarchy relationship.,0.9,The relation should be subClassOf as Bedside Intervention is a subclass of Nursing Intervention according to the domain context.,1.0,
420,hierarchy,CPP,subClassOf,Parameter,Cerebral perfusion pressure (CPP 1/4 Blood Pressure (BP)-ICP) monitoring is a good example.,accept_direct,,,,,CPP is a subclass of Parameter as it represents a physiological variable measured in neurointensive care.,0.95,,,
421,hierarchy,Brain Temperature,subClassOf,Optional Monitoring Parameter,Domain-scope scaffolding: Brain Temperature is a known subclass of Optional Monitoring Parameter in the BrainIT domain.,accept_direct,,,,,"Brain Temperature is a known subclass of Optional Monitoring Parameter in the BrainIT domain, confirming the hierarchy relationship directly.",1.0,,,
422,hierarchy,Microdialysis,subClassOf,Optional Monitoring Parameter,Domain-scope scaffolding: Microdialysis is a known subclass of Optional Monitoring Parameter in the BrainIT domain.,accept_direct,,,,,"Microdialysis is a known subclass of Optional Monitoring Parameter, confirming the direct subclass relationship.",0.95,,,
423,hierarchy,Evacuation of Mass Lesion,subClassOf,Surgical Procedure,Domain-scope scaffolding: Evacuation of Mass Lesion is a known subclass of Surgical Procedure in the BrainIT domain.,accept_direct,,,,,"Evacuation of Mass Lesion is a known subclass of Surgical Procedure in the BrainIT domain, confirming the hierarchy relationship directly.",1.0,,,
424,hierarchy,Adrenaline,subClassOf,Vasopressors,Schema-inferred: Adrenaline is a subclass of Vasopressors.,accept_direct,,,,,"Adrenaline is a subclass of Vasopressors, which is a valid hierarchy relationship in the neurointensive care domain.",0.95,,,
