triple_index,kind,subject,relation,object,evidence,verdict,revise_subtype,suggested_subject,suggested_relation,suggested_object,justification,confidence,stage_b_justification,stage_b_confidence,flags
0,relation,Decompressive Craniectomy,has outcome,Outcome,The outcome was captured at six months using the extended Glasgow Outcome Scale (GOSE).,accept_direct,,,,,The triple correctly represents a direct relationship between decompressive craniectomy and patient outcomes.,0.9,,,
1,relation,Traumatic Brain Injury,targets condition,ICP,one of the cornerstones of brain-protective strategies is to reduce and control intracranial pressure (ICP),accept_direct,,,,,"The relation accurately describes the impact of Traumatic Brain Injury on ICP, which is relevant in neurointensive care.",0.9,,,
2,relation,Intracranial Hypertension,is associated with,Mortality,Uncontrollable intracranial hypertension is a major cause of death in patients with severe traumatic brain injury.,accept_direct,,,,,The triple correctly associates intracranial hypertension with mortality based on the provided evidence.,0.9,,,
3,relation,Intracranial Hypertension,targets condition,Decompressive Craniectomy,patients with intracranial hypertension treated conservatively were excluded.,reject,,,,,The relation 'targets condition' is semantically incorrect as it does not accurately represent the relationship between the two entities.,0.9,,,
4,relation,GCS Assessment,assesses,Motor Impairment,The Glasgow Motors Score was used for assessing motor impairment.,accept_direct,,,,,The triple correctly represents the relationship between GCS Assessment and Motor Impairment in the context of brain injury assessment.,0.9,,,
5,relation,Pupil Assessment,monitoring indicates condition,Motor Impairment,Pupil abnormalities were seen in 34.4% of our patients.,reject,,,,,The relation 'monitoring indicates condition' is semantically incorrect as pupil assessment does not directly indicate motor impairment.,0.9,,,
6,relation,Secondary Insult,is associated with,Hypotension,"Hypoxia and arterial hypotension were found in 10.0% and 6.1%, respectively.",accept_direct,,,,,The relationship between Secondary Insult and Hypotension is clinically valid and directly supported by the evidence provided.,0.9,,,
7,relation,Traumatic Brain Injury,has outcome,Outcome,A more extensive description is provided in the Supplementary Appendix.,revise,4.4,Traumatic Brain Injury,has patient outcome measure,Outcome,The relation 'has outcome' needs clarification to specify the nature of the outcome related to Traumatic Brain Injury.,0.7,The relation 'has outcome' is too vague and needs specificity.,0.9,low_evidence
8,relation,Traumatic Brain Injury,is treated with,Decompressive Craniectomy,Decompressive craniectomy (DC) as a last-tier intervention,accept_direct,,,,,The triple correctly represents the treatment relationship between Traumatic Brain Injury and Decompressive Craniectomy.,0.9,,,
9,relation,Decompressive Craniectomy,is monitored by,ICP,Mean intracranial pressure (ICP) pre-Decompressive craniectomy (DC),accept_direct,,,,,The relation 'is monitored by' correctly describes the monitoring of ICP in the context of Decompressive Craniectomy.,0.9,,,
10,relation,ICP,is influenced by,CPP,Mean intracranial pressure (ICP)/Cerebral Perfusion Pressure (CPP),accept_direct,,,,,The relationship between ICP and CPP is clinically accurate and directly relevant in neurointensive care.,0.9,,,
11,relation,Decompressive Craniectomy,is administered during,Barbiturates,Decompressive craniectomy (DC) + thiopental can be referring to barbiturate administration,reject,,,,,The relation 'is administered during' is not clinically accurate between the two entities.,0.9,,,
12,relation,Decompressive Craniectomy,targets condition,Traumatic Intracranial Hypertension,Decompressive craniectomy (DC) in a patient-tailored combination with other second and third-tier therapies should maintain its place in the management of severe traumatic intracranial hypertension.,accept_direct,,,,,The triple accurately represents the relationship between decompressive craniectomy and traumatic intracranial hypertension as supported by the evidence.,0.9,,,
13,relation,Decompressive Craniectomy,has clinical assessment,GOSe Outcome,outcome was only evaluated in terms of robust extended Glasgow Outcome Scores,revise,4.4,Decompressive Craniectomy,is assessed by,GOSe Outcome,The relation 'has clinical assessment' should be revised to better reflect the nature of the relationship between the two concepts.,0.8,The relationship should indicate that the GOSe Outcome assesses the procedure's impact.,0.9,
14,relation,Decompressive Craniectomy,reduces,Mean Intracranial Pressure,it effectively reduces Mean intracranial pressure (ICP),accept_direct,,,,,The triple correctly represents the relationship between Decompressive Craniectomy and Mean Intracranial Pressure as stated in the evidence.,1.0,,,
15,relation,ICP,has monitoring data,Traumatic Brain Injury,The BESTIntracranial pressure (ICP) monitoring is still considered to provide important information to detect and prevent secondary injury after severe Traumatic brain injury (TBI).,accept_direct,,,,,The triple correctly represents the relationship between ICP and Traumatic Brain Injury as both are relevant in neurological assessments.,0.9,,,
16,relation,Intracranial Hypertension,receives therapy,GOSe Outcome,"Intracranial pressures above 20 mmHg lasting longer than 37 min in adults, and longer than 8 min in children, are associated with worse outcomes.",reject,,,,,The relation 'receives therapy' is not appropriate between Intracranial Hypertension and GOSe Outcome as they are not directly linked in this context.,0.9,,,
17,relation,CPP,has clinical assessment,Intracranial Hypertension,"When the cerebral perfusion pressure is below 50 mmHg, all intracranial pressure insults, regardless of duration, are associated with worse outcome.",revise,4.4,CPP,is assessed by,Intracranial Hypertension,The relation 'has clinical assessment' is not appropriate; it should be 'is assessed by' or similar.,0.8,The relation 'has clinical assessment' is incorrect and should indicate the assessment direction.,0.9,
18,relation,ICP,has monitoring data,Monitoring Data,The BESTIntracranial pressure (ICP) and mean arterial blood pressure (MAP) monitoring data,accept_direct,,,,,The relation 'has monitoring data' correctly describes the association between ICP and Monitoring Data.,0.9,,,
19,relation,Monitoring Data,monitoring indicates condition,Condition,the percentage of monitoring time in the red zone during the first day only was a significant independent predictor of mortality,reject,,,,,The relation 'monitoring indicates condition' is semantically incorrect as monitoring data does not directly indicate a specific condition.,0.9,,,
20,relation,ICP,associated with condition,Condition,"when Cerebral Perfusion Pressure (CPP) was below 50 mmHg, almost all The BESTIntracranial pressure (ICP) insults were associated with worse outcome",reject,,,,,The relation 'associated with condition' is too vague and not clinically accurate in this context.,0.8,,,
21,relation,Traumatic Brain Injury,has monitoring data,Monitoring Data,"The present study autoregulation is intact, the transition curve shifts to the right.",revise,4.2,Traumatic Brain Injury,has monitoring data,Physiological Monitoring Data,The relation 'has monitoring data' needs clarification on its specificity to Traumatic Brain Injury.,0.7,The object should be more specific to reflect the type of monitoring data relevant to Traumatic Brain Injury.,0.9,low_evidence
22,relation,Traumatic Brain Injury,is associated with,Secondary Brain Injury,"Cerebrovascular pressure autoregulation is often impaired in severe Traumatic brain injury (TBI), and such impairment is such as the relationship between physiological thresholds and outcome.",accept_direct,,,,,The relationship between Traumatic Brain Injury and Secondary Brain Injury is clinically accurate and directly applicable.,0.9,,,
23,relation,CPP,receives therapy,Traumatic Brain Injury,"One would expect such change in recommendation to be followed, and hence to lead to alterations in Cerebral Perfusion Pressure (CPP) policy across centres.",reject,,,,,The relation 'receives therapy' is semantically incorrect between CPP and Traumatic Brain Injury.,0.9,,,
24,relation,CPP,has monitoring data,Monitoring Data,Cerebral perfusion pressure (CPP 1/4 Blood Pressure (BP)-ICP) monitoring is a good example.,accept_direct,,,,,The relation 'has monitoring data' correctly describes the association between CPP and Monitoring Data.,0.9,,,
25,relation,Vasopressors,receives therapy,CPP,the non-beneficial effect of keeping Cerebral Perfusion Pressure (CPP) above 70 mmHg by administering high doses of vasopressors.,revise,4.4,Vasopressors,affects,CPP,The relation 'receives therapy' is not appropriate; a more accurate relation is needed to describe the interaction between vasopressors and CPP.,0.8,The relation 'affects' better describes the interaction between vasopressors and CPP.,0.9,
26,relation,CPP,correlates with,Mean Arterial Pressure (MAP),Cerebral Perfusion Pressure (CPP) strongly correlated with Mean Arterial Pressure (MAP).,accept_direct,,,,,The correlation between CPP and MAP is clinically established and accurately represented in the triple.,0.9,,,
27,relation,CPP,receives therapy,ICP,it is influenced by Intracranial Pressure (ICP) variability,reject,,,,,"The relation 'receives therapy' is not appropriate between CPP and ICP as they are both measurements, not entities that receive therapy.",0.9,,,
28,relation,CPP,receives therapy,Mean Arterial Pressure (MAP),Mean Arterial Pressure (MAP) variability including,reject,,,,,The relation 'receives therapy' is not clinically applicable between CPP and MAP.,0.9,,,
29,relation,CPP,associates with,Acute Respiratory Distress Syndrome,acute respiratory distress syndrome (ARDS) reportedly associated with vasopressors,reject,,,,,The association between CPP and ARDS is clinically implausible and not supported by the evidence provided.,0.9,,,
30,relation,CPP,follows,Guideline,the Brain Trauma Foundation (BTF) guidelines issued this year,reject,,,,,The relation 'follows' is not appropriate between CPP and Guideline as they represent different concepts.,0.9,,,
31,relation,Guideline Adherence,receives therapy,Traumatic Brain Injury,Guideline adherence and outcomes in severe adult traumatic brain injury,reject,,,,,The relation 'receives therapy' is not applicable between guideline adherence and traumatic brain injury.,0.9,,,
32,relation,Traumatic Brain Injury,is a risk factor for,Secondary Insult,Traumatically brain injured (TBI) patients are at risk from secondary insults.,accept_direct,,,,,The triple correctly identifies Traumatic Brain Injury as a risk factor for Secondary Insult based on the provided evidence.,0.9,,,
33,relation,Hypotension,is related to,Poor Outcome,"Arterial hypotension, critically low blood pressure, is one of the most dangerous secondary insults and is related to poor outcome in patients.",accept_direct,,,,,The relationship between hypotension and poor outcomes is directly supported by the evidence provided.,0.9,,,
34,relation,Hypotension,affects outcome,Traumatic Brain Injury,there is compelling evidence that even 'minute by minute' hypotension events cumulatively can influence patient outcome.,accept_direct,,,,,The relationship between hypotension and its effect on outcomes in traumatic brain injury is clinically supported and directly relevant.,0.9,,,
35,relation,Hypotension,prognostic factor for,Head Injury,the cumulative duration of arterial hypotensive events is a prognostic factor for their clinical outcome following a head injury.,accept_direct,,,,,The triple correctly identifies hypotension as a prognostic factor for head injury based on the provided evidence.,0.9,,,
36,relation,Hypotension,associated with condition,Condition,"for with the medical management of sepsis, it has been shown that duration of hypotension before initiation",reject,,,,,"Hypotension and the described type of stroke are not directly associated conditions, making the relation semantically incorrect.",0.9,,,
37,relation,Traumatic Brain Injury,has monitoring data,Hypotension,both systolic and mean arterial pressure should be monitored and considered in the definition of hypotension,accept_direct,,,,,The triple correctly associates Traumatic Brain Injury with monitoring data related to Hypotension.,0.9,,,
38,relation,Hypotension,is a condition of,Sepsis,"for with the medical management of sepsis, it has been shown that duration of hypotension before initiation",revise,4.4,Hypotension,is a complication of,Sepsis,The relation 'is a condition of' is not appropriate; it should be 'is a complication of' for clarity.,0.8,The relation 'is a condition of' is incorrect and should be 'is a complication of'.,0.95,
39,relation,Sepsis,receives therapy,Hypotension,it has been shown that with each hour delay in treatment of hypotension leads to an increase in in-hospital mortality.,reject,,,,,The relationship 'receives therapy' is not appropriate between Sepsis and Hypotension as they are not in a direct therapeutic relationship.,0.9,,,
40,relation,Monitoring Data,has monitoring data,Monitoring Data,sophisticated patient monitoring systems can capture large volumes of streaming physiological data which continuously report on a patient's status.,reject,,,,,The triple is semantically incorrect as it redundantly defines the same concept for both subject and object.,0.9,,,
41,relation,ICP,affects outcome,Hypotension,Impact of Intracranial Pressure (ICP) instability and hypotension on outcome in patients with severe head trauma.,accept_direct,,,,,The relationship between ICP and hypotension affecting outcomes is directly supported by the evidence provided.,0.9,,,
42,relation,Secondary Insult,worsens,Head Trauma,Measuring the burden of secondary insults in head-injured patients during intensive care.,accept_direct,,,,,The triple accurately reflects the relationship between secondary insults and head trauma in a clinical context.,0.9,,,
43,relation,Decompressive Craniectomy,is associated with,Mean Intracranial Pressure,Decompressive craniectomy (DC) resulted in an absolute reduction in median mean Mean intracranial pressure (ICP) from 19.5 group to 13.9 mmHg.,accept_direct,,,,,The triple correctly associates a surgical procedure with its effect on intracranial pressure.,0.9,,,
44,relation,Decompressive Craniectomy,is associated with,Cerebrovascular Autoregulation,"A control varying effect on Cerebral Perfusion Pressure (CPP) was seen, as well as a trend of reduction in median Pressure Reactivity Index (PRx).",accept_direct,,,,,The triple correctly associates a surgical procedure with a physiological mechanism relevant to neurointensive care.,0.9,,,
45,relation,Decompressive Craniectomy,has monitoring data,Monitoring Data,"patient, injury and management variables including physiological monitoring data and administration of thiopental were analysed",accept_direct,,,,,The triple correctly relates a surgical procedure to its associated monitoring data in the neuro-ICU context.,0.9,,,
46,relation,Decompressive Craniectomy,is associated with,ICP,uncontrollable intracranial hypertension is a major cause of death in patients with severe traumatic brain injury.,accept_direct,,,,,Decompressive Craniectomy is directly associated with ICP as it aims to relieve pressure affecting cerebral perfusion.,0.9,,,
47,relation,Decompressive Craniectomy,is treated with,Barbiturates,"Decompressive craniectomy (DC) was chosen as a next step, with or without first having applied third-tier medical therapy with barbiturates.",reject,,,,,"The relation 'is treated with' is incorrect as decompressive craniectomy is a surgical procedure, not a treatment modality for barbiturates.",0.9,,,
48,relation,Decompressive Craniectomy,affects outcome,Mortality,the results of RESCUEicp showed that Decompressive craniectomy (DC) resulted in lower mortality rates.,accept_direct,,,,,The triple correctly represents the relationship between Decompressive Craniectomy and Mortality based on the provided evidence.,0.9,,,
49,relation,Monitoring,has outcome,Outcome,the outcome was captured at six months using the extended Glasgow Outcome Scale (GOSE).,revise,4.4,Monitoring,measures outcome,Outcome,The relation 'has outcome' should be more accurately defined as 'measures outcome' to reflect the monitoring process.,0.8,The relation should reflect the monitoring process more accurately.,0.9,
50,relation,Patient,has demographic data,Demographic Data,the collection of demographic data from traumatic brain injury (TBI) patients.,accept_direct,,,,,The triple correctly represents the relationship between Patient and Demographic Data in the context of neurointensive care for TBI.,0.9,,,
51,relation,Patient,has surgical procedure,Surgical Procedure,the physiological vital functions are extensively monitored.,accept_direct,,,,,The triple correctly represents a direct relationship between a patient and a surgical procedure in the neurointensive care context.,0.9,,,
52,relation,Patient,has monitoring data,Monitoring Data,"The Brain Monitoring with Information Technology (BrainIT) network provides a more standardised and higher resolution data collection mechanism for research groups, organisations and the device industry to conduct multi-centre trials of new health care technology in patients with traumatic brain injury.",accept_direct,,,,,The triple correctly represents the relationship between a patient and their monitoring data in the context of neurointensive care.,0.9,,,
53,relation,Patient,receives therapy,Therapy,the physiological vital functions are extensively monitored.,reject,,,,,The relation 'receives therapy' is too vague and not clinically specific for the context of neurointensive care.,0.9,,,
54,relation,Therapy,targets condition,Condition,Therapeutic hypothermia reduces intracranial pressure and partial brain oxygen tension in patients with severe traumatic brain injury.,reject,,,,,The triple incorrectly implies a direct relationship between Therapy and Condition without clear evidence of targeting a specific stroke type.,0.6,,,low_evidence
55,relation,Patient,has clinical assessment,Clinical Assessment,the physiological vital functions are extensively monitored.,revise,4.4,Patient,undergoes clinical assessment,Clinical Assessment,The relation 'has clinical assessment' should be more accurately defined as 'undergoes clinical assessment' for clarity.,0.8,The relation label was incorrect and needed clarification for accuracy.,0.9,
56,relation,Patient,has outcome,Outcome,the physiological vital functions are extensively monitored.,reject,,,,,The relation 'has outcome' is too vague and does not accurately represent the specific relationship between Patient and Outcome in this context.,0.7,,,low_evidence
57,relation,Patient,has laboratory value,Laboratory Values,the physiological vital functions are extensively monitored.,reject,,,,,The relation 'has laboratory value' is not semantically correct as it implies a direct ownership which is not applicable here.,0.9,,,
58,relation,Patient,has nursing intervention,Nursing Intervention,"Routine nursing care, physiotherapy, or bedside clinical activities",accept_direct,,,,,The triple accurately represents a direct relationship between Patient and Nursing Intervention in the context of neurointensive care.,0.9,,,
59,relation,Patient,has session,Session,a live clinical environment to test the data collection systems.,accept_direct,,,,,The relationship between Patient and Session is semantically correct and directly applicable in the neurointensive care context.,0.9,,,
60,relation,Session,has timepoint,Timepoint,minute-by-minute physiological data from bedside monitors.,accept_direct,,,,,The relation 'has timepoint' correctly describes the relationship between 'Session' and 'Timepoint' in the context of ICU monitoring.,0.9,,,
61,relation,Timepoint,has monitoring data,Observation,minute-by-minute physiological data from bedside monitors.,accept_direct,,,,,The relation accurately describes the connection between Timepoint and Observation within the context of monitoring data.,0.9,,,
62,relation,Observation,measures parameter,Parameter,the physiological vital functions are extensively monitored.,accept_direct,,,,,The triple correctly represents the relationship between Observation and Parameter in the context of clinical measurements.,0.9,,,
63,relation,Observation,produced by sensor,Sensor,the physiological vital functions are extensively monitored.,accept_direct,,,,,The triple correctly identifies a direct relation between Observation and Sensor in the context of physiological monitoring.,0.9,,,
64,relation,Observation,has quality assessment,Data Quality Assessment,the physiological vital functions are extensively monitored.,reject,,,,,The relation 'has quality assessment' does not semantically fit between Observation and Data Quality Assessment.,0.9,,,
65,relation,Data Quality Assessment,associated with condition,Condition,the physiological vital functions are extensively monitored.,reject,,,,,The relation 'associated with condition' is semantically incorrect as it does not accurately describe the relationship between data quality assessment and the specific type of stroke.,0.9,,,
66,relation,Data Quality Assessment,receives therapy,Therapy,the physiological vital functions are extensively monitored.,reject,,,,,The relation 'receives therapy' does not correctly apply to 'Data Quality Assessment'.,0.9,,,
67,relation,Arterial Hypotension,receives therapy,Barbiturates,administration of hyperosmolar molecules were used at the discretion of the managing teams.,reject,,,,,The relation 'receives therapy' is not appropriate for the context of arterial hypotension and barbiturates.,0.9,,,
68,relation,Brain Injury,is associated with,Traumatic Brain Injury,Decompressive craniectomy as a second/third-tier intervention in traumatic brain injury,accept_direct,,,,,The relationship between Brain Injury and Traumatic Brain Injury is semantically correct as both are types of brain injuries.,0.9,,,
69,relation,CVP,has monitoring data,Monitoring Data,physiological monitoring data,accept_direct,,,,,The triple correctly represents a direct relationship between CVP and Monitoring Data in the context of physiological monitoring.,0.9,,,
70,relation,Clinical Outcome,has outcome,Outcome,demonstrated a decrease in mortality with similar rates of favorable outcome,accept_direct,,,,,The relation 'has outcome' correctly describes the relationship between Clinical Outcome and Outcome at the same level of specificity.,0.9,,,
71,relation,Cranial Injuries,is a type of,Injuries,the occurrence of arterial hypotension (systolic pressure less than 90 mmHg) and hypoxia (SaO2 below 90%) at baseline,accept_direct,,,,,"Cranial Injuries are a specific type of Injuries, correctly reflecting a direct hierarchical relationship.",0.9,,,
72,relation,Disability,is a type of,Clinical Outcome,the outcome was unfavorable in 51.4% and favorable in 48.6%,reject,,,,,Disability is not a type of Clinical Outcome; they are distinct concepts.,0.9,,,
73,relation,Extracranial Injury,is a type of,Injuries,45.9% presented with an additional extracranial injury,accept_direct,,,,,"Extracranial Injury is indeed a type of Injuries, as it involves physical damage from external forces.",0.9,,,
74,relation,Intensive Care Management,is a type of,Condition,"In many neurointensive care centers, Decompressive craniectomy (DC) is being used in combination with other second/third-tier therapies.",reject,,,,,"The relation 'is a type of' is incorrectly applied between ICU management and a specific condition, which is semantically incorrect.",0.9,,,
75,relation,NIBP,is a type of,Monitoring Data,Mean arterial blood pressure (MAP) and Mean intracranial pressure (ICP),reject,,,,,The relation 'is a type of' is not semantically correct between NIBP and Monitoring Data.,0.9,,,
76,relation,Pressure Reactivity Index (PRx),is a type of,Core Monitoring Parameter,Pressure Reactivity Index (PRx) is the moving correlation between mean arterial blood pressure (MAP) and Mean intracranial pressure (ICP).,accept_direct,,,,,PRx is indeed a type of Core Monitoring Parameter in neurointensive care.,0.9,,,
77,relation,Hypotension,is treated with,Noradrenaline,the time and dose of a bolus of Noradrenaline,accept_direct,,,,,The triple correctly represents the treatment relationship between hypotension and noradrenaline.,0.9,,,
78,relation,CPP,targets condition,Respiratory Distress Syndrome,Cerebral Perfusion Pressure (CPP) value to target lies within the range of 50-70 mm Hg.,reject,,,,,"CPP does not target Respiratory Distress Syndrome, as they are unrelated clinical concepts.",1.0,,,
79,relation,Traumatic Brain Injury,applies treatment,Osmotics,#2 - Hyperosmolar therapy,accept_direct,,,,,The triple accurately represents the treatment relationship between Traumatic Brain Injury and Osmotics.,0.9,,,
80,relation,Cerebrovascular Autoregulation,receives therapy,CPP,the presence (or not) of cerebral autoregulation,reject,,,,,The relation 'receives therapy' is not appropriate between these two concepts as they do not have a direct therapeutic relationship.,0.9,,,
81,relation,ICP,receives therapy,Partial Pressure of Brain Tissue Oxygen,There is a statistically significant (p < 0.001) non-linear effect of Intracranial Pressure (ICP) on Regression model of partial pressure of brain tissue oxygen (PbtO2).,revise,4.4,ICP,influences,Partial Pressure of Brain Tissue Oxygen,The relation 'receives therapy' is not appropriate; a more accurate relation should be used to reflect the interaction between ICP and PbtO2.,0.8,The relation 'receives therapy' is incorrect; 'influences' better describes the interaction.,0.9,
82,relation,Traumatic Brain Injury,has clinical assessment,GOSe Outcome,Monitoring of Intracranial Pressure (ICP) has also been shown to have better functional outcomes.,revise,4.4,Traumatic Brain Injury,is assessed by,GOSe Outcome,The relation 'has clinical assessment' needs clarification or a more specific label to accurately represent the connection.,0.8,The relation 'has clinical assessment' is vague and should specify the assessment process.,0.9,
83,relation,Partial Pressure of Brain Tissue Oxygen,is measured at,Measurement Time,Partial pressure of brain tissue oxygen over intracranial pressure stratified by days in Intensive Care Unit (ICU),revise,4.4,Partial Pressure of Brain Tissue Oxygen,is measured during,Measurement Time,The relation 'is measured at' should be corrected to reflect a more appropriate relationship between the two concepts.,0.8,The relation 'is measured at' is incorrect; 'is measured during' better reflects the timing of measurements.,0.9,
84,relation,ICP,receives therapy,Pbro2,an overall increase in Regression model of partial pressure of brain tissue oxygen (PbtO2) of 5.2% for a 10 mmHg increase in Intracranial Pressure (ICP),reject,,,,,The relation 'receives therapy' is not appropriate between ICP and PbtO2 as they are not in a therapeutic relationship.,0.9,,,
85,relation,Partial Pressure of Carbon Dioxide,receives therapy,Pbro2,a decrease of 0.16% from a unit increase in Mean Arterial Pressure (MAP) and a Regression model of partial pressure of brain tissue oxygen (PbtO2) decrease of 0.16% from a unit increase in PaCO2,reject,,,,,The relation 'receives therapy' is not appropriate between the two concepts as described.,0.9,,,
86,relation,ICP,has outcome,Outcome,median extended Glasgow outcome scale of 7.00,revise,4.2,ICP,affects,Outcome,"The relation 'has outcome' should be more specific, possibly 'measures' or 'affects' to accurately reflect the relationship.",0.7,The relation should specify the influence of ICP on patient outcomes.,0.9,low_evidence
87,relation,Intracranial Hypertension,receives therapy,CPP,the impact of autoregulation on Regression model of partial pressure of brain tissue oxygen (PbtO2) cannot be directly assessed.,reject,,,,,The relation 'receives therapy' does not accurately describe the relationship between intracranial hypertension and CPP.,0.9,,,
88,relation,Hypotension,is associated with,Traumatic Brain Injury,guarding against hypotensive conditions in Traumatic Brain Injury (TBI) patients.,accept_direct,,,,,The triple correctly associates hypotension with traumatic brain injury based on the provided evidence.,0.9,,,
89,relation,Intracranial Hypertension,receives therapy,Traumatic Brain Injury,episodes of increased intracranial pressure (ICP) and worse clinical outcomes,reject,,,,,The relation 'receives therapy' is not applicable between the two concepts as described.,0.9,,,
90,relation,CPP,assesses,Intracranial Hypertension,the ability to tolerate elevated intracranial pressures is reduced.,reject,,,,,The relation 'assesses' is not appropriate between CPP and Intracranial Hypertension as it implies a direct assessment that is clinically inaccurate.,0.9,,,
91,relation,CPP,is associated with,ICP,Role of Cerebral Perfusion Pressure (CPP),accept_direct,,,,,The relationship between CPP and ICP is clinically valid and directly relevant in neurointensive care.,0.9,,,
92,relation,ICP,associated with condition,Mortality,"when Cerebral Perfusion Pressure (CPP) was below 50 mmHg, almost all The BESTIntracranial pressure (ICP) insults were associated with worse outcome",accept_indirect,,,,,"ICP influences cerebral perfusion, which is linked to mortality outcomes, indicating an indirect relationship.",0.7,,,low_evidence
93,relation,ICP,predicts outcome,Outcome Score,"Above 20 mmHg, the vast majority of insults are clearly deleterious with the exception of those lasting less than 37 min in adults.",revise,4.4,ICP,is associated with,Outcome Score,The relation 'predicts outcome' may need to be adjusted to better reflect the clinical context of ICP and Outcome Score.,0.7,The relation should reflect a more accurate clinical association rather than a predictive outcome.,0.85,low_evidence
94,relation,Mean Arterial Pressure (MAP),triggers intervention,Hypotension,our analysis shows that most events are triggered by a drop in mean arterial pressure.,accept_direct,,,,,The triple accurately reflects the relationship between MAP and hypotension in critically ill patients.,0.9,,,
95,relation,Brain Injury,has monitoring data,Arterial Hypotension,The brain monitoring with information technology (BrainIT) database contains 199 patients,reject,,,,,The relation 'has monitoring data' does not accurately describe the connection between brain injury and arterial hypotension.,0.9,,,
96,relation,Hypotension,relates to clinical outcome,Brain Injury,arterial hypotension consistently relate to clinical outcome,accept_direct,,,,,The triple correctly relates hypotension to clinical outcomes in the context of brain injury.,0.9,,,
97,relation,Dsg,has monitoring data,Hypotensive,to scan the BrainIT database for hypotensive events;,revise,4.4,Hypotensive,is monitored by,Dsg,The relation 'has monitoring data' needs clarification on its direction or specificity regarding the data type.,0.8,The relation needs to reflect that Dsg monitors hypotensive events.,0.9,
98,relation,Secondary Insult Grades,defines,Hypotensive,the Edinburgh University Secondary Insult Grades (EUSIG) definition.,reject,,,,,The classification system does not define the condition but rather categorizes events related to it.,0.9,,,
99,relation,CPP,calculates,Mean Arterial Pressure (MAP),"which uses cerebral perfusion pressure (CPP), which of course uses Java-Based Software BPm in its calculation.",revise,4.4,CPP,is derived from,Mean Arterial Pressure (MAP),The relation 'calculates' is not appropriate; CPP does not calculate MAP but is derived from it.,0.8,The relation 'calculates' is incorrect; CPP is derived from MAP.,0.9,
100,relation,ICP,receives therapy,Outcome,Impact of Intracranial Pressure (ICP) instability and hypotension on outcome in patients with severe head trauma.,reject,,,,,The relation 'receives therapy' does not accurately describe the relationship between ICP and Outcome.,0.9,,,
101,relation,CPP,is measured by,Mean Arterial Pressure (MAP),its role in calculating Cerebral Perfusion Pressure (CPP),accept_direct,,,,,The triple correctly represents the relationship between CPP and MAP in the context of neurointensive care.,0.9,,,
102,relation,Treatment Data,informs,Clinical Practice,Accurate and comprehensive treatment data,accept_direct,,,,,The triple accurately represents the relationship between treatment data and clinical practice.,0.9,,,
103,relation,Clinical Reminders,enhances,Guideline Adherence,clinical reminders (automated interventions),accept_direct,,,,,The triple correctly represents the relationship between clinical reminders and guideline adherence.,0.9,,,
104,relation,Guideline Adherence,has outcome,Outcome,Several studies have been conducted that show dropping mortality rates and improved long-term outcomes since the adoption and spread of use of these guidelines.,accept_direct,,,,,The relation accurately describes the outcome of guideline adherence in clinical practice.,0.9,,,
105,relation,Guideline Adherence,is measured by,Clinical Practice,"This work attempts to leverage those advantages by providing a 'near real-time' ability to monitor clinical guideline adherence, as well as providing measurable quantitative feedback.",accept_direct,,,,,The triple accurately reflects the relationship between guideline adherence and clinical practice.,0.9,,,
106,relation,Heart Failure,is treated with,Guideline Adherence,"There are many reasons for non-adherence, but these can be broken down into two broad categories: being unwilling to adhere to a guideline and being unable to adhere.",reject,,,,,Heart Failure and Guideline Adherence are not directly related in a treatment context.,0.9,,,
107,relation,EUSIG Grade,is a type of,Secondary Insult Grades,the classification of pressure events using Edinburgh University Secondary Insult Grades (EUSIG) parameters has a well-established precedent,reject,,,,,EUSIG Grade and Secondary Insult Grades are distinct classifications and not directly related as the triple suggests.,0.9,,,
108,relation,Heart Rate,has monitoring data,Monitoring Data,Heart Rate (specifying source: Electrocardiogram (ECG) or Pulse Oximetry),accept_direct,,,,,The triple correctly represents the relationship between heart rate and monitoring data in the context of physiological assessment.,0.9,,,
109,relation,Respiration Rate,has monitoring data,Impedance Plethmography,Respiration Rate (sources: impedance plethmography or ventilator),accept_direct,,,,,"The triple correctly links Respiration Rate with its monitoring data source, Impedance Plethmography.",0.9,,,
110,relation,Respiration Rate,has monitoring data,Ventilator,Respiration Rate (sources: impedance plethmography or ventilator),accept_direct,,,,,The triple correctly represents the relationship between Respiration Rate and Ventilator in monitoring respiratory function.,0.9,,,
111,relation,Mean Arterial Pressure (MAP),has monitoring data,Monitoring Data,Mean Arterial Pressure,accept_direct,,,,,The relationship between Mean Arterial Pressure and Monitoring Data is semantically correct as MAP is monitored in critically ill patients.,0.9,,,
112,relation,Sao2,has monitoring data,Monitoring Data,Pulse Oximetry (SaO2),accept_direct,,,,,The relation 'has monitoring data' correctly describes the association between Sao2 and Monitoring Data.,0.9,,,
113,relation,Temperature,has monitoring data,Monitoring Data,Temperature (sources: rectal=oesophageal= bladder=skin),accept_direct,,,,,The triple correctly represents the relationship between Temperature and Monitoring Data in a clinical context.,0.9,,,
114,relation,EtCO2,has monitoring data,Monitoring Data,End-Tidal CO2 (EtCO2),accept_direct,,,,,The relationship between EtCO2 and Monitoring Data is semantically correct and directly applicable in clinical settings.,0.9,,,
115,relation,Jugular Venous Oxygen Saturation,has monitoring data,Monitoring Data,Jugular Venous Oxygen Saturation (SjO2),accept_direct,,,,,The triple correctly represents the relationship between Jugular Venous Oxygen Saturation and Monitoring Data.,0.9,,,
116,relation,Transcranial Doppler,has monitoring data,Monitoring Data,Transcranial Doppler (TCD),accept_direct,,,,,The triple correctly represents the relationship between Transcranial Doppler and Monitoring Data.,0.9,,,
117,relation,Pbro2,has monitoring data,Monitoring Data,Brain Tissue Oxygen (PbrO2),accept_direct,,,,,The triple correctly represents the relationship between Pbro2 and Monitoring Data in the context of neurointensive care.,0.9,,,
118,relation,GCS Assessment,has monitoring data,Monitoring Data,Glasgow Coma Scale (GCS) scores,accept_direct,,,,,The triple correctly represents the relationship between GCS Assessment and Monitoring Data in the neurointensive care context.,0.9,,,
119,relation,Hypotension,targets condition,Vasopressors,arterial pressors may be given to treat systemic hypotension,accept_direct,,,,,The triple correctly represents the relationship between hypotension and vasopressors in critical care.,0.9,,,
120,relation,ICP,targets condition,Vasopressors,to treat reduced cerebral perfusion pressure (CPP) secondary to raised Intracranial Pressure (ICP),revise,4.4,ICP,is influenced by,Vasopressors,The relation 'targets condition' is not appropriate; a more accurate relation should be used to describe the interaction between ICP and vasopressors.,0.8,The relation should indicate that ICP is influenced by vasopressors rather than targeting a condition.,0.9,
121,relation,CPP,receives therapy,Respiratory Distress Syndrome,"aggressive management of Cerebral Perfusion Pressure (CPP) > 70 mmHg, although reducing the incidence of jugular venous desaturations < 50%, increased the incidence of acute respiratory distress syndrome and worsened neurological outcome.",reject,,,,,"CPP does not receive therapy; it is a measurement, not a condition that can receive treatment.",1.0,,,
122,relation,Brain Injury,has monitoring data,Monitoring Data,"collection of admission, monitoring, treatment and outcome data from patients with brain injury.",accept_direct,,,,,The relation 'has monitoring data' is appropriate as monitoring data is directly related to brain injury assessment.,0.9,,,
123,relation,Brain Injury,has outcome,Outcome Data,"collection of admission, monitoring, treatment and outcome data from patients with brain injury.",accept_direct,,,,,The relation 'has outcome' correctly describes the association between brain injury and outcome data.,0.9,,,
124,relation,Brain Injury,is managed by,Management,"aid health authorities to monitor, maintain and raise intra and trans-national standards in the management of patients with brain injury.",accept_direct,,,,,The relation 'is managed by' correctly describes the direct relationship between brain injury and management in a clinical context.,0.9,,,
125,relation,Patient,has monitoring data,Observation,pd:Patient as a ssn:FeatureOfInterest,accept_direct,,,,,The relationship between Patient and Observation is semantically correct and directly applicable in the context of neurointensive care.,0.9,,,
126,relation,Timepoint,is associated with,Reading,Each Timepoint is associated with a set of Readings,accept_direct,,,,,The triple accurately reflects the relationship between Timepoint and Reading as stated in the evidence.,1.0,,,
127,relation,Sensor,produced by sensor,Reading,the machines/sensors that produced them,revise,4.4,Sensor,measured by,Reading,The relation 'produced by sensor' should be corrected to 'measured by' for clarity.,0.8,The relation 'produced by sensor' is incorrect and should be 'measured by' for clarity.,0.9,
128,relation,Sepsis,is associated with,Outcome Data,Improving the standards and resolution for multicentre data collection will also impact upon the assessment of new medical technology of relevance to the medical device industry.,reject,,,,,The relation 'is associated with' does not accurately represent a direct semantic connection between Sepsis and Outcome Data.,0.7,,,low_evidence
129,relation,Arterial Pressors,targets condition,Arterial Hypotension,targets condition(Hypotension → Vasopressors),accept_direct,,,,,The triple correctly identifies the relationship between arterial pressors and arterial hypotension as a direct treatment target.,0.9,,,
130,relation,Clinical Research Form,has clinical assessment,Clinical Assessment,has clinical assessment(Patient → Clinical Assessment),accept_direct,,,,,The relation correctly describes the association between Clinical Research Form and Clinical Assessment.,0.9,,,
131,relation,End-tidal Carbon Dioxide,has monitoring data,Monitoring Data,has monitoring data(EtCO2 → Monitoring Data),accept_direct,,,,,The relationship between End-tidal Carbon Dioxide and Monitoring Data is semantically correct and directly applicable in clinical settings.,0.9,,,
132,relation,Error,is associated with,Monitoring Data,monitoring indicates condition(Monitoring Data → Condition),accept_direct,,,,,The relationship between Error and Monitoring Data is semantically correct as errors can arise from monitoring data assessments.,0.9,,,
133,relation,Injuries,has outcome,Outcome Data,has outcome(Brain Injury → Outcome Data),accept_direct,,,,,The relation 'has outcome' is appropriate between 'Injuries' and 'Outcome Data' at their current specificity.,0.9,,,
134,relation,Intensive Care Management,is managed by,Management,is managed by(Brain Injury → Management),reject,,,,,The relation 'is managed by' does not accurately represent the relationship between ICU management and Management.,0.9,,,
135,relation,NIBP,has monitoring data,Monitoring Data,has monitoring data(Mean Arterial Pressure → Monitoring Data),accept_direct,,,,,The relation accurately describes the connection between NIBP and Monitoring Data as a direct relationship.,0.9,,,
136,relation,Provenance,has monitoring data,Monitoring Data,has monitoring data(Patient → Monitoring Data),accept_direct,,,,,The relation correctly describes the direct connection between Provenance and Monitoring Data.,0.9,,,
137,relation,Substance Abuse,targets condition,Condition,targets condition(Hypotension → Vasopressors),reject,,,,,Substance abuse does not target a specific condition related to stroke; the concepts are unrelated.,1.0,,,
138,relation,Adverse Event,is associated with,Clinical Outcome,[inferred] cluster completion,accept_direct,,,,,The relationship between Adverse Event and Clinical Outcome is semantically correct and directly applicable in the context of medical interventions.,0.9,,,
139,relation,Clinical Outcome,is influenced by,Patient Interventions,[inferred] cluster completion,accept_direct,,,,,The relationship between Clinical Outcome and Patient Interventions is semantically correct and directly applicable.,0.9,,,
140,relation,Clinical Outcome,relates to clinical outcome,Outcome Data,[inferred] cluster completion,accept_direct,,,,,The relationship between clinical outcome and outcome data is semantically correct and directly relevant.,0.9,,,
141,relation,Clinical Practice,is influenced by,Clinical Reminders,[inferred] cluster completion,accept_indirect,,,,,"Clinical reminders influence clinical practice through adherence to guidelines, indicating a multi-level relationship.",0.7,,,low_evidence
142,relation,Clinical Reminders,triggers intervention,Patient Interventions,[inferred] cluster completion,revise,4.4,Clinical Reminders,initiates,Patient Interventions,The relation 'triggers intervention' needs clarification; it may be better stated as 'initiates' or 'prompts' for accuracy.,0.8,The relation 'triggers intervention' is inaccurately described and should be 'initiates' for clarity.,0.9,
143,relation,Data Quality Assessment,assesses,Monitoring Data,[inferred] cluster completion,revise,4.4,Data Quality Assessment,evaluates,Monitoring Data,The relation 'assesses' should be changed to 'evaluates' for better alignment with the context of data quality assessment.,0.7,The relation 'assesses' is incorrect and should be replaced with 'evaluates' for accuracy.,0.95,low_evidence
144,relation,Injuries,is a risk factor for,Adverse Event,[inferred] cluster completion,reject,,,,,The relationship between physical injuries and adverse events is not directly supported in the clinical context provided.,0.6,,,low_evidence
145,relation,Monitoring Data,is monitored by,Core Monitoring Parameter,[inferred] cluster completion,revise,4.8,Core Monitoring Parameter,is monitored by,Monitoring Data,The relation 'is monitored by' should be corrected to reflect the appropriate direction or cardinality.,0.7,The subject and object need to be swapped to correctly reflect the monitoring relationship.,0.9,low_evidence
146,relation,Monitoring Data,produced by sensor,Sensor,[inferred] cluster completion,accept_direct,,,,,The relationship between Monitoring Data and Sensor is semantically correct and directly applicable.,0.9,,,
147,relation,Outcome,is related to,Clinical Outcome,[inferred] cluster completion,accept_direct,,,,,The relationship between patient outcome measures and clinical outcomes is semantically correct and directly relevant.,0.9,,,
148,relation,Outcome Data,is associated with,Clinical Outcome,[inferred] cluster completion,accept_direct,,,,,The relationship between Outcome Data and Clinical Outcome is semantically correct and directly applicable.,0.9,,,
149,relation,Patient Interventions,targets condition,Injuries,[inferred] cluster completion,reject,,,,,The relation 'targets condition' is not clinically accurate for the classes involved.,0.9,,,
150,relation,Physiological Data,is monitored by,Core Monitoring Parameter,[inferred] cluster completion,revise,4.4,Core Monitoring Parameter,monitors,Physiological Data,The relation 'is monitored by' may need clarification or adjustment in direction or specificity.,0.7,The relation 'is monitored by' should be corrected to 'monitors' for clarity.,0.9,low_evidence
151,relation,Possible Error,is a type of,Error,[inferred] cluster completion,accept_direct,,,,,The relationship accurately describes a specific type of error in medical data.,0.9,,,
152,relation,Probable Error,is a type of,Error,[inferred] cluster completion,accept_direct,,,,,The triple correctly identifies a specific type of error within the broader category of errors in medical data.,0.9,,,
153,relation,Provenance,is associated with,Monitoring Data,[inferred] cluster completion,accept_direct,,,,,The relationship between Provenance and Monitoring Data is semantically correct and directly applicable in the context of clinical observations.,0.9,,,
154,relation,Substance Abuse,is a risk factor for,Injuries,[inferred] cluster completion,accept_direct,,,,,"Substance abuse is a recognized risk factor for injuries, making the relation semantically correct.",0.9,,,
155,relation,Therapy,is administered during,Patient Interventions,[inferred] cluster completion,reject,,,,,The relation 'is administered during' is not appropriate for the classes involved as it implies a direct action that does not fit the definitions.,0.9,,,
156,relation,Treatment Data,is associated with,Therapy,[inferred] cluster completion,accept_direct,,,,,The relationship between Treatment Data and Therapy is semantically correct and directly applicable in the neuro-ICU context.,0.9,,,
157,relation,Acute Respiratory Distress Syndrome,is associated with,Vasopressors,[inferred] cluster completion,accept_direct,,,,,The relation 'is associated with' correctly describes the connection between Acute Respiratory Distress Syndrome and Vasopressors.,0.9,,,
158,relation,Adrenaline,is administered during,Hypotension,[inferred] cluster completion,accept_direct,,,,,The triple correctly represents the relationship between adrenaline and hypotension in a clinical context.,0.9,,,
159,relation,Adrenaline,is administered during,Hypertension,[inferred] cluster completion,reject,,,,,Adrenaline is not specifically administered during hypertension; it is more commonly used for anaphylaxis or cardiac arrest.,0.9,,,
160,relation,Hypertension,is influenced by,Noradrenaline,[inferred] cluster completion,accept_direct,,,,,Hypertension is directly influenced by noradrenaline in the context of blood pressure regulation.,0.9,,,
161,relation,Hypertension,is influenced by,Adrenaline,[inferred] cluster completion,accept_direct,,,,,Hypertension is directly influenced by adrenaline in the context of physiological responses.,0.9,,,
162,relation,Hypotension,is influenced by,Noradrenaline,[inferred] cluster completion,accept_direct,,,,,The relationship between hypotension and noradrenaline is clinically accurate and directly relevant in the neuro-ICU context.,0.9,,,
163,relation,Hypotension,is influenced by,Adrenaline,[inferred] cluster completion,accept_direct,,,,,Hypotension is indeed influenced by adrenaline in a clinical context.,0.9,,,
164,relation,Mean Arterial Pressure (MAP),is monitored by,Sensor,[inferred] cluster completion,accept_direct,,,,,The triple correctly describes the relationship between Mean Arterial Pressure and Sensor in the context of monitoring vital signs.,0.9,,,
165,relation,Noradrenaline,is administered during,Hypotension,[inferred] cluster completion,accept_direct,,,,,"Noradrenaline is clinically administered during hypotension to increase blood pressure, which is semantically correct.",0.9,,,
166,relation,Noradrenaline,is administered during,Hypertension,[inferred] cluster completion,accept_direct,,,,,"Noradrenaline is clinically administered to manage hypertension, making the relation semantically correct.",0.9,,,
167,relation,Sepsis,is associated with,Hypotension,[inferred] cluster completion,accept_direct,,,,,Sepsis is clinically associated with hypotension as a direct consequence of its pathophysiology.,0.9,,,
168,relation,Septic Shock,is associated with,Hypotension,[inferred] cluster completion,accept_direct,,,,,Septic shock is clinically associated with hypotension as both are critical conditions in neuro-ICU patients.,0.9,,,
169,relation,Systemic Hypotension,is treated with,Vasopressors,[inferred] cluster completion,accept_direct,,,,,The triple correctly describes the treatment relationship between systemic hypotension and vasopressors.,0.9,,,
170,relation,Vasopressors,is administered during,Systemic Hypotension,[inferred] cluster completion,accept_direct,,,,,The relation accurately describes the administration of vasopressors in the context of treating systemic hypotension.,0.9,,,
171,relation,Brain Injury,is a condition of,Patient,[inferred] cluster completion,accept_direct,,,,,The triple accurately represents the relationship between brain injury and patient in the context of neurointensive care.,0.9,,,
172,relation,Brain Injury,is associated with,Cranial Injuries,[inferred] cluster completion,accept_direct,,,,,The triple correctly represents a direct association between brain injury and cranial injuries.,0.9,,,
173,relation,Brain Injury,is influenced by,Guideline Adherence,[inferred] cluster completion,reject,,,,,The relationship between brain injury and guideline adherence is not clinically plausible as they do not directly influence each other.,0.9,,,
174,relation,Cranial Injuries,is associated with,Brain Injury,[inferred] cluster completion,accept_direct,,,,,Cranial Injuries are directly associated with Brain Injury as both relate to trauma effects.,0.9,,,
175,relation,Cranial Injuries,is a condition of,Patient,[inferred] cluster completion,reject,,,,,The relation 'is a condition of' is not appropriate between cranial injuries and patient in this context.,0.9,,,
176,relation,Demographic Data,has demographic data,Patient,[inferred] cluster completion,accept_direct,,,,,The relation accurately describes the demographic data associated with a patient in neurointensive care.,0.9,,,
177,relation,Extracranial Injury,is associated with,Brain Injury,[inferred] cluster completion,accept_direct,,,,,The triple correctly associates extracranial injury with brain injury as they are clinically related concepts.,0.9,,,
178,relation,Guideline,informs,Guideline Adherence,[inferred] cluster completion,accept_direct,,,,,The triple correctly represents the relationship between guidelines and guideline adherence in clinical practice.,0.9,,,
179,relation,Guideline Adherence,is associated with,Guideline,[inferred] cluster completion,accept_direct,,,,,The triple correctly represents a direct relationship between guideline adherence and guidelines in clinical practice.,0.9,,,
180,relation,Guideline Adherence,affects outcome,Traumatic Brain Injury,[inferred] cluster completion,accept_direct,,,,,The relation 'affects outcome' is semantically correct between Guideline Adherence and Traumatic Brain Injury.,0.9,,,
181,relation,Head Injury,is a condition of,Patient,[inferred] cluster completion,reject,,,,,The relation 'is a condition of' is not appropriate between 'Head Injury' and 'Patient'.,0.9,,,
182,relation,Head Injury,is associated with,Brain Injury,[inferred] cluster completion,accept_direct,,,,,The relationship between Head Injury and Brain Injury is clinically accurate and directly applicable.,0.9,,,
183,relation,Head Trauma,is a condition of,Patient,[inferred] cluster completion,accept_direct,,,,,The triple correctly identifies Head Trauma as a condition affecting a Patient in neurointensive care.,0.9,,,
184,relation,Head Trauma,is associated with,Traumatic Brain Injury,[inferred] cluster completion,accept_direct,,,,,"Head Trauma is a type of Traumatic Brain Injury, making the relation semantically correct.",0.9,,,
185,relation,Mortality,is a risk factor for,Traumatic Brain Injury,[inferred] cluster completion,accept_direct,,,,,Mortality is a recognized risk factor for Traumatic Brain Injury in clinical contexts.,0.9,,,
186,relation,Neurological Injury,is a condition of,Patient,[inferred] cluster completion,accept_direct,,,,,The triple correctly identifies Neurological Injury as a condition affecting a Patient in neurointensive care.,0.9,,,
187,relation,Patient,is associated with,Brain Injury,[inferred] cluster completion,accept_direct,,,,,The relationship between Patient and Brain Injury is semantically correct and directly applicable in the neurointensive care context.,0.9,,,
188,relation,Traumatic Brain Injury,is a condition of,Patient,[inferred] cluster completion,reject,,,,,The relation 'is a condition of' is not appropriate for the subject and object as stated.,0.9,,,
189,relation,Traumatic Brain Injury,is associated with,Head Trauma,[inferred] cluster completion,accept_direct,,,,,The relation 'is associated with' correctly describes the connection between Traumatic Brain Injury and Head Trauma.,0.9,,,
190,relation,Traumatic Brain Injury,is influenced by,Guideline Adherence,[inferred] cluster completion,reject,,,,,The relationship 'is influenced by' does not accurately represent the connection between Traumatic Brain Injury and Guideline Adherence.,0.9,,,
191,relation,Traumatic Intracranial Hypertension,is a condition of,Patient,[inferred] cluster completion,reject,,,,,The relation 'is a condition of' is not appropriate between a medical condition and a patient.,0.9,,,
192,relation,Traumatic Intracranial Hypertension,is associated with,Traumatic Brain Injury,[inferred] cluster completion,accept_direct,,,,,The triple correctly associates Traumatic Intracranial Hypertension with Traumatic Brain Injury as they are directly related conditions.,0.9,,,
193,relation,Anterior Fossa Repair,is monitored by,Intensive Care Management,[inferred] cluster completion,reject,,,,,The relation 'is monitored by' does not accurately describe the relationship between the two classes.,0.9,,,
194,relation,Anterior Fossa Repair,has surgical procedure,Surgical Procedure,[inferred] cluster completion,revise,4.4,Anterior Fossa Repair,involves,CSF Leak Repair Procedure,The relation label should be more specific to accurately reflect the context of the surgical procedure.,0.8,The relation label needs to accurately describe the specific surgical procedure involved.,0.9,
195,relation,Bedside Intervention,has nursing intervention,Nursing Intervention,[inferred] cluster completion,accept_direct,,,,,The triple correctly represents a direct relationship between bedside interventions and nursing interventions in the neuro-ICU context.,0.9,,,
196,relation,CT Scan Assessment,assesses,Coma,[inferred] cluster completion,reject,,,,,The relation 'assesses' is not clinically accurate between CT Scan Assessment and Coma.,0.9,,,
197,relation,CT Scan Assessment,is monitored by,Intensive Care Management,[inferred] cluster completion,reject,,,,,The relation 'is monitored by' does not accurately represent the connection between CT Scan Assessment and Intensive Care Management.,0.9,,,
198,relation,Clinical Assessment,has monitoring data,Intensive Care Management,[inferred] cluster completion,accept_direct,,,,,The relation between Clinical Assessment and Intensive Care Management is semantically correct and directly applicable.,0.9,,,
199,relation,Extra Ventricular Drain Placement,is monitored by,Intensive Care Management,[inferred] cluster completion,reject,,,,,The relation 'is monitored by' does not accurately describe the connection between the two concepts in this context.,0.9,,,
200,relation,Intensive Care Management,has clinical assessment,Clinical Assessment,[inferred] cluster completion,accept_direct,,,,,The relation 'has clinical assessment' directly connects ICU management to clinical assessment as defined.,0.9,,,
201,relation,Intensive Care Management,has monitoring data,Laboratory Values,[inferred] cluster completion,accept_direct,,,,,The relation 'has monitoring data' correctly describes the direct relationship between ICU management and laboratory values.,0.9,,,
202,relation,Laboratory Values,is monitored by,Intensive Care Management,[inferred] cluster completion,accept_direct,,,,,The relation 'is monitored by' correctly describes the direct relationship between laboratory values and intensive care management.,0.9,,,
203,relation,Nursing Intervention,is administered during,Session,[inferred] cluster completion,accept_direct,,,,,The relation accurately describes the administration of nursing interventions during monitoring sessions in the ICU.,0.9,,,
204,relation,Physiotherapy,is administered during,Session,[inferred] cluster completion,revise,4.4,Physiotherapy,is utilized during,Session,The relation label needs clarification to accurately reflect the connection between physiotherapy and monitoring sessions.,0.8,The relation label needs to accurately reflect the use of physiotherapy in sessions.,0.9,
205,relation,Routine Nursing Care,is administered during,Session,[inferred] cluster completion,reject,,,,,The relation 'is administered during' is not clinically plausible between the given classes.,0.9,,,
206,relation,Surgical Procedure,is monitored by,Intensive Care Management,[inferred] cluster completion,reject,,,,,The relation 'is monitored by' does not accurately represent the connection between the surgical procedure and ICU management data.,0.9,,,
207,relation,Barbiturates,is administered during,Decompressive Craniectomy,[inferred] cluster completion,accept_direct,,,,,Barbiturates are indeed administered during decompressive craniectomy for sedation and seizure management.,0.9,,,
208,relation,Cerebrovascular Autoregulation,is influenced by,Decompressive Craniectomy,[inferred] cluster completion,revise,4.4,Cerebrovascular Autoregulation,is affected by,Decompressive Craniectomy,"The relation 'is influenced by' needs to be more accurately defined, possibly as 'is affected by' for clarity.",0.8,The relation 'is influenced by' is better expressed as 'is affected by' for clarity.,0.9,
209,relation,Condition,is a condition of,Hypoperfusion,[inferred] cluster completion,reject,,,,,The relationship 'is a condition of' is not clinically accurate between the two conditions described.,0.9,,,
210,relation,Evacuation of Mass Lesion,has surgical procedure,Decompressive Craniectomy,[inferred] cluster completion,accept_direct,,,,,The relation accurately describes the surgical procedure associated with the evacuation of a mass lesion.,0.9,,,
211,relation,Hypoperfusion,is associated with,Condition,[inferred] cluster completion,reject,,,,,The relationship between hypoperfusion and the condition described is not clinically plausible as they refer to different mechanisms.,0.9,,,
212,relation,Jugular Venous Desaturation,is monitored by,Jugular Venous Oxygen Saturation,[inferred] cluster completion,accept_direct,,,,,The relationship accurately describes how Jugular Venous Desaturation is monitored by Jugular Venous Oxygen Saturation.,0.9,,,
213,relation,Management,is managed by,Barbiturates,[inferred] cluster completion,revise,4.4,Management,is used in the management of,Barbiturates,"The relation 'is managed by' should be corrected to reflect a more appropriate relationship, such as 'is used in the management of'.",0.8,The relation 'is managed by' is incorrect; it should indicate usage in management.,0.9,
214,relation,Microdialysis,is monitored by,Partial Pressure of Brain Tissue Oxygen,[inferred] cluster completion,reject,,,,,The relation 'is monitored by' is semantically incorrect between these two concepts.,0.9,,,
215,relation,Removal of Foreign Body,has surgical procedure,Evacuation of Mass Lesion,[inferred] cluster completion,reject,,,,,The relation 'has surgical procedure' does not accurately describe the relationship between the two procedures.,0.9,,,
216,relation,EUSIG Grade,defines,Secondary Insult,[inferred] cluster completion,accept_direct,,,,,The triple correctly defines the relationship between EUSIG Grade and Secondary Insult within the neurointensive care context.,0.9,,,
217,relation,Secondary Brain Injury,is a condition of,Secondary Insult,[inferred] cluster completion,reject,,,,,The relationship between Secondary Brain Injury and Secondary Insult is not accurately represented as a direct condition relation.,0.9,,,
218,relation,Secondary Brain Injury,worsens,Outcome,[inferred] cluster completion,revise,4.4,Secondary Brain Injury,exacerbates,Outcome,The relation 'worsens' should be clarified to reflect the nature of the impact between secondary brain injury and patient outcome.,0.7,The relation 'worsens' should be replaced with 'exacerbates' to accurately describe the impact.,0.9,low_evidence
219,relation,Secondary Insult,triggers intervention,Secondary Insult Therapy,[inferred] cluster completion,accept_direct,,,,,The triple correctly describes a direct relationship between secondary insult and its therapy.,0.9,,,
220,relation,Secondary Insult Grades,defines,Secondary Insult,[inferred] cluster completion,reject,,,,,"The classification system cannot directly define the concept of secondary insult, as they represent different levels of abstraction.",0.9,,,
221,relation,Secondary Insult Therapy,is administered during,Secondary Insult,[inferred] cluster completion,revise,4.4,Secondary Insult,is treated with,Secondary Insult Therapy,The relation label needs clarification; it should specify the context of administration more clearly.,0.8,The relation label needs to specify the treatment context more clearly.,0.9,
222,relation,Secondary Insult Therapy,reduces,Secondary Brain Injury,[inferred] cluster completion,reject,,,,,The relation 'reduces' is not clinically accurate between the two concepts as defined.,0.9,,,
223,relation,Secondary Insult Treatment,targets condition,Secondary Insult,[inferred] cluster completion,reject,,,,,The relation 'targets condition' is semantically incorrect as it implies a direct relationship that does not exist between the classes.,0.9,,,
224,relation,Analgesia,is administered during,Patient Transport,[inferred] cluster completion,reject,,,,,Analgesia is not specifically related to patient transport in the context of neuro-ICU.,0.9,,,
225,relation,Analgesia,reduces,Poor Outcome,[inferred] cluster completion,reject,,,,,The relation 'reduces' is not clinically accurate between 'Analgesia' and 'Poor Outcome'.,0.9,,,
226,relation,Anti-hypertensives,is administered during,Ventilation,[inferred] cluster completion,reject,,,,,The relation 'is administered during' is clinically implausible between Anti-hypertensives and Mechanical ventilation settings.,0.9,,,
227,relation,Anti-pyretics,targets condition,Temperature,[inferred] cluster completion,reject,,,,,The relation 'targets condition' is not clinically applicable between anti-pyretics and temperature as a physiological parameter.,0.9,,,
228,relation,Anti-pyretics,reduces,Poor Outcome,[inferred] cluster completion,reject,,,,,The relationship between Anti-pyretics and Poor Outcome is clinically implausible and not supported by the evidence provided.,0.9,,,
229,relation,Antibiotics,is administered during,Patient Transport,[inferred] cluster completion,reject,,,,,"Antibiotics are not typically administered during patient transport, making the relation clinically implausible.",0.9,,,
230,relation,Electrocardiogram (ECG),is monitored by,Ventilator,[inferred] cluster completion,reject,,,,,Electrocardiogram (ECG) is not monitored by a ventilator; they serve different functions in patient care.,0.9,,,
231,relation,EtCO2,is monitored by,Ventilator,[inferred] cluster completion,accept_direct,,,,,EtCO2 is directly monitored by a ventilator in clinical practice.,0.9,,,
232,relation,EtCO2,measures parameter,Carbon Dioxide,[inferred] cluster completion,revise,4.4,EtCO2,monitors,Carbon Dioxide,The relation 'measures parameter' should be corrected to 'monitors' for clarity.,0.8,The relation 'measures parameter' is incorrect and should be 'monitors' for clarity.,0.95,
233,relation,Impedance Plethmography,is monitored by,Ventilator,[inferred] cluster completion,reject,,,,,Impedance Plethmography is not monitored by a Ventilator; they serve different functions in clinical settings.,0.9,,,
234,relation,Insult,is a risk factor for,Poor Outcome,[inferred] cluster completion,accept_direct,,,,,The relationship between Insult and Poor Outcome is clinically valid and directly applicable in the neurointensive care context.,0.9,,,
235,relation,Insult,triggers intervention,Ventilation,[inferred] cluster completion,reject,,,,,The relation 'triggers intervention' is not clinically plausible in this context.,0.9,,,
236,relation,Paralysis,is a condition of,Neurological Injury,[inferred] cluster completion,reject,,,,,Paralysis is not a condition of neurological injury but rather a potential outcome or symptom of it.,0.9,,,
237,relation,Paralysis,affects outcome,Poor Outcome,[inferred] cluster completion,reject,,,,,The relationship 'affects outcome' is too vague and not clinically valid in this context.,0.5,,,low_evidence
238,relation,Patient Transport,is associated with,Ventilation,[inferred] cluster completion,reject,,,,,The association between Patient Transport and Mechanical Ventilation is clinically implausible as they are unrelated concepts.,0.9,,,
239,relation,Patient Transport,is administered during,Analgesia,[inferred] cluster completion,reject,,,,,The relation 'is administered during' is not clinically plausible between Patient Transport and Analgesia.,0.9,,,
240,relation,Poor Outcome,is influenced by,Insult,[inferred] cluster completion,reject,,,,,The relationship between Poor Outcome and Insult is not clinically plausible as stated.,0.9,,,
241,relation,Poor Outcome,is associated with,Paralysis,[inferred] cluster completion,reject,,,,,The association between Poor Outcome and Paralysis is clinically implausible without additional context or evidence.,0.5,,,low_evidence
242,relation,Sjo2,is monitored by,Ventilator,[inferred] cluster completion,reject,,,,,"The relation 'is monitored by' is clinically implausible as Sjo2 is a measurement, not a monitored entity.",0.9,,,
243,relation,Skull Fracture Elevation,is associated with,Head Injury,[inferred] cluster completion,accept_direct,,,,,The triple correctly associates Skull Fracture Elevation with Head Injury as both are related to trauma to the head.,0.9,,,
244,relation,TCD,is monitored by,Sensor,[inferred] cluster completion,revise,4.4,Sensor,monitors,TCD,The relation label needs clarification; 'is monitored by' may not accurately describe the relationship between TCD and Sensor.,0.8,The relationship should indicate that the sensor actively monitors TCD.,0.9,
245,relation,Ventilation,is managed by,Ventilator,[inferred] cluster completion,accept_direct,,,,,The triple correctly represents the management relationship between mechanical ventilation settings and the ventilator.,0.9,,,
246,relation,Ventilation,is associated with,Patient Transport,[inferred] cluster completion,reject,,,,,The relation between mechanical ventilation settings and patient transport is clinically implausible.,0.9,,,
247,relation,White Blood Cell Count,has laboratory value,Haematology,[inferred] cluster completion,reject,,,,,The relation 'has laboratory value' is not semantically correct between the given classes.,0.9,,,
248,relation,Brain Temperature,is monitored by,Sensor,[inferred] cluster completion,revise,4.4,Brain Temperature,is measured by,Sensor,The relation label 'is monitored by' may need to be adjusted for clarity in the context of Brain Temperature and Sensor.,0.7,The relation 'is monitored by' is unclear; 'is measured by' is more precise.,0.9,low_evidence
249,relation,Brain Temperature,has monitoring data,Timepoint,[inferred] cluster completion,revise,4.4,Brain Temperature,has associated timepoint,Timepoint,The relation 'has monitoring data' may need clarification or adjustment to better reflect the relationship between the classes.,0.8,The relation label needs to better reflect the association with timepoints.,0.85,
250,relation,Heart Rate,is monitored by,Sensor,[inferred] cluster completion,accept_direct,,,,,The triple correctly represents the relationship between heart rate and sensor monitoring in a clinical context.,0.9,,,
251,relation,Heart Rate,has monitoring data,Timepoint,[inferred] cluster completion,revise,4.4,Heart Rate,is monitored at,Timepoint,The relation 'has monitoring data' may need clarification or adjustment to better reflect the connection between Heart Rate and Timepoint.,0.8,The relation needs to better reflect the monitoring context between Heart Rate and Timepoint.,0.85,
252,relation,ICP Sensor Placement,is related to,Sensor,[inferred] cluster completion,reject,,,,,The relation 'is related to' is too vague and does not establish a clear semantic connection between the classes.,0.9,,,
253,relation,Measurement Time,has timepoint,Timepoint,[inferred] cluster completion,accept_direct,,,,,The relation 'has timepoint' accurately describes the direct relationship between Measurement Time and Timepoint.,0.9,,,
254,relation,NIBP,is monitored by,Sensor,[inferred] cluster completion,revise,4.4,NIBP,is recorded by,Sensor,The relation label 'is monitored by' needs to be more specific to accurately describe the interaction between NIBP and Sensor.,0.8,The relation label needs to specify the action of recording physiological parameters.,0.9,
255,relation,NIBP,has monitoring data,Timepoint,[inferred] cluster completion,revise,4.4,NIBP,is monitored at,Timepoint,The relation label 'has monitoring data' needs clarification to better reflect the relationship between NIBP and Timepoint.,0.8,The relation label needs to accurately describe the monitoring context of NIBP at specific timepoints.,0.9,
256,relation,Observation,is measured at,Timepoint,[inferred] cluster completion,accept_direct,,,,,The relation 'is measured at' correctly describes the relationship between Observation and Timepoint.,0.9,,,
257,relation,Parameter,is measured by,Sensor,[inferred] cluster completion,accept_direct,,,,,The relationship 'is measured by' correctly describes the direct association between Parameter and Sensor.,0.9,,,
258,relation,Peripheral Temperature,is monitored by,Sensor,[inferred] cluster completion,accept_direct,,,,,The relationship between Peripheral Temperature and Sensor is semantically correct and directly applicable in the neuro-ICU context.,0.9,,,
259,relation,Peripheral Temperature,has monitoring data,Timepoint,[inferred] cluster completion,revise,4.4,Peripheral Temperature,is monitored at,Timepoint,The relation label needs clarification to better reflect the connection between temperature and timepoint data.,0.7,The relation label should clarify the monitoring context between temperature and timepoint.,0.9,low_evidence
260,relation,Reading,is measured at,Timepoint,[inferred] cluster completion,accept_direct,,,,,The relation 'is measured at' correctly connects 'Reading' and 'Timepoint' as defined.,0.9,,,
261,relation,Reading,measures parameter,Parameter,[inferred] cluster completion,revise,4.4,Reading,records,Parameter,The relation 'measures parameter' should be adjusted to better reflect the context of the classes involved.,0.8,The relation should reflect the action of recording rather than measuring.,0.9,
262,relation,Respiration Rate,is monitored by,Sensor,[inferred] cluster completion,accept_direct,,,,,The triple correctly represents a direct relationship between respiration rate and sensor monitoring.,0.9,,,
263,relation,Respiration Rate,has monitoring data,Timepoint,[inferred] cluster completion,revise,4.4,Respiration Rate,has associated timepoint,Timepoint,The relation label 'has monitoring data' may need clarification to accurately reflect the connection between the classes.,0.8,The relation label needs to better reflect the association between respiration rate and timepoints.,0.9,
264,relation,Temperature,is monitored by,Sensor,[inferred] cluster completion,revise,4.4,Temperature,is measured by,Sensor,The relation 'is monitored by' should be more accurately described as 'is measured by' for clarity.,0.7,The relation 'is monitored by' should be corrected to 'is measured by' for clarity.,0.9,low_evidence
265,relation,Temperature,has monitoring data,Timepoint,[inferred] cluster completion,accept_direct,,,,,The relationship between Temperature and Timepoint is semantically correct as monitoring data is directly associated with both concepts.,0.9,,,
266,relation,Biochemistry,has laboratory value,Potassium,[inferred] cluster completion,revise,4.4,Biochemistry,measures,Potassium,The relation 'has laboratory value' should be more accurately labeled as 'measures' for clarity in context.,0.8,The relation 'has laboratory value' is incorrectly labeled and should be 'measures' for clarity.,0.9,
267,relation,Biochemistry,has laboratory value,Sodium,[inferred] cluster completion,revise,4.4,Biochemistry,assesses,Sodium,The relation 'has laboratory value' should be more accurately labeled to reflect the specific biochemical context.,0.8,The relation 'has laboratory value' is incorrect; 'assesses' better reflects the context.,0.9,
268,relation,Blood Gases,is monitored by,Monitoring,[inferred] cluster completion,revise,4.4,Blood Gases,is assessed by,Monitoring,The relation label 'is monitored by' needs to be adjusted to better reflect the monitoring context of blood gases.,0.7,The relation label should reflect the assessment context of blood gases.,0.9,low_evidence
269,relation,Cardiac Output,is monitored by,Monitoring,[inferred] cluster completion,revise,4.4,Cardiac Output,is monitored by continuous observation,Monitoring,The relation label needs clarification; it should specify the type of monitoring rather than a general term.,0.7,The relation label should specify the type of monitoring more clearly.,0.9,low_evidence
270,relation,Fluids,is monitored by,Monitoring,[inferred] cluster completion,revise,4.4,Fluids — Fluid input and output management.,is monitored in,Monitoring — The continuous observation and measurement of physiological parameters in critically ill patients to detect changes in their condition.,The relation label 'is monitored by' may need adjustment to better reflect the monitoring context in neuro-ICU.,0.7,The relation label needs to better reflect the context of monitoring in neuro-ICU.,0.9,low_evidence
271,relation,Glucose,is monitored by,Monitoring,[inferred] cluster completion,accept_direct,,,,,The triple accurately represents a direct relationship between glucose and monitoring in the context of critically ill patients.,0.9,,,
272,relation,Haematocrit,has laboratory value,Haematology,[inferred] cluster completion,revise,4.4,Haematocrit — Packed cell volume. Daily haematology value.,is assessed through,"Haematology — The study of blood, blood-forming organs, and blood diseases, often assessed through laboratory values.",The relation 'has laboratory value' should be more accurately defined as 'is assessed through' for clarity.,0.7,The relation label was incorrect and needed to be more accurately defined.,0.9,low_evidence
273,relation,Haematology,has laboratory value,Haemoglobin,[inferred] cluster completion,revise,4.4,Haematology,has laboratory value for,Haemoglobin,The relation label should be adjusted to accurately reflect the context of laboratory values in haematology.,0.8,The relation label should specify the context of laboratory values in haematology.,0.9,
274,relation,Haematology,has laboratory value,Haematocrit,[inferred] cluster completion,revise,4.4,Haematology,assesses,Haematocrit,The relation label needs to be adjusted to reflect a more accurate connection between haematology and haematocrit.,0.7,The relation label should reflect the assessment role of haematology regarding haematocrit values.,0.9,low_evidence
275,relation,Haemoglobin,has laboratory value,Haematology,[inferred] cluster completion,revise,4.4,Haemoglobin,has concentration value,Haemoglobin concentration,The relation label 'has laboratory value' needs to be more accurately defined or specified for clarity.,0.7,The relation label needs to specify the type of laboratory value more clearly.,0.9,low_evidence
276,relation,Monitoring,monitoring indicates condition,Secondary Insult,[inferred] cluster completion,reject,,,,,The relation 'monitoring indicates condition' is semantically incorrect as monitoring does not directly indicate a secondary insult.,0.9,,,
277,relation,Nutrition,is monitored by,Monitoring,[inferred] cluster completion,revise,4.4,Nutrition,supports,Monitoring,The relation 'is monitored by' should be revised to reflect a more appropriate connection between Nutrition and Monitoring.,0.7,The relationship should reflect that nutrition supports monitoring in critically ill patients.,0.9,low_evidence
278,relation,Potassium,has laboratory value,Biochemistry,[inferred] cluster completion,revise,4.4,Potassium,is a component of,Biochemistry,The relation label 'has laboratory value' needs clarification to accurately reflect the relationship between potassium and biochemistry.,0.7,The relation label needs to accurately reflect potassium's role in biochemistry.,0.9,low_evidence
279,relation,Sedation,is monitored by,Monitoring,[inferred] cluster completion,accept_direct,,,,,The relationship between sedation management and monitoring is semantically correct and directly applicable in the neuro-ICU context.,0.9,,,
280,relation,Sodium,has laboratory value,Biochemistry,[inferred] cluster completion,revise,4.2,Sodium,has specific laboratory value,Serum sodium (Na),The relation 'has laboratory value' should be more specific to reflect the context of sodium as a specific laboratory value.,0.8,The relation should specify sodium's specific laboratory value rather than a general category.,0.9,
281,relation,Disability,is associated with,Outcome Score,[inferred] cluster completion,accept_direct,,,,,The relationship between Disability and Outcome Score is clinically valid and directly associated.,0.9,,,
282,relation,Disability,is influenced by,GCS Assessment,[inferred] cluster completion,accept_direct,,,,,The relationship between Disability and GCS Assessment is semantically correct and directly applicable in the neurointensive care context.,0.9,,,
283,relation,GCS Assessment,is associated with,Pupil Assessment,[inferred] cluster completion,reject,,,,,The relationship between GCS Assessment and Pupil Assessment is not clinically valid as described.,0.9,,,
284,relation,GOSe Outcome,relates to clinical outcome,Outcome Score,[inferred] cluster completion,accept_direct,,,,,The triple correctly relates the GOSe Outcome to the Outcome Score as both assess patient outcomes after brain injury.,0.9,,,
285,relation,Motor Impairment,is associated with,Disability,[inferred] cluster completion,accept_direct,,,,,Motor Impairment is directly associated with Disability in the context of brain injury patients.,0.9,,,
286,relation,Motor Impairment,is influenced by,GCS Assessment,[inferred] cluster completion,accept_direct,,,,,The triple correctly represents the influence of GCS Assessment on Motor Impairment in brain injury patients.,0.9,,,
287,relation,Outcome Score,predicts outcome,GOSe Outcome,[inferred] cluster completion,accept_direct,,,,,The triple correctly represents a direct relationship between the Outcome Score and GOSe Outcome in assessing neurological outcomes.,0.9,,,
288,relation,Outcome Score,is associated with,Disability,[inferred] cluster completion,accept_direct,,,,,The relationship between Outcome Score and Disability is semantically correct and directly applicable in the neurointensive care context.,0.9,,,
289,relation,Pupil Assessment,is associated with,GCS Assessment,[inferred] cluster completion,accept_direct,,,,,The relationship between Pupil Assessment and GCS Assessment is semantically correct and directly relevant in the neurointensive care context.,0.9,,,
290,relation,CPP,is influenced by,ICP,[inferred] cluster completion,accept_direct,,,,,The relationship between CPP and ICP is clinically accurate and directly relevant in neurointensive care.,0.9,,,
291,relation,CPP,calculates,Mean Cerebral Perfusion Pressure,[inferred] cluster completion,revise,4.4,Mean Cerebral Perfusion Pressure,is calculated as,the difference between mean arterial pressure and intracranial pressure,The relation 'calculates' should be revised to reflect a more appropriate relationship between CPP and Mean Cerebral Perfusion Pressure.,0.8,The relation 'calculates' is incorrect; it should describe the definition of Mean Cerebral Perfusion Pressure.,0.9,
292,relation,Intracranial Hypertension,is a condition of,ICP,[inferred] cluster completion,accept_direct,,,,,The triple correctly identifies ICP as a condition related to intracranial hypertension.,0.9,,,
293,relation,Mean Cerebral Perfusion Pressure,is influenced by,ICP,[inferred] cluster completion,accept_direct,,,,,The relationship accurately reflects the influence of ICP on Mean Cerebral Perfusion Pressure within the neurointensive care context.,0.9,,,
294,relation,Pressure Reactivity Index (PRx),assesses,ICP,[inferred] cluster completion,accept_direct,,,,,The triple correctly represents the relationship between PRx and ICP as both are relevant in neurointensive care.,0.9,,,
295,relation,Carbon Dioxide,is monitored by,Partial Pressure of Carbon Dioxide,[inferred] cluster completion,accept_direct,,,,,The triple correctly represents the monitoring relationship between Carbon Dioxide and its partial pressure in assessing respiratory function.,0.9,,,
296,relation,Carbon Dioxide,is associated with,Ventilation,[inferred] cluster completion,accept_direct,,,,,Carbon Dioxide is directly associated with Ventilation in the context of respiratory function monitoring.,0.9,,,
297,relation,End-tidal Carbon Dioxide,assesses,Ventilation,[inferred] cluster completion,revise,4.4,End-tidal Carbon Dioxide,measures,Ventilation,The relation 'assesses' should be changed to 'measures' for clarity and accuracy.,0.8,The relation 'assesses' is incorrect and should be replaced with 'measures' for accuracy.,0.95,
298,relation,End-tidal Carbon Dioxide,is measured by,Sensor,[inferred] cluster completion,revise,4.4,End-tidal Carbon Dioxide,is recorded by,Sensor,The relation 'is measured by' should be more accurately represented as 'is recorded by' for clarity.,0.7,The relation 'is measured by' should be replaced with 'is recorded by' for clarity.,0.9,low_evidence
299,relation,Partial Pressure of Carbon Dioxide,is influenced by,Ventilation,[inferred] cluster completion,accept_direct,,,,,The relationship between partial pressure of carbon dioxide and ventilation is clinically valid and directly applicable.,0.9,,,
300,hierarchy,Decompressive Craniectomy,subClassOf,Surgical Procedure,Decompressive craniectomy (DC) is a surgical technique originally described by Kocher in 1901.,accept_direct,,,,,Decompressive craniectomy is correctly classified as a type of surgical procedure.,0.9,,,
301,hierarchy,Secondary Insult,subClassOf,Insult,One of the most critical types of systemic secondary insult is arterial hypotension.,accept_direct,,,,,The relationship between Secondary Insult and Insult is correctly identified as a subclass relation.,0.9,,,
302,hierarchy,Vasopressors,subClassOf,Baseline Therapy,[inferred] Vasopressors is a subclass of Baseline Therapy (deterministic hierarchy checklist).,reject,,,,,Vasopressors are not a subclass of Baseline Therapy; they serve a different purpose in critical care.,0.9,,,
303,hierarchy,Secondary Insult,subClassOf,Condition,[inferred] Secondary Insult is a subclass of Condition (deterministic hierarchy checklist).,reject,,,,,Secondary Insult is not a subclass of Condition as defined; it refers to complications rather than a type of stroke.,0.9,,,
304,hierarchy,Core Monitoring Parameter,subClassOf,Monitoring Data,[inferred] Chain-of-Layer: Core Monitoring Parameter is organized under Monitoring Data,accept_direct,,,,,The triple correctly identifies a direct subclass relationship between Core Monitoring Parameter and Monitoring Data.,0.9,,,
305,hierarchy,Heart Rate,subClassOf,Core Monitoring Parameter,[inferred] Chain-of-Layer: Heart Rate is organized under Core Monitoring Parameter,accept_direct,,,,,Heart Rate is correctly classified as a Core Monitoring Parameter.,0.9,,,
306,hierarchy,Mean Arterial Pressure (MAP),subClassOf,Core Monitoring Parameter,[inferred] Chain-of-Layer: Mean Arterial Pressure (MAP) is organized under Core Monitoring Parameter,accept_direct,,,,,Mean Arterial Pressure (MAP) is correctly classified as a Core Monitoring Parameter.,0.9,,,
307,hierarchy,Mean Intracranial Pressure,subClassOf,Core Monitoring Parameter,[inferred] Chain-of-Layer: Mean Intracranial Pressure is organized under Core Monitoring Parameter,accept_direct,,,,,The triple correctly identifies Mean Intracranial Pressure as a subclass of Core Monitoring Parameter based on the provided evidence.,0.9,,,
308,hierarchy,Mean Cerebral Perfusion Pressure,subClassOf,Core Monitoring Parameter,[inferred] Chain-of-Layer: Mean Cerebral Perfusion Pressure is organized under Core Monitoring Parameter,accept_direct,,,,,Mean Cerebral Perfusion Pressure is correctly classified as a Core Monitoring Parameter.,0.9,,,
309,hierarchy,Pressure Reactivity Index (PRx),subClassOf,Core Monitoring Parameter,[inferred] Chain-of-Layer: Pressure Reactivity Index (PRx) is organized under Core Monitoring Parameter,accept_direct,,,,,The triple correctly identifies PRx as a subclass of Core Monitoring Parameter based on the provided evidence.,0.9,,,
310,hierarchy,Monitoring Time,subClassOf,Monitoring Data,[inferred] Chain-of-Layer: Monitoring Time is organized under Monitoring Data,reject,,,,,Monitoring Time is not a subclass of Monitoring Data as they represent different concepts.,0.9,,,
311,hierarchy,Baseline Therapy,subClassOf,Therapy,[inferred] Chain-of-Layer: Baseline Therapy is organized under Therapy,accept_direct,,,,,The triple correctly identifies Baseline Therapy as a subclass of Therapy based on the provided evidence.,0.9,,,
312,hierarchy,Barbiturates,subClassOf,Secondary Insult Therapy,[inferred] Chain-of-Layer: Barbiturates is organized under Baseline Therapy,reject,,,,,"Barbiturates are not a subclass of Secondary Insult Therapy, as they serve different therapeutic purposes.",0.9,,,
313,hierarchy,Traumatic Brain Injury,subClassOf,Condition,[inferred] Chain-of-Layer: Traumatic Brain Injury is organized under Condition,reject,,,,,Traumatic Brain Injury is not a subclass of Condition as defined; it is a distinct category of injury.,0.9,,,
314,hierarchy,Sepsis,subClassOf,Condition,[inferred] Chain-of-Layer: Sepsis is organized under Condition,reject,,,,,Sepsis is not a type of stroke and does not belong under the class Condition as defined.,1.0,,,
315,hierarchy,Septic Shock,subClassOf,Condition,[inferred] Chain-of-Layer: Septic Shock is organized under Condition,reject,,,,,Septic Shock is not a type of stroke and thus cannot be classified as a subclass of Condition as defined.,1.0,,,
316,hierarchy,GCS Assessment,subClassOf,Clinical Assessment,[inferred] Chain-of-Layer: GCS Assessment is organized under Outcome,accept_direct,,,,,"GCS Assessment is a specific type of Clinical Assessment, making the subclass relationship valid.",0.9,,,
317,hierarchy,Guideline Adherence,subClassOf,Guideline,[inferred] Chain-of-Layer: Guideline Adherence is organized under Guideline,accept_direct,,,,,The triple correctly represents a direct subclass relationship between Guideline Adherence and Guideline.,0.9,,,
318,hierarchy,Cerebrovascular Autoregulation,subClassOf,Condition,[inferred] Cerebrovascular Autoregulation is a subclass of Condition (deterministic hierarchy checklist).,reject,,,,,"Cerebrovascular Autoregulation is not a subclass of Condition; it describes a physiological mechanism, not a type of stroke.",0.9,,,
319,hierarchy,Haematocrit,subClassOf,Haematology,the physiological vital functions are extensively monitored.,accept_direct,,,,,The relationship between Haematocrit and Haematology is correctly defined as a subclass relationship.,0.9,,,
320,hierarchy,TCD,subClassOf,Optional Monitoring Parameter,the physiological vital functions are extensively monitored.,reject,,,,,TCD is not a subclass of Optional Monitoring Parameter as defined in the context provided.,0.9,,,
321,hierarchy,Optional Monitoring Parameter,subClassOf,Monitoring Data,the physiological vital functions are extensively monitored.,accept_direct,,,,,The relationship between Optional Monitoring Parameter and Monitoring Data is correctly defined as a subclass relationship.,0.9,,,
322,hierarchy,ICP,subClassOf,Core Monitoring Parameter,the physiological vital functions are extensively monitored.,accept_direct,,,,,ICP is a specific monitoring parameter within the broader category of Core Monitoring Parameters.,0.9,,,
323,hierarchy,Removal of Foreign Body,subClassOf,Surgical Procedure,the physiological vital functions are extensively monitored.,accept_direct,,,,,The triple correctly identifies a subclass relationship between the two classes at the current level of specificity.,0.9,,,
324,hierarchy,Peripheral Temperature,subClassOf,Optional Monitoring Parameter,the physiological vital functions are extensively monitored.,accept_direct,,,,,Peripheral Temperature is a specific type of Optional Monitoring Parameter.,0.9,,,
325,hierarchy,Sodium,subClassOf,Biochemistry,the physiological vital functions are extensively monitored.,accept_direct,,,,,"Sodium is a specific type of biochemistry value, making the subclass relationship valid.",0.9,,,
326,hierarchy,Fluids,subClassOf,Baseline Therapy,the physiological vital functions are extensively monitored.,reject,,,,,The relationship between Fluids and Baseline Therapy is clinically implausible as they are not directly related concepts.,0.9,,,
327,hierarchy,Extra Ventricular Drain Placement,subClassOf,Surgical Procedure,the physiological vital functions are extensively monitored.,reject,,,,,"Extra Ventricular Drain Placement is a specific procedure, not a general subclass of Surgical Procedure.",0.9,,,
328,hierarchy,EtCO2,subClassOf,Optional Monitoring Parameter,the physiological vital functions are extensively monitored.,accept_direct,,,,,EtCO2 is a specific monitoring parameter that fits directly under the broader category of Optional Monitoring Parameter.,0.9,,,
329,hierarchy,Sjo2,subClassOf,Optional Monitoring Parameter,the physiological vital functions are extensively monitored.,reject,,,,,The relationship between Sjo2 and Optional Monitoring Parameter is not clinically plausible as stated.,0.9,,,
330,hierarchy,Blood Gases,subClassOf,Laboratory Values,the physiological vital functions are extensively monitored.,reject,,,,,Blood gases are not a subclass of routine laboratory tests; they are a specific type of laboratory value.,0.9,,,
331,hierarchy,Haemoglobin,subClassOf,Haematology,the physiological vital functions are extensively monitored.,reject,,,,,The relationship between Haemoglobin and Haematology is not accurately represented as a subclass relation.,0.9,,,
332,hierarchy,Glucose,subClassOf,Biochemistry,the physiological vital functions are extensively monitored.,reject,,,,,Glucose is not a subclass of Biochemistry; it is a component studied within the field.,0.9,,,
333,hierarchy,Anterior Fossa Repair,subClassOf,Surgical Procedure,the physiological vital functions are extensively monitored.,accept_direct,,,,,The triple correctly identifies a subclass relationship between anterior fossa repair and surgical procedures in the neuro-ICU context.,0.9,,,
334,hierarchy,Secondary Insult Treatment,subClassOf,Secondary Insult Therapy,the physiological vital functions are extensively monitored.,reject,,,,,The triple is semantically wrong as the definitions of the classes do not align properly.,0.9,,,
335,hierarchy,NIBP,subClassOf,Optional Monitoring Parameter,the physiological vital functions are extensively monitored.,accept_direct,,,,,NIBP is correctly classified as a subclass of Optional Monitoring Parameter in the context of BrainIT.,0.9,,,
336,hierarchy,Hypotension,subClassOf,Condition,the physiological vital functions are extensively monitored.,reject,,,,,Hypotension is not a type of stroke and does not fit under the class 'Condition' as described.,0.9,,,
337,hierarchy,Haematology,subClassOf,Laboratory Values,the physiological vital functions are extensively monitored.,reject,,,,,"Haematology is not a subclass of Laboratory Values, as they represent different domains of knowledge.",0.9,,,
338,hierarchy,Sedation,subClassOf,Baseline Therapy,the physiological vital functions are extensively monitored.,reject,,,,,"Sedation level management is not a subclass of Baseline Therapy, as they represent different concepts in clinical practice.",0.9,,,
339,hierarchy,CT Scan Assessment,subClassOf,Clinical Assessment,the physiological vital functions are extensively monitored.,reject,,,,,The relationship between CT Scan Assessment and Clinical Assessment is not a subclass relationship; they are distinct assessments.,0.9,,,
340,hierarchy,Hypotension,subClassOf,Septic Shock,Duration of hypotension before initiation of effective antimicrobial therapy is the critical determinant of survival in human septic shock.,reject,,,,,Hypotension is not a subclass of Septic Shock; they are distinct conditions.,0.9,,,
341,hierarchy,Hypoperfusion,subClassOf,Cerebrovascular Autoregulation,secondary ischemic damage from associated hypoperfusion.,reject,,,,,Hypoperfusion is not a subclass of Cerebrovascular Autoregulation; they represent different concepts within cerebrovascular dynamics.,0.9,,,
342,hierarchy,Cardiac Output,subClassOf,Optional Monitoring Parameter,Domain-scope scaffolding: Cardiac Output is a known subclass of Optional Monitoring Parameter in the BrainIT domain.,accept_direct,,,,,The triple correctly identifies Cardiac Output as a subclass of Optional Monitoring Parameter based on the provided evidence.,0.9,,,
343,hierarchy,Nutrition,subClassOf,Baseline Therapy,Domain-scope scaffolding: Nutrition is a known subclass of Baseline Therapy in the BrainIT domain.,reject,,,,,Nutrition is not a subclass of Baseline Therapy as defined; the relationship is clinically implausible.,0.9,,,
344,hierarchy,Pupil Assessment,subClassOf,Clinical Assessment,Domain-scope scaffolding: Pupil Assessment is a known subclass of Clinical Assessment in the BrainIT domain.,accept_direct,,,,,The triple correctly identifies Pupil Assessment as a subclass of Clinical Assessment based on the provided evidence.,0.9,,,
345,hierarchy,Potassium,subClassOf,Biochemistry,Domain-scope scaffolding: Potassium is a known subclass of Biochemistry in the BrainIT domain.,accept_direct,,,,,The triple correctly identifies Potassium as a subclass of Biochemistry based on the provided evidence.,0.9,,,
346,hierarchy,Possible Error,subClassOf,Data Quality Assessment,Domain-scope scaffolding: Possible Error is a known subclass of Data Quality Assessment in the BrainIT domain.,accept_direct,,,,,The triple correctly represents a subclass relationship within the specified domain.,0.9,,,
347,hierarchy,Hypertension,subClassOf,Condition,Schema-inferred: Hypertension is a subclass of Condition.,reject,,,,,Hypertension is not a subclass of Condition as defined; it is a distinct medical condition unrelated to strokes.,0.9,,,
348,hierarchy,Biochemistry,subClassOf,Laboratory Values,Schema-inferred: Biochemistry is a subclass of Laboratory Values.,reject,,,,,Biochemistry is not a subclass of Laboratory Values; they represent different concepts in the clinical context.,0.9,,,
349,hierarchy,Arterial Pressors,subClassOf,Secondary Insult Therapy,Schema-inferred: Arterial Pressors is a subclass of Secondary Insult Therapy.,accept_direct,,,,,The triple correctly identifies Arterial Pressors as a subclass of Secondary Insult Therapy based on the provided definition.,0.9,,,
350,hierarchy,Secondary Insult Therapy,subClassOf,Therapy,Schema-inferred: Secondary Insult Therapy is a subclass of Therapy.,accept_direct,,,,,The triple correctly identifies Secondary Insult Therapy as a subclass of Therapy based on the provided evidence.,0.9,,,
351,hierarchy,Intracranial Hypertension,subClassOf,Secondary Insult,Schema-inferred: Intracranial Hypertension is a subclass of Secondary Insult.,reject,,,,,Intracranial Hypertension is not a subclass of Secondary Insult; it is a condition that can result from secondary insults.,0.9,,,
352,hierarchy,Jugular Venous Desaturation,subClassOf,Secondary Insult,Schema-inferred: Jugular Venous Desaturation is a subclass of Secondary Insult.,reject,,,,,Jugular Venous Desaturation is not a subclass of Secondary Insult as it does not fit the definition of an additional injury or complication.,0.9,,,
353,hierarchy,GOSe Outcome,subClassOf,Outcome,Schema-inferred: GOSe Outcome is a subclass of Outcome.,accept_direct,,,,,The triple correctly identifies GOSe Outcome as a subclass of Outcome based on the provided evidence.,0.9,,,
354,hierarchy,CVP,subClassOf,Optional Monitoring Parameter,Schema-inferred: Central Venous Pressure is a subclass of Optional Monitoring Parameter.,accept_direct,,,,,Central Venous Pressure is correctly classified as a subclass of Optional Monitoring Parameter.,0.9,,,
355,hierarchy,Acute Respiratory Distress Syndrome,subClassOf,Secondary Insult,Schema-inferred: Acute Respiratory Distress Syndrome is a subclass of Secondary Insult.,reject,,,,,Acute Respiratory Distress Syndrome is not a subclass of Secondary Insult; they represent different concepts.,0.9,,,
356,hierarchy,Traumatic Brain Injury,subClassOf,Brain Injury,Traumatic brain injury (TBI) is a leading cause of death and long-term disability worldwide.,accept_direct,,,,,Traumatic Brain Injury is correctly classified as a subclass of Brain Injury based on the definitions provided.,0.9,,,
357,hierarchy,Condition,subClassOf,Mortality,"Clinical management of this population is focused on minimising tivity, disease severity and mortality is related to the partial pressure of any secondary injury, such as ischemia or raised intracranial pressure brain tissue oxygen (PbtO2) .",reject,,,,,The relationship between Condition and Mortality is incorrect as they are not in a direct subclass relationship.,0.9,,,
358,hierarchy,Arterial Hypotension,subClassOf,Secondary Insult,[inferred] Arterial Hypotension is a subclass of Secondary Insult (deterministic hierarchy checklist).,reject,,,,,Arterial Hypotension is not a subclass of Secondary Insult; it is a condition that can lead to secondary insults.,0.9,,,
359,hierarchy,Brain Injury,subClassOf,Condition,[inferred] Chain-of-Layer: Brain Injury is organized under Condition,reject,,,,,Brain Injury is not a subclass of Condition as defined; they represent different categories of medical issues.,0.9,,,
360,hierarchy,Secondary Brain Injury,subClassOf,Brain Injury,[inferred] Chain-of-Layer: Secondary Brain Injury is organized under Brain Injury,accept_direct,,,,,The triple correctly identifies Secondary Brain Injury as a subclass of Brain Injury.,0.9,,,
361,hierarchy,Cerebrovascular Autoregulation,subClassOf,Secondary Insult,[inferred] Chain-of-Layer: Cerebrovascular Autoregulation is organized under Secondary Insult,reject,,,,,Cerebrovascular Autoregulation is not a subclass of Secondary Insult; they represent different concepts.,0.9,,,
362,hierarchy,Adverse Event,subClassOf,Condition,[inferred] Chain-of-Layer: Adverse Event is organized under Condition,reject,,,,,Adverse Event is not a subclass of Condition; they represent different concepts.,0.9,,,
363,hierarchy,Heart Rate,subClassOf,Physiological Data,[inferred] Chain-of-Layer: Heart Rate is organized under Physiological Data,accept_direct,,,,,"Heart Rate is a specific type of Physiological Data, making the subclass relationship valid.",0.9,,,
364,hierarchy,Mean Arterial Pressure (MAP),subClassOf,Physiological Data,[inferred] Chain-of-Layer: Mean Arterial Pressure (MAP) is organized under Physiological Data,accept_direct,,,,,Mean Arterial Pressure (MAP) is correctly classified as a type of Physiological Data.,0.9,,,
365,hierarchy,ICP,subClassOf,Physiological Data,[inferred] Chain-of-Layer: ICP is organized under Physiological Data,accept_direct,,,,,"ICP is a specific type of physiological data, making the subclass relationship valid.",0.9,,,
366,hierarchy,CPP,subClassOf,Physiological Data,[inferred] Chain-of-Layer: CPP is organized under Physiological Data,accept_direct,,,,,CPP is a specific type of physiological data relevant to brain blood flow assessment.,0.9,,,
367,hierarchy,Carbon Dioxide,subClassOf,Physiological Data,[inferred] Chain-of-Layer: Carbon Dioxide is organized under Physiological Data,accept_direct,,,,,Carbon Dioxide is a specific type of Physiological Data related to respiratory function.,0.9,,,
368,hierarchy,Pbro2,subClassOf,Physiological Data,[inferred] Chain-of-Layer: Pbro2 is organized under Physiological Data,accept_direct,,,,,Pbro2 is correctly classified as a subclass of Physiological Data based on the provided evidence.,0.9,,,
369,hierarchy,Partial Pressure of Brain Tissue Oxygen,subClassOf,Physiological Data,[inferred] Chain-of-Layer: Partial Pressure of Brain Tissue Oxygen is organized under Physiological Data,accept_direct,,,,,The triple correctly represents a direct subclass relationship between the two classes.,0.9,,,
370,hierarchy,Partial Pressure of Carbon Dioxide,subClassOf,Physiological Data,[inferred] Chain-of-Layer: Partial Pressure of Carbon Dioxide is organized under Physiological Data,accept_direct,,,,,The triple correctly represents Partial Pressure of Carbon Dioxide as a subclass of Physiological Data.,0.9,,,
371,hierarchy,Hypothermia Therapy,subClassOf,Baseline Therapy,[inferred] Chain-of-Layer: Hypothermia Therapy is organized under Therapy,reject,,,,,Hypothermia Therapy is not a subclass of Baseline Therapy as they represent different concepts in treatment.,0.9,,,
372,hierarchy,Patient Interventions,subClassOf,Therapy,[inferred] Chain-of-Layer: Patient Interventions is organized under Therapy,accept_direct,,,,,The triple correctly identifies Patient Interventions as a subclass of Therapy based on the provided evidence.,0.9,,,
373,hierarchy,Guideline Adherence,subClassOf,Clinical Practice,[inferred] Chain-of-Layer: Guideline Adherence is organized under Clinical Practice,accept_direct,,,,,"Guideline Adherence is a specific aspect of Clinical Practice, making the subclass relationship valid.",0.9,,,
374,hierarchy,Clinical Reminders,subClassOf,Clinical Practice,[inferred] Chain-of-Layer: Clinical Reminders is organized under Clinical Practice,accept_direct,,,,,Clinical Reminders are a specific application within the broader category of Clinical Practice.,0.9,,,
375,hierarchy,Outcome Score,subClassOf,Outcome,[inferred] Chain-of-Layer: Outcome Score is organized under Outcome,accept_direct,,,,,The triple correctly identifies Outcome Score as a subclass of Outcome based on the provided evidence.,0.9,,,
376,hierarchy,Mortality,subClassOf,Outcome,[inferred] Mortality is a subclass of Outcome (deterministic hierarchy checklist).,accept_direct,,,,,Mortality is correctly identified as a subclass of Outcome in the context of clinical studies.,0.9,,,
377,hierarchy,Pressure Reactivity Index (PRx),subClassOf,Derived Parameter,derived index reflecting cerebrovascular pressure reactivity,accept_direct,,,,,"PRx is a derived parameter that assesses cerebrovascular pressure reactivity, fitting the subclass relationship.",0.9,,,
378,hierarchy,Physiotherapy,subClassOf,Nursing Intervention,[inferred] Physiotherapy is a subclass of Nursing Intervention.,accept_direct,,,,,The triple correctly identifies Physiotherapy as a subclass of Nursing Intervention in the context of ICU management.,0.9,,,
379,hierarchy,ICP Sensor Placement,subClassOf,Surgical Procedure,placement of ICP monitoring sensor,accept_direct,,,,,The triple correctly identifies ICP Sensor Placement as a subclass of Surgical Procedure based on the provided evidence.,0.9,,,
380,hierarchy,White Blood Cell Count,subClassOf,Haematology,[inferred] White Blood Cell Count is a subclass of Haematology.,accept_direct,,,,,White Blood Cell Count is correctly classified under Haematology as a direct subclass.,0.9,,,
381,hierarchy,Analgesia,subClassOf,Baseline Therapy,[inferred] Analgesia is a subclass of Baseline Therapy.,reject,,,,,Analgesia is not a subclass of Baseline Therapy as defined; the relationship is clinically implausible.,0.9,,,
382,hierarchy,Noradrenaline,subClassOf,Vasopressors,[inferred] Noradrenaline is a subclass of Vasopressors.,accept_direct,,,,,Noradrenaline is correctly classified as a subclass of Vasopressors based on its function in medical treatments.,0.9,,,
383,hierarchy,Anti-pyretics,subClassOf,Baseline Therapy,[inferred] Anti-pyretics is a subclass of Baseline Therapy.,reject,,,,,"Anti-pyretics are not a subclass of Baseline Therapy, as they serve a different clinical purpose.",0.9,,,
384,hierarchy,Paralysis,subClassOf,Baseline Therapy,[inferred] Paralysis is a subclass of Baseline Therapy.,reject,,,,,Paralysis is not a subclass of Baseline Therapy; the relationship is clinically implausible.,1.0,,,
385,hierarchy,Anti-hypertensives,subClassOf,Baseline Therapy,[inferred] Anti-hypertensives is a subclass of Baseline Therapy.,reject,,,,,"Anti-hypertensives are not a subclass of Baseline Therapy, as they do not represent a state of normal carbon dioxide levels.",0.9,,,
386,hierarchy,Osmotics,subClassOf,Secondary Insult Therapy,[inferred] Osmotics is a subclass of Secondary Insult Therapy.,accept_direct,,,,,Osmotics is correctly classified as a subclass of Secondary Insult Therapy based on the provided definition.,0.9,,,
387,hierarchy,Skull Fracture Elevation,subClassOf,Surgical Procedure,[inferred] Skull Fracture Elevation is a subclass of Surgical Procedure.,accept_direct,,,,,The triple correctly identifies Skull Fracture Elevation as a subclass of Surgical Procedure based on the provided evidence.,0.9,,,
388,hierarchy,CPP,subClassOf,Derived Parameter,Cerebral Perfusion Pressure (CPP) management,accept_direct,,,,,Cerebral Perfusion Pressure (CPP) is correctly classified as a subclass of Derived Parameter based on its definition.,0.9,,,
389,hierarchy,Patient Transport,subClassOf,Nursing Intervention,[inferred] Patient Transport is a subclass of Nursing Intervention.,accept_direct,,,,,The triple correctly identifies Patient Transport as a subclass of Nursing Intervention based on the provided evidence.,0.9,,,
390,hierarchy,Systemic Hypotension,subClassOf,Secondary Insult,[inferred] Systemic Hypotension is a subclass of Secondary Insult.,reject,,,,,Systemic Hypotension is not a subclass of Secondary Insult; they represent different clinical concepts.,0.9,,,
391,hierarchy,Ventilation,subClassOf,Baseline Therapy,[inferred] Ventilation is a subclass of Baseline Therapy.,reject,,,,,"Mechanical ventilation is not a subclass of Baseline Therapy, as they represent different concepts in clinical practice.",0.9,,,
392,hierarchy,Routine Nursing Care,subClassOf,Nursing Intervention,routine nursing care,accept_direct,,,,,The triple correctly represents a direct subclass relationship between routine nursing care and nursing intervention.,0.9,,,
393,hierarchy,Antibiotics,subClassOf,Baseline Therapy,[inferred] Antibiotics is a subclass of Baseline Therapy.,reject,,,,,"Antibiotics cannot be classified as a subclass of Baseline Therapy, as they serve different clinical purposes.",0.9,,,
394,hierarchy,Hypotension,subClassOf,Secondary Insult,Hypotension is a recognized secondary insult after traumatic brain injury (TBI).,accept_indirect,,,,,"Hypotension is a recognized secondary insult, making the subclass relationship valid through indirect hierarchy.",0.9,,,
395,hierarchy,Steroids,subClassOf,Secondary Insult Therapy,Domain-scope scaffolding: Steroids is a known subclass of Secondary Insult Therapy in the BrainIT domain.,reject,,,,,"Steroids are not a subclass of Secondary Insult Therapy, making the relationship semantically incorrect.",0.9,,,
396,hierarchy,Arterial Hypotension,subClassOf,Systemic Hypotension,Schema-inferred: Arterial Hypotension is a subclass of Systemic Hypotension.,reject,,,,,Arterial Hypotension is not a subclass of Systemic Hypotension; they are distinct conditions.,1.0,,,
397,hierarchy,Pbro2,subClassOf,Optional Monitoring Parameter,Schema-inferred: Brain Tissue Oxygen is a subclass of Optional Monitoring Parameter.,accept_direct,,,,,The triple correctly identifies Pbro2 as a subclass of Optional Monitoring Parameter based on the provided evidence.,0.9,,,
398,hierarchy,Electrocardiogram (ECG),subClassOf,Monitoring Data,"Minute by minute monitoring data This is the minimum minute by minute monitoring data required for inclusion in the Brain Monitoring with Information Technology (BrainIT) Database and include: Heart Rate (specifying source: Electrocardiogram (ECG) or Pulse Oximetry), Respiration Rate (sources: impedance plethmography or ventilator), Mean Arterial Pressure, mean Intracranial Pressure (ICP), Pulse Oximetry (SaO2) and Temperature (sources: rectal=oesophageal= bladder=skin.) I.",accept_direct,,,,,The triple accurately represents the subclass relationship between Electrocardiogram (ECG) and Monitoring Data.,0.9,,,
399,hierarchy,Respiration Rate,subClassOf,Core Monitoring Parameter,"Minute by minute monitoring data This is the minimum minute by minute monitoring data required for inclusion in the Brain Monitoring with Information Technology (BrainIT) Database and include: Heart Rate (specifying source: Electrocardiogram (ECG) or Pulse Oximetry), Respiration Rate (sources: impedance plethmography or ventilator), Mean Arterial Pressure, mean Intracranial Pressure (ICP), Pulse Oximetry (SaO2) and Temperature (sources: rectal=oesophageal= bladder=skin.) I.",accept_direct,,,,,Respiration Rate is correctly classified as a subClassOf Core Monitoring Parameter based on its definition and usage in monitoring.,0.9,,,
400,hierarchy,Mean Arterial Pressure (MAP),subClassOf,Monitoring Data,"Minute by minute monitoring data This is the minimum minute by minute monitoring data required for inclusion in the Brain Monitoring with Information Technology (BrainIT) Database and include: Heart Rate (specifying source: Electrocardiogram (ECG) or Pulse Oximetry), Respiration Rate (sources: impedance plethmography or ventilator), Mean Arterial Pressure, mean Intracranial Pressure (ICP), Pulse Oximetry (SaO2) and Temperature (sources: rectal=oesophageal= bladder=skin.) I.",accept_direct,,,,,Mean Arterial Pressure is a specific type of Monitoring Data in the context of neurointensive care.,0.9,,,
401,hierarchy,Sao2,subClassOf,Monitoring Data,"Minute by minute monitoring data This is the minimum minute by minute monitoring data required for inclusion in the Brain Monitoring with Information Technology (BrainIT) Database and include: Heart Rate (specifying source: Electrocardiogram (ECG) or Pulse Oximetry), Respiration Rate (sources: impedance plethmography or ventilator), Mean Arterial Pressure, mean Intracranial Pressure (ICP), Pulse Oximetry (SaO2) and Temperature (sources: rectal=oesophageal= bladder=skin.) I.",accept_direct,,,,,SaO2 is a specific type of monitoring data related to oxygen saturation measurement.,0.9,,,
402,hierarchy,Temperature,subClassOf,Core Monitoring Parameter,"Minute by minute monitoring data This is the minimum minute by minute monitoring data required for inclusion in the Brain Monitoring with Information Technology (BrainIT) Database and include: Heart Rate (specifying source: Electrocardiogram (ECG) or Pulse Oximetry), Respiration Rate (sources: impedance plethmography or ventilator), Mean Arterial Pressure, mean Intracranial Pressure (ICP), Pulse Oximetry (SaO2) and Temperature (sources: rectal=oesophageal= bladder=skin.) I.",accept_direct,,,,,Temperature is a specific physiological parameter that directly falls under Core Monitoring Parameter.,0.9,,,
403,hierarchy,Reading,subClassOf,Observation,define pd:Reading as a subclass of ssn:ObservationValue,accept_direct,,,,,The triple correctly identifies Reading as a subclass of Observation based on the provided evidence.,0.9,,,
404,hierarchy,Parameter,subClassOf,Observation,pd:Parameter (representing things that were recorded) as a subclass of ssn:Property,accept_direct,,,,,The triple correctly identifies Parameter as a subclass of Observation based on the provided definition.,0.9,,,
405,hierarchy,Machine,subClassOf,Sensor,defined mms:Machine as a subclass of ssn:Platform,reject,,,,,The classification of Machine as a subclass of Sensor is semantically incorrect based on the provided evidence.,0.9,,,
406,hierarchy,Sao2,subClassOf,Core Monitoring Parameter,[inferred] Chain-of-Layer: Sao2 is organized under Core Monitoring Parameter,accept_direct,,,,,Sao2 is correctly classified as a subclass of Core Monitoring Parameter based on the provided evidence.,0.9,,,
407,hierarchy,CPP,subClassOf,Core Monitoring Parameter,[inferred] Chain-of-Layer: Cerebral Perfusion Pressure (CPP) is organized under Core Monitoring Parameter,accept_direct,,,,,Cerebral Perfusion Pressure (CPP) is accurately classified as a Core Monitoring Parameter.,0.9,,,
408,hierarchy,CVP,subClassOf,Core Monitoring Parameter,[inferred] Chain-of-Layer: CVP is organized under Core Monitoring Parameter,accept_direct,,,,,CVP is correctly classified as a Core Monitoring Parameter.,0.9,,,
409,hierarchy,Head Injury,subClassOf,Brain Injury,[inferred] Chain-of-Layer: Head Injury is organized under Brain Injury,reject,,,,,Head Injury is not a subclass of Brain Injury; it is a specific type of brain injury but not a direct subclass.,0.9,,,
410,hierarchy,Neurological Injury,subClassOf,Brain Injury,[inferred] Chain-of-Layer: Neurological Injury is organized under Brain Injury,reject,,,,,Neurological Injury is not a subclass of Brain Injury as they represent different categories of injuries.,0.9,,,
411,hierarchy,Coma,subClassOf,Brain Injury,[inferred] Chain-of-Layer: Coma is organized under Brain Injury,reject,,,,,"Coma is not a subclass of Brain Injury; it is a condition that can result from various causes, including but not limited to brain injury.",0.9,,,
412,hierarchy,Hypertension,subClassOf,Secondary Insult,[inferred] Chain-of-Layer: Hypertension is organized under Secondary Insult,reject,,,,,Hypertension is not a subclass of Secondary Insult; they are distinct concepts.,0.9,,,
413,hierarchy,Respiratory Distress Syndrome,subClassOf,Secondary Insult,[inferred] Chain-of-Layer: Respiratory Distress Syndrome is organized under Secondary Insult,reject,,,,,Respiratory Distress Syndrome is not a subclass of Secondary Insult; they are distinct clinical entities.,0.9,,,
414,hierarchy,Sepsis,subClassOf,Secondary Insult,[inferred] Chain-of-Layer: Sepsis is organized under Secondary Insult,reject,,,,,Sepsis is not a subclass of Secondary Insult; they represent different concepts in clinical terminology.,0.9,,,
415,hierarchy,Adrenaline,subClassOf,Therapy,[inferred] Chain-of-Layer: Adrenaline is organized under Therapy,reject,,,,,Adrenaline is not a subclass of Therapy; it is a treatment rather than a type of therapy.,0.9,,,
416,hierarchy,Noradrenaline,subClassOf,Therapy,[inferred] Chain-of-Layer: Noradrenaline is organized under Therapy,reject,,,,,Noradrenaline is not a subclass of Therapy; it is a substance used in therapies.,0.9,,,
417,hierarchy,Derived Parameter,subClassOf,Monitoring Data,[inferred] Derived Parameter is a subclass of Monitoring Data.,accept_direct,,,,,The triple correctly identifies Derived Parameter as a subclass of Monitoring Data based on the provided evidence.,0.9,,,
418,hierarchy,Probable Error,subClassOf,Data Quality Assessment,a reading outside its acceptable range with no contextual clinical explanation,reject,,,,,The relationship between 'Probable Error' and 'Data Quality Assessment' is not clinically plausible as they belong to different contexts.,0.9,,,
419,hierarchy,Bedside Intervention,subClassOf,Nursing Intervention,"Line insertion/renewal, transducer calibration, x-ray",reject,,,,,"The classes are not semantically aligned as bedside interventions are a subset of nursing interventions, not the other way around.",0.9,,,
420,hierarchy,CPP,subClassOf,Parameter,Cerebral perfusion pressure (CPP 1/4 Blood Pressure (BP)-ICP) monitoring is a good example.,accept_direct,,,,,CPP is a specific type of parameter related to brain blood flow measurement.,0.9,,,
421,hierarchy,Brain Temperature,subClassOf,Optional Monitoring Parameter,Domain-scope scaffolding: Brain Temperature is a known subclass of Optional Monitoring Parameter in the BrainIT domain.,accept_direct,,,,,The triple correctly identifies Brain Temperature as a subclass of Optional Monitoring Parameter based on the provided evidence.,1.0,,,
422,hierarchy,Microdialysis,subClassOf,Optional Monitoring Parameter,Domain-scope scaffolding: Microdialysis is a known subclass of Optional Monitoring Parameter in the BrainIT domain.,accept_direct,,,,,The triple correctly identifies Microdialysis as a subclass of Optional Monitoring Parameter based on the provided evidence.,1.0,,,
423,hierarchy,Evacuation of Mass Lesion,subClassOf,Surgical Procedure,Domain-scope scaffolding: Evacuation of Mass Lesion is a known subclass of Surgical Procedure in the BrainIT domain.,accept_direct,,,,,The triple correctly identifies Evacuation of Mass Lesion as a subclass of Surgical Procedure based on the provided evidence.,0.9,,,
424,hierarchy,Adrenaline,subClassOf,Vasopressors,Schema-inferred: Adrenaline is a subclass of Vasopressors.,accept_direct,,,,,"Adrenaline is a subclass of Vasopressors, as it constricts blood vessels and raises blood pressure in critical care.",0.9,,,
