triple_index,kind,subject,relation,object,evidence,verdict,revise_subtype,suggested_subject,suggested_relation,suggested_object,justification,confidence,stage_b_justification,stage_b_confidence,flags
0,relation,Decompressive Craniectomy,has outcome,Outcome,The outcome was captured at six months using the extended Glasgow Outcome Scale (GOSE).,accept_direct,,,,,The relationship 'Decompressive Craniectomy has outcome Outcome' is semantically correct as surgical procedures directly influence patient outcomes.,0.85,,,
1,relation,Traumatic Brain Injury,targets condition,ICP,one of the cornerstones of brain-protective strategies is to reduce and control intracranial pressure (ICP),accept_indirect,,,,,ICP is a core monitoring parameter relevant to the condition of Traumatic Brain Injury through the relationship of monitoring and assessment.,0.8,,,
2,relation,Intracranial Hypertension,is associated with,Mortality,Uncontrollable intracranial hypertension is a major cause of death in patients with severe traumatic brain injury.,accept_direct,,,,,Intracranial Hypertension is directly associated with Mortality in TBI patients.,0.85,,,
3,relation,Intracranial Hypertension,targets condition,Decompressive Craniectomy,patients with intracranial hypertension treated conservatively were excluded.,reject,,,,,The relationship 'targets condition' does not hold between a surgical procedure and a condition.,0.9,,,
4,relation,GCS Assessment,assesses,Motor Impairment,The Glasgow Motors Score was used for assessing motor impairment.,accept_indirect,,,,,"GCS Assessment assesses neurological status, which indirectly relates to Motor Impairment through the concept of assessing patient conditions.",0.7,,,low_evidence
5,relation,Pupil Assessment,monitoring indicates condition,Motor Impairment,Pupil abnormalities were seen in 34.4% of our patients.,reject,,,,,The relationship 'monitoring indicates condition' does not hold between 'Pupil Assessment' and 'Motor Impairment'.,0.9,,,
6,relation,Secondary Insult,is associated with,Hypotension,"Hypoxia and arterial hypotension were found in 10.0% and 6.1%, respectively.",accept_direct,,,,,Secondary Insult is directly associated with Hypotension as a valid subclass relationship.,0.9,,,
7,relation,Traumatic Brain Injury,has outcome,Outcome,A more extensive description is provided in the Supplementary Appendix.,accept_direct,,,,,The relationship 'has outcome' directly connects Traumatic Brain Injury to Outcome as a measure of patient outcome.,0.9,,,
8,relation,Traumatic Brain Injury,is treated with,Decompressive Craniectomy,Decompressive craniectomy (DC) as a last-tier intervention,accept_direct,,,,,Decompressive Craniectomy is a valid surgical procedure for treating Traumatic Brain Injury.,0.95,,,
9,relation,Decompressive Craniectomy,is monitored by,ICP,Mean intracranial pressure (ICP) pre-Decompressive craniectomy (DC),accept_direct,,,,,The relationship 'is monitored by' directly holds between Decompressive Craniectomy and ICP as ICP is a core monitoring parameter post-surgery.,0.9,,,
10,relation,ICP,is influenced by,CPP,Mean intracranial pressure (ICP)/Cerebral Perfusion Pressure (CPP),accept_direct,,,,,ICP directly influences CPP as both are critical parameters in neurological assessments.,0.95,,,
11,relation,Decompressive Craniectomy,is administered during,Barbiturates,Decompressive craniectomy (DC) + thiopental can be referring to barbiturate administration,reject,,,,,Decompressive craniectomy is not directly related to barbiturate administration as they serve different purposes in TBI management.,0.85,,,
12,relation,Decompressive Craniectomy,targets condition,Traumatic Intracranial Hypertension,Decompressive craniectomy (DC) in a patient-tailored combination with other second and third-tier therapies should maintain its place in the management of severe traumatic intracranial hypertension.,accept_direct,,,,,Decompressive craniectomy directly targets traumatic intracranial hypertension as a surgical procedure for treatment.,0.9,,,
13,relation,Decompressive Craniectomy,has clinical assessment,GOSe Outcome,outcome was only evaluated in terms of robust extended Glasgow Outcome Scores,reject,,,,,The relationship 'has clinical assessment' is incorrect as clinical assessments do not belong to surgical procedures.,0.85,,,
14,relation,Decompressive Craniectomy,reduces,Mean Intracranial Pressure,it effectively reduces Mean intracranial pressure (ICP),accept_direct,,,,,Decompressive Craniectomy directly reduces Mean Intracranial Pressure as per clinical understanding.,0.95,,,
15,relation,ICP,has monitoring data,Traumatic Brain Injury,The BESTIntracranial pressure (ICP) monitoring is still considered to provide important information to detect and prevent secondary injury after severe Traumatic brain injury (TBI).,accept_direct,,,,,ICP is a core monitoring parameter relevant to Traumatic Brain Injury assessments.,0.9,,,
16,relation,Intracranial Hypertension,receives therapy,GOSe Outcome,"Intracranial pressures above 20 mmHg lasting longer than 37 min in adults, and longer than 8 min in children, are associated with worse outcomes.",reject,,,,,The relationship 'receives therapy' does not hold between a condition and an outcome.,0.9,,,
17,relation,CPP,has clinical assessment,Intracranial Hypertension,"When the cerebral perfusion pressure is below 50 mmHg, all intracranial pressure insults, regardless of duration, are associated with worse outcome.",reject,,,,,The relationship 'has clinical assessment' does not hold between CPP and Intracranial Hypertension.,0.85,,,
18,relation,ICP,has monitoring data,Monitoring Data,The BESTIntracranial pressure (ICP) and mean arterial blood pressure (MAP) monitoring data,accept_direct,,,,,ICP directly has monitoring data as it is a core monitoring parameter.,0.95,,,
19,relation,Monitoring Data,monitoring indicates condition,Condition,the percentage of monitoring time in the red zone during the first day only was a significant independent predictor of mortality,reject,,,,,The relationship 'monitoring indicates condition' is semantically incorrect as monitoring data does not directly indicate a condition.,0.9,,,
20,relation,ICP,associated with condition,Condition,"when Cerebral Perfusion Pressure (CPP) was below 50 mmHg, almost all The BESTIntracranial pressure (ICP) insults were associated with worse outcome",reject,,,,,"The relationship 'associated with condition' is incorrect as ICP is a parameter, not a condition itself.",0.9,,,
21,relation,Traumatic Brain Injury,has monitoring data,Monitoring Data,"The present study autoregulation is intact, the transition curve shifts to the right.",reject,,,,,The relationship 'has monitoring data' does not hold between Traumatic Brain Injury and Monitoring Data as defined.,0.85,,,
22,relation,Traumatic Brain Injury,is associated with,Secondary Brain Injury,"Cerebrovascular pressure autoregulation is often impaired in severe Traumatic brain injury (TBI), and such impairment is such as the relationship between physiological thresholds and outcome.",accept_direct,,,,,The relationship between Traumatic Brain Injury and Secondary Brain Injury is directly established in clinical literature.,0.85,,,
23,relation,CPP,receives therapy,Traumatic Brain Injury,"One would expect such change in recommendation to be followed, and hence to lead to alterations in Cerebral Perfusion Pressure (CPP) policy across centres.",reject,,,,,"The relationship 'receives therapy' does not hold between CPP and Traumatic Brain Injury as CPP is a parameter, not a therapy.",0.9,,,
24,relation,CPP,has monitoring data,Monitoring Data,Cerebral perfusion pressure (CPP 1/4 Blood Pressure (BP)-ICP) monitoring is a good example.,accept_direct,,,,,CPP directly relates to Monitoring Data as it is a core monitoring parameter.,0.9,,,
25,relation,Vasopressors,receives therapy,CPP,the non-beneficial effect of keeping Cerebral Perfusion Pressure (CPP) above 70 mmHg by administering high doses of vasopressors.,reject,,,,,The relationship 'receives therapy' does not hold between Vasopressors and CPP as they are not in a direct therapeutic relationship.,0.7,,,low_evidence
26,relation,CPP,correlates with,Mean Arterial Pressure (MAP),Cerebral Perfusion Pressure (CPP) strongly correlated with Mean Arterial Pressure (MAP).,accept_direct,,,,,CPP directly correlates with MAP as both are critical parameters in neurointensive care.,0.95,,,
27,relation,CPP,receives therapy,ICP,it is influenced by Intracranial Pressure (ICP) variability,reject,,,,,"The relationship 'receives therapy' does not hold between CPP and ICP as they are both parameters, not therapy entities.",0.9,,,
28,relation,CPP,receives therapy,Mean Arterial Pressure (MAP),Mean Arterial Pressure (MAP) variability including,reject,,,,,CPP does not receive therapy from MAP; they are both parameters but do not have a direct therapeutic relationship.,0.85,,,
29,relation,CPP,associates with,Acute Respiratory Distress Syndrome,acute respiratory distress syndrome (ARDS) reportedly associated with vasopressors,reject,,,,,CPP and Acute Respiratory Distress Syndrome are not directly associated in the context of neurointensive care.,0.85,,,
30,relation,CPP,follows,Guideline,the Brain Trauma Foundation (BTF) guidelines issued this year,reject,,,,,CPP does not follow guidelines; guidelines inform practice but do not directly relate to CPP.,0.7,,,low_evidence
31,relation,Guideline Adherence,receives therapy,Traumatic Brain Injury,Guideline adherence and outcomes in severe adult traumatic brain injury,reject,,,,,"Guideline adherence does not receive therapy; it is a measure of practice compliance, not a patient condition.",0.9,,,
32,relation,Traumatic Brain Injury,is a risk factor for,Secondary Insult,Traumatically brain injured (TBI) patients are at risk from secondary insults.,accept_direct,,,,,Traumatic Brain Injury is a recognized risk factor for Secondary Insult in neurointensive care.,0.9,,,
33,relation,Hypotension,is related to,Poor Outcome,"Arterial hypotension, critically low blood pressure, is one of the most dangerous secondary insults and is related to poor outcome in patients.",accept_direct,,,,,Hypotension is a condition that directly relates to poor outcomes in critically ill patients.,0.9,,,
34,relation,Hypotension,affects outcome,Traumatic Brain Injury,there is compelling evidence that even 'minute by minute' hypotension events cumulatively can influence patient outcome.,accept_direct,,,,,Hypotension directly affects the outcome of Traumatic Brain Injury patients.,0.85,,,
35,relation,Hypotension,prognostic factor for,Head Injury,the cumulative duration of arterial hypotensive events is a prognostic factor for their clinical outcome following a head injury.,accept_direct,,,,,Hypotension is a recognized prognostic factor for clinical outcomes following head injury.,0.85,,,
36,relation,Hypotension,associated with condition,Condition,"for with the medical management of sepsis, it has been shown that duration of hypotension before initiation",reject,,,,,"The relationship 'associated with condition' does not hold between Hypotension and Condition as defined; Hypotension is a subclass of Condition, not a separate association.",0.85,,,
37,relation,Traumatic Brain Injury,has monitoring data,Hypotension,both systolic and mean arterial pressure should be monitored and considered in the definition of hypotension,accept_indirect,,,,,"Monitoring data is relevant to hypotension as a condition, but the relationship requires an intermediate concept of monitoring parameters.",0.7,,,low_evidence
38,relation,Hypotension,is a condition of,Sepsis,"for with the medical management of sepsis, it has been shown that duration of hypotension before initiation",reject,,,,,Hypotension is not a condition of Sepsis; they are separate conditions.,0.9,,,
39,relation,Sepsis,receives therapy,Hypotension,it has been shown that with each hour delay in treatment of hypotension leads to an increase in in-hospital mortality.,reject,,,,,Sepsis does not receive therapy from Hypotension; the relationship is clinically implausible.,0.9,,,
40,relation,Monitoring Data,has monitoring data,Monitoring Data,sophisticated patient monitoring systems can capture large volumes of streaming physiological data which continuously report on a patient's status.,reject,,,,,The relationship 'has monitoring data' does not hold between the same class 'Monitoring Data'.,0.9,,,
41,relation,ICP,affects outcome,Hypotension,Impact of Intracranial Pressure (ICP) instability and hypotension on outcome in patients with severe head trauma.,accept_direct,,,,,ICP directly affects outcomes in patients with hypotension.,0.85,,,
42,relation,Secondary Insult,worsens,Head Trauma,Measuring the burden of secondary insults in head-injured patients during intensive care.,reject,,,,,The relationship 'worsens' does not accurately describe the connection between 'Secondary Insult' and 'Head Trauma'.,0.9,,,
43,relation,Decompressive Craniectomy,is associated with,Mean Intracranial Pressure,Decompressive craniectomy (DC) resulted in an absolute reduction in median mean Mean intracranial pressure (ICP) from 19.5 group to 13.9 mmHg.,accept_direct,,,,,The relationship between Decompressive Craniectomy and Mean Intracranial Pressure is directly supported by the evidence provided.,0.85,,,
44,relation,Decompressive Craniectomy,is associated with,Cerebrovascular Autoregulation,"A control varying effect on Cerebral Perfusion Pressure (CPP) was seen, as well as a trend of reduction in median Pressure Reactivity Index (PRx).",accept_indirect,,,,,Decompressive Craniectomy indirectly influences Cerebrovascular Autoregulation through its effects on cerebral pressure dynamics.,0.7,,,low_evidence
45,relation,Decompressive Craniectomy,has monitoring data,Monitoring Data,"patient, injury and management variables including physiological monitoring data and administration of thiopental were analysed",reject,,,,,The relationship 'has monitoring data' does not correctly represent the connection between a surgical procedure and monitoring data.,0.85,,,
46,relation,Decompressive Craniectomy,is associated with,ICP,uncontrollable intracranial hypertension is a major cause of death in patients with severe traumatic brain injury.,accept_direct,,,,,Decompressive Craniectomy directly influences ICP by relieving pressure on the brain.,0.85,,,
47,relation,Decompressive Craniectomy,is treated with,Barbiturates,"Decompressive craniectomy (DC) was chosen as a next step, with or without first having applied third-tier medical therapy with barbiturates.",accept_indirect,,,,,"Decompressive craniectomy may be associated with barbiturates as a secondary therapy, but the relationship is not direct.",0.7,,,low_evidence
48,relation,Decompressive Craniectomy,affects outcome,Mortality,the results of RESCUEicp showed that Decompressive craniectomy (DC) resulted in lower mortality rates.,accept_direct,,,,,Decompressive Craniectomy directly affects Mortality as evidenced by clinical studies.,0.85,,,
49,relation,Monitoring,has outcome,Outcome,the outcome was captured at six months using the extended Glasgow Outcome Scale (GOSE).,accept_indirect,,,,,Monitoring is related to patient outcomes through the assessment of physiological parameters.,0.7,,,low_evidence
50,relation,Patient,has demographic data,Demographic Data,the collection of demographic data from traumatic brain injury (TBI) patients.,revise,4.8,Patient,hasDemographicData,DemographicData,The relation should be 'Patient hasDemographicData DemographicData' instead of the current structure.,0.85,Swapping subject and object corrects the relationship structure.,0.95,
51,relation,Patient,has surgical procedure,Surgical Procedure,the physiological vital functions are extensively monitored.,accept_direct,,,,,The relationship 'Patient has surgical procedure Surgical Procedure' is semantically correct and directly holds between the two classes.,0.95,,,
52,relation,Patient,has monitoring data,Monitoring Data,"The Brain Monitoring with Information Technology (BrainIT) network provides a more standardised and higher resolution data collection mechanism for research groups, organisations and the device industry to conduct multi-centre trials of new health care technology in patients with traumatic brain injury.",accept_direct,,,,,The relationship 'Patient has monitoring data' is semantically correct and holds directly between the two classes.,0.9,,,
53,relation,Patient,receives therapy,Therapy,the physiological vital functions are extensively monitored.,accept_direct,,,,,The relationship 'Patient receives therapy' is semantically correct within the neurointensive care context.,0.9,,,
54,relation,Therapy,targets condition,Condition,Therapeutic hypothermia reduces intracranial pressure and partial brain oxygen tension in patients with severe traumatic brain injury.,reject,,,,,The relationship 'Therapy targets Condition' is incorrect as therapies do not target conditions directly.,0.85,,,
55,relation,Patient,has clinical assessment,Clinical Assessment,the physiological vital functions are extensively monitored.,accept_direct,,,,,The relationship 'Patient has clinical assessment' is semantically correct and holds directly between the two classes.,0.9,,,
56,relation,Patient,has outcome,Outcome,the physiological vital functions are extensively monitored.,accept_direct,,,,,The relationship 'Patient has outcome Outcome' is semantically correct as outcomes are directly associated with patients in neurointensive care.,0.9,,,
57,relation,Patient,has laboratory value,Laboratory Values,the physiological vital functions are extensively monitored.,accept_direct,,,,,The relationship 'Patient has laboratory value Laboratory Values' is semantically correct and direct.,0.95,,,
58,relation,Patient,has nursing intervention,Nursing Intervention,"Routine nursing care, physiotherapy, or bedside clinical activities",accept_direct,,,,,The relationship 'Patient has nursing intervention' is semantically correct as nursing interventions are provided to patients in neurointensive care.,0.95,,,
59,relation,Patient,has session,Session,a live clinical environment to test the data collection systems.,accept_direct,,,,,The relationship 'Patient has session Session' holds directly as a patient in neurointensive care has monitoring sessions.,0.95,,,
60,relation,Session,has timepoint,Timepoint,minute-by-minute physiological data from bedside monitors.,accept_direct,,,,,The relationship 'Session has timepoint' directly connects the two classes as defined.,0.95,,,
61,relation,Timepoint,has monitoring data,Observation,minute-by-minute physiological data from bedside monitors.,accept_direct,,,,,The relationship 'Timepoint has monitoring data Observation' is semantically correct as it directly connects the two classes.,0.85,,,
62,relation,Observation,measures parameter,Parameter,the physiological vital functions are extensively monitored.,accept_direct,,,,,The triple correctly states that an Observation measures a Parameter directly.,0.95,,,
63,relation,Observation,produced by sensor,Sensor,the physiological vital functions are extensively monitored.,accept_indirect,,,,,The relationship holds indirectly through the concept of Observation as it measures parameters produced by sensors.,0.7,,,low_evidence
64,relation,Observation,has quality assessment,Data Quality Assessment,the physiological vital functions are extensively monitored.,reject,,,,,The relationship 'has quality assessment' does not hold between Observation and Data Quality Assessment in the context provided.,0.85,,,
65,relation,Data Quality Assessment,associated with condition,Condition,the physiological vital functions are extensively monitored.,reject,,,,,The relationship 'associated with condition' does not hold as 'Data Quality Assessment' is not a condition.,0.9,,,
66,relation,Data Quality Assessment,receives therapy,Therapy,the physiological vital functions are extensively monitored.,reject,,,,,"Data Quality Assessment does not receive therapy, making the relationship semantically incorrect.",0.85,,,
67,relation,Arterial Hypotension,receives therapy,Barbiturates,administration of hyperosmolar molecules were used at the discretion of the managing teams.,reject,,,,,The relationship 'receives therapy' does not hold between 'Arterial Hypotension' and 'Barbiturates' as it is not a standard therapy for this condition.,0.85,,,
68,relation,Brain Injury,is associated with,Traumatic Brain Injury,Decompressive craniectomy as a second/third-tier intervention in traumatic brain injury,accept_direct,,,,,Brain Injury is a broader category that includes Traumatic Brain Injury as a specific type.,0.9,,,
69,relation,CVP,has monitoring data,Monitoring Data,physiological monitoring data,accept_direct,,,,,"CVP directly measures a physiological parameter, and monitoring data is collected to assess such parameters.",0.85,,,
70,relation,Clinical Outcome,has outcome,Outcome,demonstrated a decrease in mortality with similar rates of favorable outcome,accept_direct,,,,,The relationship 'Clinical Outcome has outcome Outcome' directly connects the two classes appropriately.,0.95,,,
71,relation,Cranial Injuries,is a type of,Injuries,the occurrence of arterial hypotension (systolic pressure less than 90 mmHg) and hypoxia (SaO2 below 90%) at baseline,reject,,,,,"Cranial Injuries are a specific type of Injury, but the relationship 'is a type of' is incorrectly applied here.",0.85,,,
72,relation,Disability,is a type of,Clinical Outcome,the outcome was unfavorable in 51.4% and favorable in 48.6%,reject,,,,,Disability is not a subclass or type of Clinical Outcome; it is a condition affecting outcomes.,0.85,,,
73,relation,Extracranial Injury,is a type of,Injuries,45.9% presented with an additional extracranial injury,reject,,,,,"Extracranial Injury is not a subclass of Injuries; it is a specific type of injury, not a general category.",0.85,,,
74,relation,Intensive Care Management,is a type of,Condition,"In many neurointensive care centers, Decompressive craniectomy (DC) is being used in combination with other second/third-tier therapies.",reject,,,,,"Intensive Care Management is not a subclass of Condition, as it does not represent a medical condition.",0.9,,,
75,relation,NIBP,is a type of,Monitoring Data,Mean arterial blood pressure (MAP) and Mean intracranial pressure (ICP),reject,,,,,NIBP is not a type of Monitoring Data; it is a specific parameter under Optional Monitoring Parameter.,0.9,,,
76,relation,Pressure Reactivity Index (PRx),is a type of,Core Monitoring Parameter,Pressure Reactivity Index (PRx) is the moving correlation between mean arterial blood pressure (MAP) and Mean intracranial pressure (ICP).,accept_direct,,,,,Pressure Reactivity Index (PRx) is a subclass of Core Monitoring Parameter.,0.95,,,
77,relation,Hypotension,is treated with,Noradrenaline,the time and dose of a bolus of Noradrenaline,accept_direct,,,,,"Hypotension is treated with Noradrenaline, which is a recognized treatment for low blood pressure.",0.95,,,
78,relation,CPP,targets condition,Respiratory Distress Syndrome,Cerebral Perfusion Pressure (CPP) value to target lies within the range of 50-70 mm Hg.,reject,,,,,CPP does not target Respiratory Distress Syndrome directly; the relationship is clinically implausible.,0.85,,,
79,relation,Traumatic Brain Injury,applies treatment,Osmotics,#2 - Hyperosmolar therapy,accept_direct,,,,,"Osmotics is a valid subclass of Secondary Insult Therapy, which applies to Traumatic Brain Injury treatment.",0.95,,,
80,relation,Cerebrovascular Autoregulation,receives therapy,CPP,the presence (or not) of cerebral autoregulation,reject,,,,,"Cerebrovascular Autoregulation does not receive therapy; it is a physiological mechanism, not a condition that can be treated.",0.9,,,
81,relation,ICP,receives therapy,Partial Pressure of Brain Tissue Oxygen,There is a statistically significant (p < 0.001) non-linear effect of Intracranial Pressure (ICP) on Regression model of partial pressure of brain tissue oxygen (PbtO2).,reject,,,,,"ICP does not receive therapy; it is a monitoring parameter, not a treatment target.",0.9,,,
82,relation,Traumatic Brain Injury,has clinical assessment,GOSe Outcome,Monitoring of Intracranial Pressure (ICP) has also been shown to have better functional outcomes.,reject,,,,,The relationship 'has clinical assessment' does not correctly represent the connection between Traumatic Brain Injury and GOSe Outcome.,0.9,,,
83,relation,Partial Pressure of Brain Tissue Oxygen,is measured at,Measurement Time,Partial pressure of brain tissue oxygen over intracranial pressure stratified by days in Intensive Care Unit (ICU),accept_indirect,,,,,The relationship holds via the chain: 'Partial Pressure of Brain Tissue Oxygen is measured at Measurement Time' indirectly through the concept of monitoring parameters.,0.7,,,low_evidence
84,relation,ICP,receives therapy,Pbro2,an overall increase in Regression model of partial pressure of brain tissue oxygen (PbtO2) of 5.2% for a 10 mmHg increase in Intracranial Pressure (ICP),reject,,,,,"The relationship 'ICP receives therapy PbtO2' is semantically incorrect as ICP is a parameter, not a recipient of therapy.",0.9,,,
85,relation,Partial Pressure of Carbon Dioxide,receives therapy,Pbro2,a decrease of 0.16% from a unit increase in Mean Arterial Pressure (MAP) and a Regression model of partial pressure of brain tissue oxygen (PbtO2) decrease of 0.16% from a unit increase in PaCO2,reject,,,,,"The relationship 'receives therapy' does not hold between Partial Pressure of Carbon Dioxide and PbtO2 as they are both measurements, not entities that receive therapy.",0.85,,,
86,relation,ICP,has outcome,Outcome,median extended Glasgow outcome scale of 7.00,reject,,,,,The relationship 'has outcome' does not hold between 'ICP' and 'Outcome' as defined.,0.85,,,
87,relation,Intracranial Hypertension,receives therapy,CPP,the impact of autoregulation on Regression model of partial pressure of brain tissue oxygen (PbtO2) cannot be directly assessed.,reject,,,,,The relationship 'receives therapy' does not hold between a condition and a parameter like CPP.,0.9,,,
88,relation,Hypotension,is associated with,Traumatic Brain Injury,guarding against hypotensive conditions in Traumatic Brain Injury (TBI) patients.,accept_indirect,,,,,"Hypotension is a condition that can lead to poor outcomes in TBI patients, establishing an indirect association.",0.7,,,low_evidence
89,relation,Intracranial Hypertension,receives therapy,Traumatic Brain Injury,episodes of increased intracranial pressure (ICP) and worse clinical outcomes,reject,,,,,The relationship 'receives therapy' does not hold between 'Intracranial Hypertension' and 'Traumatic Brain Injury' as stated.,0.85,,,
90,relation,CPP,assesses,Intracranial Hypertension,the ability to tolerate elevated intracranial pressures is reduced.,accept_direct,,,,,CPP directly assesses the risk of secondary injury related to Intracranial Hypertension.,0.85,,,
91,relation,CPP,is associated with,ICP,Role of Cerebral Perfusion Pressure (CPP),accept_direct,,,,,CPP is directly associated with ICP as both are critical parameters in neurological assessments.,0.95,,,
92,relation,ICP,associated with condition,Mortality,"when Cerebral Perfusion Pressure (CPP) was below 50 mmHg, almost all The BESTIntracranial pressure (ICP) insults were associated with worse outcome",accept_indirect,,,,,"ICP influences cerebral perfusion, which is linked to mortality outcomes, creating an indirect relationship.",0.7,,,low_evidence
93,relation,ICP,predicts outcome,Outcome Score,"Above 20 mmHg, the vast majority of insults are clearly deleterious with the exception of those lasting less than 37 min in adults.",accept_direct,,,,,ICP directly predicts Outcome Score as it influences neurological assessments.,0.85,,,
94,relation,Mean Arterial Pressure (MAP),triggers intervention,Hypotension,our analysis shows that most events are triggered by a drop in mean arterial pressure.,accept_indirect,,,,,"MAP influences hypotension, which can trigger interventions, but the relationship is indirect through the concept of vital signs.",0.7,,,low_evidence
95,relation,Brain Injury,has monitoring data,Arterial Hypotension,The brain monitoring with information technology (BrainIT) database contains 199 patients,reject,,,,,The relationship 'has monitoring data' does not hold between 'Brain Injury' and 'Arterial Hypotension'.,0.9,,,
96,relation,Hypotension,relates to clinical outcome,Brain Injury,arterial hypotension consistently relate to clinical outcome,accept_direct,,,,,Hypotension directly relates to clinical outcomes in the context of brain injury.,0.85,,,
97,relation,Dsg,has monitoring data,Hypotensive,to scan the BrainIT database for hypotensive events;,revise,4.4,Dsg,monitors,Hypotensive,The relation label 'has monitoring data' is not appropriate; it should be 'monitors' instead.,0.85,The relation label 'has monitoring data' should be changed to 'monitors'.,0.9,
98,relation,Secondary Insult Grades,defines,Hypotensive,the Edinburgh University Secondary Insult Grades (EUSIG) definition.,reject,,,,,The relationship 'defines' does not hold between 'Secondary Insult Grades' and 'Hypotensive' as they are not directly related concepts.,0.85,,,
99,relation,CPP,calculates,Mean Arterial Pressure (MAP),"which uses cerebral perfusion pressure (CPP), which of course uses Java-Based Software BPm in its calculation.",accept_indirect,,,,,"CPP is calculated using MAP, making the relationship valid through the intermediate concept of calculation.",0.7,,,low_evidence
100,relation,ICP,receives therapy,Outcome,Impact of Intracranial Pressure (ICP) instability and hypotension on outcome in patients with severe head trauma.,reject,,,,,The relationship 'receives therapy' does not hold between ICP and Outcome as defined in the ontology.,0.9,,,
101,relation,CPP,is measured by,Mean Arterial Pressure (MAP),its role in calculating Cerebral Perfusion Pressure (CPP),accept_direct,,,,,"CPP is directly calculated using MAP, establishing a clear relationship.",0.95,,,
102,relation,Treatment Data,informs,Clinical Practice,Accurate and comprehensive treatment data,reject,,,,,The relationship 'informs' does not hold between 'Treatment Data' and 'Clinical Practice' as defined in the ontology.,0.85,,,
103,relation,Clinical Reminders,enhances,Guideline Adherence,clinical reminders (automated interventions),reject,,,,,The relationship 'enhances' between Clinical Reminders and Guideline Adherence does not hold in the context of the defined classes.,0.85,,,
104,relation,Guideline Adherence,has outcome,Outcome,Several studies have been conducted that show dropping mortality rates and improved long-term outcomes since the adoption and spread of use of these guidelines.,accept_direct,,,,,Guideline Adherence directly influences patient outcomes in clinical practice.,0.85,,,
105,relation,Guideline Adherence,is measured by,Clinical Practice,"This work attempts to leverage those advantages by providing a 'near real-time' ability to monitor clinical guideline adherence, as well as providing measurable quantitative feedback.",reject,,,,,Guideline Adherence and Clinical Practice are not directly related as stated; adherence does not measure practice directly.,0.85,,,
106,relation,Heart Failure,is treated with,Guideline Adherence,"There are many reasons for non-adherence, but these can be broken down into two broad categories: being unwilling to adhere to a guideline and being unable to adhere.",reject,,,,,"Heart Failure is not a subclass of Condition in the neuro-ICU context, making the relationship semantically incorrect.",0.9,,,out_of_scope
107,relation,EUSIG Grade,is a type of,Secondary Insult Grades,the classification of pressure events using Edinburgh University Secondary Insult Grades (EUSIG) parameters has a well-established precedent,reject,,,,,EUSIG Grade is not a subclass of Secondary Insult Grades; they represent different classifications.,0.85,,,
108,relation,Heart Rate,has monitoring data,Monitoring Data,Heart Rate (specifying source: Electrocardiogram (ECG) or Pulse Oximetry),accept_direct,,,,,Heart Rate is a Core Monitoring Parameter that directly relates to Monitoring Data.,0.95,,,
109,relation,Respiration Rate,has monitoring data,Impedance Plethmography,Respiration Rate (sources: impedance plethmography or ventilator),reject,,,,,The relationship 'has monitoring data' does not correctly represent the connection between Respiration Rate and Impedance Plethmography.,0.85,,,
110,relation,Respiration Rate,has monitoring data,Ventilator,Respiration Rate (sources: impedance plethmography or ventilator),accept_indirect,,,,,Respiration Rate is monitored by Ventilator through the relationship of measuring respiratory function.,0.8,,,
111,relation,Mean Arterial Pressure (MAP),has monitoring data,Monitoring Data,Mean Arterial Pressure,accept_direct,,,,,Mean Arterial Pressure is a Core Monitoring Parameter that has associated Monitoring Data.,0.95,,,
112,relation,Sao2,has monitoring data,Monitoring Data,Pulse Oximetry (SaO2),accept_direct,,,,,SaO2 directly represents a monitoring parameter for physiological assessment.,0.9,,,
113,relation,Temperature,has monitoring data,Monitoring Data,Temperature (sources: rectal=oesophageal= bladder=skin),accept_indirect,,,,,Temperature has monitoring data through the relationship of monitoring parameters assessing physiological states.,0.85,,,
114,relation,EtCO2,has monitoring data,Monitoring Data,End-Tidal CO2 (EtCO2),reject,,,,,The relationship 'EtCO2 has monitoring data' is incorrect as monitoring data is not a class but a description of data types.,0.85,,,
115,relation,Jugular Venous Oxygen Saturation,has monitoring data,Monitoring Data,Jugular Venous Oxygen Saturation (SjO2),reject,,,,,The relationship 'has monitoring data' does not accurately reflect the connection between Jugular Venous Oxygen Saturation and Monitoring Data.,0.85,,,
116,relation,Transcranial Doppler,has monitoring data,Monitoring Data,Transcranial Doppler (TCD),revise,4.4,Transcranial Doppler,hasMonitoringParameter,Monitoring Data,The relation should be 'has monitoring parameter' instead of 'has monitoring data' for TCD and Monitoring Data.,0.85,The relation label should be changed to accurately reflect the monitoring aspect.,0.9,
117,relation,Pbro2,has monitoring data,Monitoring Data,Brain Tissue Oxygen (PbrO2),accept_indirect,,,,,"PbrO2 is a monitoring parameter that is assessed through monitoring data, establishing an indirect relationship.",0.85,,,
118,relation,GCS Assessment,has monitoring data,Monitoring Data,Glasgow Coma Scale (GCS) scores,accept_indirect,,,,,GCS Assessment indirectly relates to Monitoring Data through the assessment of physiological parameters.,0.7,,,low_evidence
119,relation,Hypotension,targets condition,Vasopressors,arterial pressors may be given to treat systemic hypotension,accept_direct,,,,,"Hypotension is a condition that can be treated with vasopressors, establishing a direct relationship.",0.9,,,
120,relation,ICP,targets condition,Vasopressors,to treat reduced cerebral perfusion pressure (CPP) secondary to raised Intracranial Pressure (ICP),reject,,,,,The relationship 'ICP targets condition Vasopressors' is semantically incorrect as ICP does not target medications.,0.9,,,
121,relation,CPP,receives therapy,Respiratory Distress Syndrome,"aggressive management of Cerebral Perfusion Pressure (CPP) > 70 mmHg, although reducing the incidence of jugular venous desaturations < 50%, increased the incidence of acute respiratory distress syndrome and worsened neurological outcome.",reject,,,,,CPP does not receive therapy; it is a parameter influenced by therapies for conditions like Respiratory Distress Syndrome.,0.9,,,
122,relation,Brain Injury,has monitoring data,Monitoring Data,"collection of admission, monitoring, treatment and outcome data from patients with brain injury.",accept_direct,,,,,The relationship 'Brain Injury has monitoring data' is semantically correct and directly connects the two classes.,0.95,,,
123,relation,Brain Injury,has outcome,Outcome Data,"collection of admission, monitoring, treatment and outcome data from patients with brain injury.",accept_direct,,,,,The relationship 'has outcome' directly connects 'Brain Injury' and 'Outcome Data' as outcomes are results of brain injuries.,0.9,,,
124,relation,Brain Injury,is managed by,Management,"aid health authorities to monitor, maintain and raise intra and trans-national standards in the management of patients with brain injury.",reject,,,,,The relationship 'is managed by' does not hold between 'Brain Injury' and 'Management' as defined in the ontology.,0.85,,,
125,relation,Patient,has monitoring data,Observation,pd:Patient as a ssn:FeatureOfInterest,accept_direct,,,,,The relationship 'Patient has monitoring data Observation' is semantically correct and holds directly between the two classes.,0.95,,,
126,relation,Timepoint,is associated with,Reading,Each Timepoint is associated with a set of Readings,accept_direct,,,,,The relationship between Timepoint and Reading is directly supported by the evidence provided.,0.95,,,
127,relation,Sensor,produced by sensor,Reading,the machines/sensors that produced them,reject,,,,,The relationship 'produced by' does not hold between 'Sensor' and 'Reading' as defined in the ontology.,0.85,,,
128,relation,Sepsis,is associated with,Outcome Data,Improving the standards and resolution for multicentre data collection will also impact upon the assessment of new medical technology of relevance to the medical device industry.,reject,,,,,Sepsis is not directly associated with Outcome Data as defined; the relationship is clinically implausible.,0.85,,,
129,relation,Arterial Pressors,targets condition,Arterial Hypotension,targets condition(Hypotension → Vasopressors),accept_direct,,,,,Arterial Pressors are directly used to target Arterial Hypotension in secondary insult therapy.,0.95,,,
130,relation,Clinical Research Form,has clinical assessment,Clinical Assessment,has clinical assessment(Patient → Clinical Assessment),reject,,,,,The relationship 'has clinical assessment' does not hold between 'Clinical Research Form' and 'Clinical Assessment'.,0.9,,,
131,relation,End-tidal Carbon Dioxide,has monitoring data,Monitoring Data,has monitoring data(EtCO2 → Monitoring Data),accept_direct,,,,,End-tidal Carbon Dioxide is a type of monitoring data used to assess ventilation.,0.95,,,
132,relation,Error,is associated with,Monitoring Data,monitoring indicates condition(Monitoring Data → Condition),reject,,,,,The relationship 'is associated with' does not correctly describe the connection between Error and Monitoring Data.,0.85,,,
133,relation,Injuries,has outcome,Outcome Data,has outcome(Brain Injury → Outcome Data),reject,,,,,The relationship 'has outcome' does not hold between 'Injuries' and 'Outcome Data' in the neuro-ICU context.,0.7,,,low_evidence
134,relation,Intensive Care Management,is managed by,Management,is managed by(Brain Injury → Management),reject,,,,,The relationship 'is managed by' does not hold between 'Intensive Care Management' and 'Management' as defined.,0.85,,,
135,relation,NIBP,has monitoring data,Monitoring Data,has monitoring data(Mean Arterial Pressure → Monitoring Data),reject,,,,,"The relationship 'NIBP has monitoring data' is incorrect as NIBP is a parameter, not a data type.",0.85,,,
136,relation,Provenance,has monitoring data,Monitoring Data,has monitoring data(Patient → Monitoring Data),accept_indirect,,,,,Monitoring Data can be indirectly linked to Patient through the assessment of physiological parameters.,0.7,,,low_evidence
137,relation,Substance Abuse,targets condition,Condition,targets condition(Hypotension → Vasopressors),reject,,,,,Substance Abuse does not directly target Condition as defined; the relationship is clinically implausible.,0.9,,,
138,relation,Adverse Event,is associated with,Clinical Outcome,[inferred] cluster completion,reject,,,,,The relationship 'is associated with' does not accurately describe the connection between 'Adverse Event' and 'Clinical Outcome'.,0.85,,,
139,relation,Clinical Outcome,is influenced by,Patient Interventions,[inferred] cluster completion,accept_direct,,,,,Patient interventions directly influence clinical outcomes in neurointensive care.,0.85,,,
140,relation,Clinical Outcome,relates to clinical outcome,Outcome Data,[inferred] cluster completion,reject,,,,,The relationship 'relates to' is not clinically valid between 'Clinical Outcome' and 'Outcome Data'.,0.9,,,
141,relation,Clinical Practice,is influenced by,Clinical Reminders,[inferred] cluster completion,reject,,,,,The relationship between Clinical Practice and Clinical Reminders does not hold as stated; they are not directly related concepts.,0.85,,,
142,relation,Clinical Reminders,triggers intervention,Patient Interventions,[inferred] cluster completion,reject,,,,,The relationship 'triggers intervention' does not hold between 'Clinical Reminders' and 'Patient Interventions' as defined.,0.85,,,
143,relation,Data Quality Assessment,assesses,Monitoring Data,[inferred] cluster completion,accept_indirect,,,,,Data Quality Assessment indirectly assesses Monitoring Data through the evaluation of collected physiological parameters.,0.7,,,low_evidence
144,relation,Injuries,is a risk factor for,Adverse Event,[inferred] cluster completion,reject,,,,,Injuries are not a recognized risk factor for Adverse Events in the context of neurointensive care.,0.85,,,
145,relation,Monitoring Data,is monitored by,Core Monitoring Parameter,[inferred] cluster completion,accept_indirect,,,,,"Monitoring Data is assessed through Core Monitoring Parameters, establishing an indirect relationship.",0.7,,,low_evidence
146,relation,Monitoring Data,produced by sensor,Sensor,[inferred] cluster completion,reject,,,,,The relationship 'produced by' does not hold between 'Monitoring Data' and 'Sensor' as defined in the ontology.,0.85,,,
147,relation,Outcome,is related to,Clinical Outcome,[inferred] cluster completion,reject,,,,,"The relationship between Outcome and Clinical Outcome does not hold as defined, as they are not distinct classes in this context.",0.85,,,
148,relation,Outcome Data,is associated with,Clinical Outcome,[inferred] cluster completion,accept_direct,,,,,Outcome Data is directly associated with Clinical Outcome as both pertain to results of medical interventions.,0.85,,,
149,relation,Patient Interventions,targets condition,Injuries,[inferred] cluster completion,reject,,,,,The relationship 'targets condition' does not hold between 'Patient Interventions' and 'Injuries' as defined.,0.85,,,
150,relation,Physiological Data,is monitored by,Core Monitoring Parameter,[inferred] cluster completion,reject,,,,,Physiological Data is not directly monitored by Core Monitoring Parameter; the relationship is incorrectly stated.,0.85,,,
151,relation,Possible Error,is a type of,Error,[inferred] cluster completion,reject,,,,,The relationship 'Possible Error is a type of Error' is semantically incorrect as 'Possible Error' is not a recognized class in the ontology.,0.9,,,
152,relation,Probable Error,is a type of,Error,[inferred] cluster completion,reject,,,,,The relationship between 'Probable Error' and 'Error' does not hold as defined in the ontology.,0.85,,,
153,relation,Provenance,is associated with,Monitoring Data,[inferred] cluster completion,reject,,,,,The relationship 'Provenance is associated with Monitoring Data' does not hold semantically in the context of the defined classes.,0.85,,,
154,relation,Substance Abuse,is a risk factor for,Injuries,[inferred] cluster completion,reject,,,,,Substance Abuse is not a recognized risk factor for Injuries within the BrainIT neurointensive-care context.,0.9,,,
155,relation,Therapy,is administered during,Patient Interventions,[inferred] cluster completion,reject,,,,,The relationship 'is administered during' does not correctly describe the connection between Therapy and Patient Interventions.,0.85,,,
156,relation,Treatment Data,is associated with,Therapy,[inferred] cluster completion,reject,,,,,The relationship 'is associated with' does not correctly represent the connection between Treatment Data and Therapy.,0.85,,,
157,relation,Acute Respiratory Distress Syndrome,is associated with,Vasopressors,[inferred] cluster completion,reject,,,,,The relationship between Acute Respiratory Distress Syndrome and Vasopressors does not hold as they are not directly associated in the context provided.,0.85,,,
158,relation,Adrenaline,is administered during,Hypotension,[inferred] cluster completion,accept_direct,,,,,Adrenaline is administered during Hypotension as a standard treatment in critical care.,0.9,,,
159,relation,Adrenaline,is administered during,Hypertension,[inferred] cluster completion,reject,,,,,Adrenaline is not a standard treatment for hypertension in the context of TBI care.,0.85,,,
160,relation,Hypertension,is influenced by,Noradrenaline,[inferred] cluster completion,accept_direct,,,,,Hypertension is directly influenced by Noradrenaline in the context of blood pressure regulation.,0.85,,,
161,relation,Hypertension,is influenced by,Adrenaline,[inferred] cluster completion,accept_indirect,,,,,Hypertension can be influenced by adrenaline through mechanisms like increased cardiac output and vascular resistance.,0.7,,,low_evidence
162,relation,Hypotension,is influenced by,Noradrenaline,[inferred] cluster completion,accept_direct,,,,,Hypotension is directly influenced by Noradrenaline in the context of blood pressure regulation.,0.85,,,
163,relation,Hypotension,is influenced by,Adrenaline,[inferred] cluster completion,accept_indirect,,,,,"Hypotension is influenced by Adrenaline through its role in managing blood pressure, but the relationship is indirect.",0.7,,,low_evidence
164,relation,Mean Arterial Pressure (MAP),is monitored by,Sensor,[inferred] cluster completion,accept_direct,,,,,Mean Arterial Pressure (MAP) is directly monitored by a Sensor in the neurointensive-care context.,0.9,,,
165,relation,Noradrenaline,is administered during,Hypotension,[inferred] cluster completion,accept_direct,,,,,Noradrenaline is directly administered during hypotension to increase blood pressure.,0.95,,,
166,relation,Noradrenaline,is administered during,Hypertension,[inferred] cluster completion,accept_direct,,,,,Noradrenaline is directly administered during Hypertension as a treatment to increase blood pressure.,0.9,,,
167,relation,Sepsis,is associated with,Hypotension,[inferred] cluster completion,accept_direct,,,,,"Sepsis is a condition that can lead to hypotension, establishing a direct association.",0.85,,,
168,relation,Septic Shock,is associated with,Hypotension,[inferred] cluster completion,accept_direct,,,,,"Septic Shock is a condition that can lead to Hypotension, establishing a direct association.",0.85,,,
169,relation,Systemic Hypotension,is treated with,Vasopressors,[inferred] cluster completion,accept_direct,,,,,Systemic Hypotension is treated with Vasopressors directly in critical care settings.,0.95,,,
170,relation,Vasopressors,is administered during,Systemic Hypotension,[inferred] cluster completion,accept_direct,,,,,Vasopressors are directly administered to treat systemic hypotension.,0.9,,,
171,relation,Brain Injury,is a condition of,Patient,[inferred] cluster completion,accept_direct,,,,,Brain Injury is a recognized condition affecting patients in neurointensive care.,0.95,,,
172,relation,Brain Injury,is associated with,Cranial Injuries,[inferred] cluster completion,reject,,,,,Brain Injury and Cranial Injuries are distinct concepts; the relationship 'is associated with' does not hold directly or indirectly.,0.85,,,
173,relation,Brain Injury,is influenced by,Guideline Adherence,[inferred] cluster completion,reject,,,,,The relationship 'is influenced by' does not hold between 'Brain Injury' and 'Guideline Adherence'.,0.85,,,
174,relation,Cranial Injuries,is associated with,Brain Injury,[inferred] cluster completion,accept_direct,,,,,Cranial Injuries are directly associated with Brain Injury as both pertain to trauma-related conditions.,0.85,,,
175,relation,Cranial Injuries,is a condition of,Patient,[inferred] cluster completion,accept_direct,,,,,Cranial Injuries are a type of Condition affecting Patients in neurointensive care.,0.9,,,
176,relation,Demographic Data,has demographic data,Patient,[inferred] cluster completion,revise,4.8,Patient,hasDemographicData,Demographic Data,The relation should be 'Patient has demographic data Demographic Data' instead of the current structure.,0.85,The subject and object need to be swapped to reflect the correct relationship.,0.95,
177,relation,Extracranial Injury,is associated with,Brain Injury,[inferred] cluster completion,reject,,,,,Extracranial Injury is not a subclass or directly associated with Brain Injury in the context of TBI.,0.85,,,
178,relation,Guideline,informs,Guideline Adherence,[inferred] cluster completion,reject,,,,,The relationship 'informs' does not hold between 'Guideline' and 'Guideline Adherence' as defined.,0.85,,,
179,relation,Guideline Adherence,is associated with,Guideline,[inferred] cluster completion,reject,,,,,The relationship between Guideline Adherence and Guideline does not hold as stated; they are not directly related in the context provided.,0.85,,,
180,relation,Guideline Adherence,affects outcome,Traumatic Brain Injury,[inferred] cluster completion,accept_indirect,,,,,Guideline adherence affects outcome through the quality of care provided in TBI management.,0.7,,,low_evidence
181,relation,Head Injury,is a condition of,Patient,[inferred] cluster completion,accept_direct,,,,,Head Injury is a recognized condition affecting patients in neurointensive care.,0.95,,,
182,relation,Head Injury,is associated with,Brain Injury,[inferred] cluster completion,accept_indirect,,,,,"Head Injury is a type of Condition that can lead to Brain Injury through trauma, establishing an indirect relationship.",0.7,,,low_evidence
183,relation,Head Trauma,is a condition of,Patient,[inferred] cluster completion,accept_direct,,,,,Head Trauma is a recognized condition affecting patients in neurointensive care.,0.95,,,
184,relation,Head Trauma,is associated with,Traumatic Brain Injury,[inferred] cluster completion,accept_direct,,,,,"Head Trauma is a type of Traumatic Brain Injury, establishing a direct association.",0.9,,,
185,relation,Mortality,is a risk factor for,Traumatic Brain Injury,[inferred] cluster completion,accept_indirect,,,,,Mortality is a consequence of Traumatic Brain Injury through the pathway of severity and complications.,0.7,,,low_evidence
186,relation,Neurological Injury,is a condition of,Patient,[inferred] cluster completion,reject,,,,,Neurological Injury is not a direct condition of Patient; it should be the other way around.,0.85,,,
187,relation,Patient,is associated with,Brain Injury,[inferred] cluster completion,accept_direct,,,,,The relationship 'Patient is associated with Brain Injury' is directly valid in the context of TBI care.,0.9,,,
188,relation,Traumatic Brain Injury,is a condition of,Patient,[inferred] cluster completion,accept_direct,,,,,Traumatic Brain Injury is indeed a condition affecting a patient in neurointensive care.,0.95,,,
189,relation,Traumatic Brain Injury,is associated with,Head Trauma,[inferred] cluster completion,accept_direct,,,,,Traumatic Brain Injury is directly associated with Head Trauma as both relate to brain injury.,0.85,,,
190,relation,Traumatic Brain Injury,is influenced by,Guideline Adherence,[inferred] cluster completion,reject,,,,,The relationship 'is influenced by' does not hold between Traumatic Brain Injury and Guideline Adherence.,0.9,,,
191,relation,Traumatic Intracranial Hypertension,is a condition of,Patient,[inferred] cluster completion,accept_direct,,,,,Traumatic Intracranial Hypertension is a recognized condition affecting patients with TBI.,0.95,,,
192,relation,Traumatic Intracranial Hypertension,is associated with,Traumatic Brain Injury,[inferred] cluster completion,accept_direct,,,,,"Traumatic Intracranial Hypertension is a consequence of Traumatic Brain Injury, establishing a direct association.",0.85,,,
193,relation,Anterior Fossa Repair,is monitored by,Intensive Care Management,[inferred] cluster completion,reject,,,,,The relationship 'is monitored by' does not correctly apply between 'Anterior Fossa Repair' and 'Intensive Care Management'.,0.85,,,
194,relation,Anterior Fossa Repair,has surgical procedure,Surgical Procedure,[inferred] cluster completion,accept_direct,,,,,The triple correctly identifies Anterior Fossa Repair as a type of Surgical Procedure.,0.9,,,
195,relation,Bedside Intervention,has nursing intervention,Nursing Intervention,[inferred] cluster completion,reject,,,,,The relationship 'has nursing intervention' does not correctly represent the relationship between 'Bedside Intervention' and 'Nursing Intervention'.,0.85,,,
196,relation,CT Scan Assessment,assesses,Coma,[inferred] cluster completion,reject,,,,,"CT Scan Assessment does not assess Coma directly or indirectly; it evaluates imaging, not the state of consciousness.",0.85,,,
197,relation,CT Scan Assessment,is monitored by,Intensive Care Management,[inferred] cluster completion,reject,,,,,CT Scan Assessment is not directly monitored by Intensive Care Management; they are related but not in a direct monitoring relationship.,0.85,,,
198,relation,Clinical Assessment,has monitoring data,Intensive Care Management,[inferred] cluster completion,reject,,,,,The relationship 'has monitoring data' does not hold between 'Clinical Assessment' and 'Intensive Care Management'.,0.85,,,
199,relation,Extra Ventricular Drain Placement,is monitored by,Intensive Care Management,[inferred] cluster completion,reject,,,,,The relationship 'is monitored by' does not hold between 'Extra Ventricular Drain Placement' and 'Intensive Care Management'.,0.7,,,low_evidence
200,relation,Intensive Care Management,has clinical assessment,Clinical Assessment,[inferred] cluster completion,accept_direct,,,,,The relationship 'Intensive Care Management has clinical assessment Clinical Assessment' holds directly as clinical assessments are part of ICU management.,0.9,,,
201,relation,Intensive Care Management,has monitoring data,Laboratory Values,[inferred] cluster completion,reject,,,,,The relationship 'has monitoring data' does not hold between 'Intensive Care Management' and 'Laboratory Values'.,0.85,,,
202,relation,Laboratory Values,is monitored by,Intensive Care Management,[inferred] cluster completion,reject,,,,,The relationship 'is monitored by' does not correctly represent the connection between 'Laboratory Values' and 'Intensive Care Management'.,0.85,,,
203,relation,Nursing Intervention,is administered during,Session,[inferred] cluster completion,accept_direct,,,,,Nursing Intervention directly involves activities administered during a Session in the ICU.,0.85,,,
204,relation,Physiotherapy,is administered during,Session,[inferred] cluster completion,reject,,,,,Physiotherapy is not directly administered during a monitoring session; the relationship is clinically implausible.,0.85,,,
205,relation,Routine Nursing Care,is administered during,Session,[inferred] cluster completion,reject,,,,,Routine Nursing Care is not administered during a Session as defined; they are not directly related.,0.85,,,
206,relation,Surgical Procedure,is monitored by,Intensive Care Management,[inferred] cluster completion,reject,,,,,The relationship 'is monitored by' does not correctly apply between 'Surgical Procedure' and 'Intensive Care Management'.,0.85,,,
207,relation,Barbiturates,is administered during,Decompressive Craniectomy,[inferred] cluster completion,accept_direct,,,,,Barbiturates are directly administered during Decompressive Craniectomy as a form of secondary insult therapy.,0.9,,,
208,relation,Cerebrovascular Autoregulation,is influenced by,Decompressive Craniectomy,[inferred] cluster completion,accept_indirect,,,,,Cerebrovascular Autoregulation is influenced by Decompressive Craniectomy through the pathway of surgical intervention affecting intracranial pressure and blood flow.,0.7,,,low_evidence
209,relation,Condition,is a condition of,Hypoperfusion,[inferred] cluster completion,reject,,,,,The relationship 'is a condition of' is not semantically correct between 'Condition' and 'Hypoperfusion'.,0.7,,,low_evidence
210,relation,Evacuation of Mass Lesion,has surgical procedure,Decompressive Craniectomy,[inferred] cluster completion,reject,,,,,"The relationship 'has surgical procedure' is incorrectly applied; 'Evacuation of Mass Lesion' is a type of 'Surgical Procedure', not the other way around.",0.9,,,
211,relation,Hypoperfusion,is associated with,Condition,[inferred] cluster completion,reject,,,,,The relationship 'is associated with' does not hold between 'Hypoperfusion' and 'Condition' as defined.,0.85,,,
212,relation,Jugular Venous Desaturation,is monitored by,Jugular Venous Oxygen Saturation,[inferred] cluster completion,accept_direct,,,,,The relationship 'is monitored by' directly connects the condition and the measurement of Jugular Venous Oxygen Saturation.,0.9,,,
213,relation,Management,is managed by,Barbiturates,[inferred] cluster completion,reject,,,,,"Management is not a valid class in the BrainIT ontology, making the triple semantically incorrect.",0.9,,,out_of_scope
214,relation,Microdialysis,is monitored by,Partial Pressure of Brain Tissue Oxygen,[inferred] cluster completion,reject,,,,,The relationship 'is monitored by' does not correctly apply between Microdialysis and Partial Pressure of Brain Tissue Oxygen.,0.85,,,
215,relation,Removal of Foreign Body,has surgical procedure,Evacuation of Mass Lesion,[inferred] cluster completion,reject,,,,,The relationship 'has surgical procedure' is incorrect as 'Removal of Foreign Body' and 'Evacuation of Mass Lesion' are distinct procedures.,0.85,,,
216,relation,EUSIG Grade,defines,Secondary Insult,[inferred] cluster completion,reject,,,,,The relationship 'defines' does not hold between 'EUSIG Grade' and 'Secondary Insult' as they are not directly related concepts.,0.85,,,
217,relation,Secondary Brain Injury,is a condition of,Secondary Insult,[inferred] cluster completion,reject,,,,,The relationship 'is a condition of' does not hold between 'Secondary Brain Injury' and 'Secondary Insult'.,0.85,,,
218,relation,Secondary Brain Injury,worsens,Outcome,[inferred] cluster completion,reject,,,,,The relationship 'worsens' does not accurately describe the connection between 'Secondary Brain Injury' and 'Outcome'.,0.85,,,
219,relation,Secondary Insult,triggers intervention,Secondary Insult Therapy,[inferred] cluster completion,reject,,,,,"Secondary Insult does not trigger Secondary Insult Therapy; therapy is a response to the insult, not a direct consequence.",0.9,,,
220,relation,Secondary Insult Grades,defines,Secondary Insult,[inferred] cluster completion,reject,,,,,The relationship 'defines' does not hold between 'Secondary Insult Grades' and 'Secondary Insult' as defined in the ontology.,0.85,,,
221,relation,Secondary Insult Therapy,is administered during,Secondary Insult,[inferred] cluster completion,accept_direct,,,,,The relationship 'is administered during' correctly connects 'Secondary Insult Therapy' and 'Secondary Insult'.,0.95,,,
222,relation,Secondary Insult Therapy,reduces,Secondary Brain Injury,[inferred] cluster completion,reject,,,,,The relationship 'reduces' does not hold between 'Secondary Insult Therapy' and 'Secondary Brain Injury' as defined.,0.9,,,
223,relation,Secondary Insult Treatment,targets condition,Secondary Insult,[inferred] cluster completion,reject,,,,,The relationship 'targets condition' does not hold as 'Secondary Insult Treatment' does not directly target 'Secondary Insult'.,0.85,,,
224,relation,Analgesia,is administered during,Patient Transport,[inferred] cluster completion,reject,,,,,Analgesia is not directly related to Patient Transport; they are distinct concepts without a valid relationship.,0.85,,,
225,relation,Analgesia,reduces,Poor Outcome,[inferred] cluster completion,reject,,,,,Analgesia does not directly reduce Poor Outcome as they are not directly related classes in the ontology.,0.85,,,
226,relation,Anti-hypertensives,is administered during,Ventilation,[inferred] cluster completion,reject,,,,,Anti-hypertensives are not directly administered during mechanical ventilation settings and management.,0.9,,,
227,relation,Anti-pyretics,targets condition,Temperature,[inferred] cluster completion,reject,,,,,"Anti-pyretics do not target Temperature as a condition; they are used to manage fever, not as a direct relationship to a physiological parameter.",0.85,,,
228,relation,Anti-pyretics,reduces,Poor Outcome,[inferred] cluster completion,reject,,,,,Anti-pyretics do not have a direct relationship that reduces Poor Outcome in TBI patients.,0.85,,,
229,relation,Antibiotics,is administered during,Patient Transport,[inferred] cluster completion,reject,,,,,Antibiotics are not administered during Patient Transport; they are typically administered as part of treatment protocols.,0.9,,,
230,relation,Electrocardiogram (ECG),is monitored by,Ventilator,[inferred] cluster completion,reject,,,,,The relationship 'is monitored by' does not hold between Electrocardiogram (ECG) and Ventilator in the neurointensive-care context.,0.85,,,
231,relation,EtCO2,is monitored by,Ventilator,[inferred] cluster completion,reject,,,,,EtCO2 is not directly monitored by a ventilator; it is a parameter that may be measured by other means.,0.85,,,
232,relation,EtCO2,measures parameter,Carbon Dioxide,[inferred] cluster completion,revise,4.4,EtCO2,is a monitoring parameter for,Carbon Dioxide,The relation label 'measures parameter' is incorrect; it should be 'is a monitoring parameter for'.,0.8,The relation label 'measures parameter' is incorrect and should be changed to 'is a monitoring parameter for'.,0.9,
233,relation,Impedance Plethmography,is monitored by,Ventilator,[inferred] cluster completion,reject,,,,,"Impedance Plethmography is not monitored by a Ventilator, making the relationship clinically implausible.",0.9,,,
234,relation,Insult,is a risk factor for,Poor Outcome,[inferred] cluster completion,reject,,,,,The relationship 'Insult is a risk factor for Poor Outcome' does not hold directly or indirectly as defined in the ontology.,0.85,,,
235,relation,Insult,triggers intervention,Ventilation,[inferred] cluster completion,reject,,,,,The relationship 'triggers intervention' does not hold between 'Insult' and 'Ventilation'.,0.85,,,
236,relation,Paralysis,is a condition of,Neurological Injury,[inferred] cluster completion,reject,,,,,"Paralysis is a type of intervention, not a condition of neurological injury.",0.9,,,
237,relation,Paralysis,affects outcome,Poor Outcome,[inferred] cluster completion,reject,,,,,Paralysis does not directly affect outcome; the relationship is clinically implausible.,0.85,,,
238,relation,Patient Transport,is associated with,Ventilation,[inferred] cluster completion,reject,,,,,Patient Transport is not clinically associated with Ventilation as described in the triple.,0.9,,,
239,relation,Patient Transport,is administered during,Analgesia,[inferred] cluster completion,reject,,,,,Patient Transport cannot be administered during Analgesia as they are not directly related in the context of neurointensive care.,0.85,,,
240,relation,Poor Outcome,is influenced by,Insult,[inferred] cluster completion,reject,,,,,The relationship 'Poor Outcome is influenced by Insult' is clinically implausible as it does not accurately represent the causal relationship in neurointensive care.,0.85,,,
241,relation,Poor Outcome,is associated with,Paralysis,[inferred] cluster completion,reject,,,,,Poor Outcome is not a valid subclass or concept that can be directly associated with Paralysis in this context.,0.85,,,
242,relation,Sjo2,is monitored by,Ventilator,[inferred] cluster completion,reject,,,,,Sjo2 is not monitored by a Ventilator; it is a parameter that may be monitored by other devices.,0.9,,,
243,relation,Skull Fracture Elevation,is associated with,Head Injury,[inferred] cluster completion,reject,,,,,The relationship 'is associated with' does not accurately describe the connection between 'Skull Fracture Elevation' and 'Head Injury'.,0.85,,,
244,relation,TCD,is monitored by,Sensor,[inferred] cluster completion,reject,,,,,TCD is not directly monitored by a Sensor; it is a monitoring parameter itself.,0.85,,,
245,relation,Ventilation,is managed by,Ventilator,[inferred] cluster completion,reject,,,,,The relationship 'is managed by' does not correctly describe the interaction between Ventilation and Ventilator in this context.,0.85,,,
246,relation,Ventilation,is associated with,Patient Transport,[inferred] cluster completion,reject,,,,,"Ventilation and Patient Transport are unrelated concepts in this context, making the relationship semantically incorrect.",0.9,,,
247,relation,White Blood Cell Count,has laboratory value,Haematology,[inferred] cluster completion,accept_indirect,,,,,The relationship holds via the chain: White Blood Cell Count → is assessed through → Haematology.,0.7,,,low_evidence
248,relation,Brain Temperature,is monitored by,Sensor,[inferred] cluster completion,accept_indirect,,,,,Brain Temperature is monitored by Sensor through the intermediate concept of monitoring parameters.,0.7,,,low_evidence
249,relation,Brain Temperature,has monitoring data,Timepoint,[inferred] cluster completion,accept_direct,,,,,The relationship 'has monitoring data' directly connects 'Brain Temperature' and 'Timepoint' as valid monitoring parameters.,0.9,,,
250,relation,Heart Rate,is monitored by,Sensor,[inferred] cluster completion,revise,4.4,Heart Rate,isMeasuredBy,Sensor,The relation should be 'is measured by' instead of 'is monitored by' for the connection between Heart Rate and Sensor.,0.8,The relation should be 'isMeasuredBy' instead of 'isMonitoredBy'.,0.9,
251,relation,Heart Rate,has monitoring data,Timepoint,[inferred] cluster completion,accept_direct,,,,,Heart Rate directly has monitoring data at specific timepoints in clinical monitoring.,0.95,,,
252,relation,ICP Sensor Placement,is related to,Sensor,[inferred] cluster completion,reject,,,,,The relationship 'is related to' does not accurately represent the connection between 'ICP Sensor Placement' and 'Sensor'.,0.85,,,
253,relation,Measurement Time,has timepoint,Timepoint,[inferred] cluster completion,accept_direct,,,,,The relationship 'Measurement Time has timepoint' holds directly between the two classes.,0.9,,,
254,relation,NIBP,is monitored by,Sensor,[inferred] cluster completion,reject,,,,,"The relationship 'NIBP is monitored by Sensor' does not hold as NIBP is a parameter, not a monitored entity.",0.85,,,
255,relation,NIBP,has monitoring data,Timepoint,[inferred] cluster completion,accept_direct,,,,,NIBP is an optional monitoring parameter that directly has monitoring data at specific timepoints.,0.85,,,
256,relation,Observation,is measured at,Timepoint,[inferred] cluster completion,accept_direct,,,,,The relationship 'Observation is measured at Timepoint' holds directly as defined.,0.95,,,
257,relation,Parameter,is measured by,Sensor,[inferred] cluster completion,accept_direct,,,,,The relationship 'is measured by' directly connects Parameter and Sensor as defined in the domain context.,0.95,,,
258,relation,Peripheral Temperature,is monitored by,Sensor,[inferred] cluster completion,accept_direct,,,,,The relationship 'Peripheral Temperature is monitored by Sensor' holds directly as both are defined concepts in the ontology.,0.95,,,
259,relation,Peripheral Temperature,has monitoring data,Timepoint,[inferred] cluster completion,accept_direct,,,,,Peripheral Temperature has monitoring data at specific timepoints in the monitoring process.,0.85,,,
260,relation,Reading,is measured at,Timepoint,[inferred] cluster completion,accept_direct,,,,,The relationship 'Reading is measured at Timepoint' holds directly between the two classes.,0.95,,,
261,relation,Reading,measures parameter,Parameter,[inferred] cluster completion,accept_direct,,,,,The relationship 'Reading measures Parameter' directly holds as readings are values of measured parameters.,0.95,,,
262,relation,Respiration Rate,is monitored by,Sensor,[inferred] cluster completion,accept_indirect,,,,,Respiration Rate is monitored by Sensor through the intermediate concept of monitoring physiological parameters.,0.7,,,low_evidence
263,relation,Respiration Rate,has monitoring data,Timepoint,[inferred] cluster completion,accept_direct,,,,,The relationship 'Respiration Rate has monitoring data Timepoint' holds directly between the two classes.,0.95,,,
264,relation,Temperature,is monitored by,Sensor,[inferred] cluster completion,revise,4.4,Temperature,isMeasuredBy,Sensor,The relation 'is monitored by' should be revised to 'is measured by' to accurately reflect the relationship between Temperature and Sensor.,0.85,The relation should reflect that Temperature is measured by the Sensor.,0.9,
265,relation,Temperature,has monitoring data,Timepoint,[inferred] cluster completion,accept_direct,,,,,Temperature directly has monitoring data at specific timepoints in ICU settings.,0.95,,,
266,relation,Biochemistry,has laboratory value,Potassium,[inferred] cluster completion,accept_direct,,,,,The relationship 'Biochemistry has laboratory value Potassium' is semantically correct and holds directly.,0.9,,,
267,relation,Biochemistry,has laboratory value,Sodium,[inferred] cluster completion,accept_direct,,,,,Sodium is a valid laboratory value under the Biochemistry class.,0.95,,,
268,relation,Blood Gases,is monitored by,Monitoring,[inferred] cluster completion,reject,,,,,The relationship 'is monitored by' does not correctly apply between 'Blood Gases' and 'Monitoring'.,0.85,,,
269,relation,Cardiac Output,is monitored by,Monitoring,[inferred] cluster completion,reject,,,,,The relationship 'is monitored by' does not hold between 'Cardiac Output' and 'Monitoring' as defined.,0.7,,,low_evidence
270,relation,Fluids,is monitored by,Monitoring,[inferred] cluster completion,reject,,,,,The relationship 'is monitored by' does not correctly apply between 'Fluids' and 'Monitoring' as defined.,0.85,,,
271,relation,Glucose,is monitored by,Monitoring,[inferred] cluster completion,reject,,,,,"Glucose is not a class within the defined ontology, making the relationship invalid.",0.7,,,low_evidence
272,relation,Haematocrit,has laboratory value,Haematology,[inferred] cluster completion,revise,4.4,Haematology,isATypeOf,Haematocrit,The relation label 'has laboratory value' should be 'is a type of' for the subject and object.,0.85,The relation label 'has laboratory value' should be 'is a type of' for the subject and object.,0.9,
273,relation,Haematology,has laboratory value,Haemoglobin,[inferred] cluster completion,reject,,,,,The relationship 'Haematology has laboratory value Haemoglobin' is incorrect as laboratory values are not a direct property of haematology.,0.85,,,
274,relation,Haematology,has laboratory value,Haematocrit,[inferred] cluster completion,reject,,,,,"The relationship 'Haematology has laboratory value Haematocrit' is incorrect as Haematology is a field, not a class that possesses values.",0.85,,,
275,relation,Haemoglobin,has laboratory value,Haematology,[inferred] cluster completion,revise,4.4,Haematology,is a laboratory value of,Haemoglobin,The relation label 'has laboratory value' should be changed to 'is a laboratory value of' for correct semantic alignment.,0.85,The relation label needs to be corrected for semantic alignment.,0.9,
276,relation,Monitoring,monitoring indicates condition,Secondary Insult,[inferred] cluster completion,reject,,,,,The relationship 'monitoring indicates condition' is incorrect as monitoring does not directly indicate a secondary insult.,0.85,,,
277,relation,Nutrition,is monitored by,Monitoring,[inferred] cluster completion,reject,,,,,The relationship 'is monitored by' does not correctly apply between Nutrition and Monitoring in this context.,0.9,,,
278,relation,Potassium,has laboratory value,Biochemistry,[inferred] cluster completion,revise,4.4,Potassium,is a laboratory value of,Biochemistry,The relation label 'has laboratory value' should be corrected to 'is a laboratory value of' for clarity.,0.85,The relation label needs to be changed for clarity.,0.9,
279,relation,Sedation,is monitored by,Monitoring,[inferred] cluster completion,reject,,,,,"Sedation is not directly monitored by Monitoring; rather, it is a therapy that may be monitored through parameters.",0.85,,,
280,relation,Sodium,has laboratory value,Biochemistry,[inferred] cluster completion,revise,4.4,Sodium,is a laboratory value of,Biochemistry,The relation label 'has laboratory value' should be corrected to 'is a laboratory value of' for clarity.,0.85,The relation label needs to be changed for clarity.,0.9,
281,relation,Disability,is associated with,Outcome Score,[inferred] cluster completion,accept_indirect,,,,,Disability affects Outcome Score through the assessment of neurological function post-injury.,0.7,,,low_evidence
282,relation,Disability,is influenced by,GCS Assessment,[inferred] cluster completion,reject,,,,,Disability is not directly influenced by GCS Assessment; the relationship is not clinically plausible.,0.9,,,
283,relation,GCS Assessment,is associated with,Pupil Assessment,[inferred] cluster completion,accept_indirect,,,,,"GCS Assessment and Pupil Assessment are both subclasses of Clinical Assessment, allowing for an indirect association.",0.7,,,low_evidence
284,relation,GOSe Outcome,relates to clinical outcome,Outcome Score,[inferred] cluster completion,accept_direct,,,,,The relationship between GOSe Outcome and Outcome Score is direct and semantically correct.,0.9,,,
285,relation,Motor Impairment,is associated with,Disability,[inferred] cluster completion,reject,,,,,The relationship 'is associated with' does not accurately represent the connection between Motor Impairment and Disability in this context.,0.85,,,
286,relation,Motor Impairment,is influenced by,GCS Assessment,[inferred] cluster completion,reject,,,,,Motor Impairment is not a recognized subclass or concept directly influenced by GCS Assessment.,0.85,,,
287,relation,Outcome Score,predicts outcome,GOSe Outcome,[inferred] cluster completion,accept_direct,,,,,The relationship 'predicts outcome' directly connects 'Outcome Score' and 'GOSe Outcome' as both pertain to assessing patient outcomes.,0.85,,,
288,relation,Outcome Score,is associated with,Disability,[inferred] cluster completion,reject,,,,,Outcome Score and Disability are not directly associated as per the defined classes.,0.85,,,
289,relation,Pupil Assessment,is associated with,GCS Assessment,[inferred] cluster completion,reject,,,,,The relationship 'is associated with' does not hold between 'Pupil Assessment' and 'GCS Assessment' as they are distinct assessments.,0.9,,,
290,relation,CPP,is influenced by,ICP,[inferred] cluster completion,accept_direct,,,,,CPP is directly influenced by ICP as both are core monitoring parameters in TBI assessment.,0.9,,,
291,relation,CPP,calculates,Mean Cerebral Perfusion Pressure,[inferred] cluster completion,reject,,,,,The relationship 'calculates' does not hold between CPP and Mean Cerebral Perfusion Pressure as defined in the ontology.,0.85,,,
292,relation,Intracranial Hypertension,is a condition of,ICP,[inferred] cluster completion,accept_direct,,,,,"Intracranial Hypertension is a recognized condition related to ICP, aligning with the ontology definitions.",0.9,,,
293,relation,Mean Cerebral Perfusion Pressure,is influenced by,ICP,[inferred] cluster completion,accept_direct,,,,,The relationship 'Mean Cerebral Perfusion Pressure is influenced by ICP' holds directly between the two classes.,0.9,,,
294,relation,Pressure Reactivity Index (PRx),assesses,ICP,[inferred] cluster completion,accept_direct,,,,,The relationship 'assesses' directly connects PRx and ICP as both are valid parameters in neurointensive care.,0.9,,,
295,relation,Carbon Dioxide,is monitored by,Partial Pressure of Carbon Dioxide,[inferred] cluster completion,reject,,,,,The relationship 'is monitored by' does not correctly represent the connection between Carbon Dioxide and Partial Pressure of Carbon Dioxide.,0.85,,,
296,relation,Carbon Dioxide,is associated with,Ventilation,[inferred] cluster completion,reject,,,,,The relationship 'is associated with' does not accurately represent the connection between Carbon Dioxide and Ventilation in this context.,0.85,,,
297,relation,End-tidal Carbon Dioxide,assesses,Ventilation,[inferred] cluster completion,revise,4.4,End-tidal Carbon Dioxide,measures,Ventilation,The relation 'assesses' should be corrected to 'measures' as End-tidal Carbon Dioxide measures Ventilation.,0.85,The relation 'assesses' should be corrected to 'measures' for accuracy.,0.9,
298,relation,End-tidal Carbon Dioxide,is measured by,Sensor,[inferred] cluster completion,revise,4.4,End-tidal Carbon Dioxide,assesses,Sensor,The relation 'is measured by' should be revised to 'measures' to correctly reflect the relationship between Sensor and End-tidal Carbon Dioxide.,0.8,The relation 'is measured by' should be changed to 'assesses' for accuracy.,0.9,
299,relation,Partial Pressure of Carbon Dioxide,is influenced by,Ventilation,[inferred] cluster completion,accept_indirect,,,,,Partial Pressure of Carbon Dioxide is influenced by Ventilation through the relationship of ventilation affecting respiratory function.,0.7,,,low_evidence
300,hierarchy,Decompressive Craniectomy,subClassOf,Surgical Procedure,Decompressive craniectomy (DC) is a surgical technique originally described by Kocher in 1901.,accept_direct,,,,,Decompressive Craniectomy is correctly classified as a type of Surgical Procedure.,0.95,,,
301,hierarchy,Secondary Insult,subClassOf,Insult,One of the most critical types of systemic secondary insult is arterial hypotension.,accept_direct,,,,,The relationship holds directly as 'Secondary Insult' is a subclass of 'Insult'.,0.95,,,
302,hierarchy,Vasopressors,subClassOf,Baseline Therapy,[inferred] Vasopressors is a subclass of Baseline Therapy (deterministic hierarchy checklist).,reject,,,,,Vasopressors are not classified as Baseline Therapy; they are typically considered Secondary Insult Therapy.,0.9,,,
303,hierarchy,Secondary Insult,subClassOf,Condition,[inferred] Secondary Insult is a subclass of Condition (deterministic hierarchy checklist).,reject,,,,,"The definition of 'Condition' contradicts its authoritative label, making the subclass relationship invalid.",0.9,,,
304,hierarchy,Core Monitoring Parameter,subClassOf,Monitoring Data,[inferred] Chain-of-Layer: Core Monitoring Parameter is organized under Monitoring Data,reject,,,,,The relationship 'Core Monitoring Parameter subClassOf Monitoring Data' is incorrect as 'Core Monitoring Parameter' is not a subclass of 'Monitoring Data'.,0.9,,,
305,hierarchy,Heart Rate,subClassOf,Core Monitoring Parameter,[inferred] Chain-of-Layer: Heart Rate is organized under Core Monitoring Parameter,accept_direct,,,,,Heart Rate is correctly classified as a subclass of Core Monitoring Parameter.,0.95,,,
306,hierarchy,Mean Arterial Pressure (MAP),subClassOf,Core Monitoring Parameter,[inferred] Chain-of-Layer: Mean Arterial Pressure (MAP) is organized under Core Monitoring Parameter,accept_direct,,,,,Mean Arterial Pressure (MAP) is correctly classified as a Core Monitoring Parameter.,0.95,,,
307,hierarchy,Mean Intracranial Pressure,subClassOf,Core Monitoring Parameter,[inferred] Chain-of-Layer: Mean Intracranial Pressure is organized under Core Monitoring Parameter,accept_direct,,,,,Mean Intracranial Pressure is correctly classified as a Core Monitoring Parameter.,0.95,,,
308,hierarchy,Mean Cerebral Perfusion Pressure,subClassOf,Core Monitoring Parameter,[inferred] Chain-of-Layer: Mean Cerebral Perfusion Pressure is organized under Core Monitoring Parameter,accept_direct,,,,,Mean Cerebral Perfusion Pressure is correctly classified as a Core Monitoring Parameter.,0.95,,,
309,hierarchy,Pressure Reactivity Index (PRx),subClassOf,Core Monitoring Parameter,[inferred] Chain-of-Layer: Pressure Reactivity Index (PRx) is organized under Core Monitoring Parameter,accept_direct,,,,,Pressure Reactivity Index (PRx) is correctly classified as a Core Monitoring Parameter.,0.95,,,
310,hierarchy,Monitoring Time,subClassOf,Monitoring Data,[inferred] Chain-of-Layer: Monitoring Time is organized under Monitoring Data,reject,,,,,"Monitoring Time is not a subclass of Monitoring Data as it describes a duration, not a type of data.",0.9,,,
311,hierarchy,Baseline Therapy,subClassOf,Therapy,[inferred] Chain-of-Layer: Baseline Therapy is organized under Therapy,reject,,,,,Baseline Therapy cannot be a subclass of Therapy as it is a specific category within the neurointensive-care context.,0.9,,,
312,hierarchy,Barbiturates,subClassOf,Secondary Insult Therapy,[inferred] Chain-of-Layer: Barbiturates is organized under Baseline Therapy,reject,,,,,Barbiturates are not a subclass of Secondary Insult Therapy; they are used for sedation and seizure management.,0.9,,,
313,hierarchy,Traumatic Brain Injury,subClassOf,Condition,[inferred] Chain-of-Layer: Traumatic Brain Injury is organized under Condition,reject,,,,,Traumatic Brain Injury is not a type of stroke; the definition contradicts the authoritative label.,0.95,,,
314,hierarchy,Sepsis,subClassOf,Condition,[inferred] Chain-of-Layer: Sepsis is organized under Condition,reject,,,,,Sepsis is not a type of stroke; the definition contradicts the authoritative label 'Condition'.,0.95,,,
315,hierarchy,Septic Shock,subClassOf,Condition,[inferred] Chain-of-Layer: Septic Shock is organized under Condition,reject,,,,,"Septic Shock is not a subclass of Condition as defined; it is a specific medical condition, not a type of stroke.",0.9,,,
316,hierarchy,GCS Assessment,subClassOf,Clinical Assessment,[inferred] Chain-of-Layer: GCS Assessment is organized under Outcome,reject,,,,,"GCS Assessment is not a subclass of Clinical Assessment; it is a specific assessment method, not a broader category.",0.85,,,
317,hierarchy,Guideline Adherence,subClassOf,Guideline,[inferred] Chain-of-Layer: Guideline Adherence is organized under Guideline,reject,,,,,Guideline Adherence is not a subclass of Guideline as it represents a different concept related to compliance rather than a type of guideline.,0.85,,,
318,hierarchy,Cerebrovascular Autoregulation,subClassOf,Condition,[inferred] Cerebrovascular Autoregulation is a subclass of Condition (deterministic hierarchy checklist).,reject,,,,,"Cerebrovascular Autoregulation is not a subclass of Condition; it describes a physiological mechanism, not a medical condition.",0.9,,,
319,hierarchy,Haematocrit,subClassOf,Haematology,the physiological vital functions are extensively monitored.,accept_direct,,,,,Haematocrit is a valid subclass of Haematology as it relates to blood analysis.,0.95,,,
320,hierarchy,TCD,subClassOf,Optional Monitoring Parameter,the physiological vital functions are extensively monitored.,accept_direct,,,,,TCD is correctly classified as a subclass of Optional Monitoring Parameter in the BrainIT Ontology.,0.9,,,
321,hierarchy,Optional Monitoring Parameter,subClassOf,Monitoring Data,the physiological vital functions are extensively monitored.,reject,,,,,The relationship 'Optional Monitoring Parameter subClassOf Monitoring Data' is incorrect as 'Monitoring Data' is not a defined class in the ontology.,0.85,,,
322,hierarchy,ICP,subClassOf,Core Monitoring Parameter,the physiological vital functions are extensively monitored.,accept_direct,,,,,"ICP is a subclass of Core Monitoring Parameter, aligning with the hierarchy.",0.95,,,
323,hierarchy,Removal of Foreign Body,subClassOf,Surgical Procedure,the physiological vital functions are extensively monitored.,accept_direct,,,,,The triple correctly identifies 'Removal of Foreign Body' as a subclass of 'Surgical Procedure'.,0.95,,,
324,hierarchy,Peripheral Temperature,subClassOf,Optional Monitoring Parameter,the physiological vital functions are extensively monitored.,accept_direct,,,,,Peripheral Temperature is correctly classified as a subclass of Optional Monitoring Parameter.,0.95,,,
325,hierarchy,Sodium,subClassOf,Biochemistry,the physiological vital functions are extensively monitored.,accept_direct,,,,,Sodium is a valid subclass of Biochemistry as it is a serum sodium value assessed in laboratory values.,0.95,,,
326,hierarchy,Fluids,subClassOf,Baseline Therapy,the physiological vital functions are extensively monitored.,revise,4.6,Fluids,subClassOf,Baseline Therapy,The definition of 'Fluids' does not align with the label's meaning; it should focus on fluid management rather than carbon dioxide levels.,0.7,"The definition of 'Fluids' needs to align with its label, focusing on fluid management.",0.9,low_evidence
327,hierarchy,Extra Ventricular Drain Placement,subClassOf,Surgical Procedure,the physiological vital functions are extensively monitored.,accept_direct,,,,,Extra Ventricular Drain Placement is a specific type of Surgical Procedure.,0.95,,,
328,hierarchy,EtCO2,subClassOf,Optional Monitoring Parameter,the physiological vital functions are extensively monitored.,accept_direct,,,,,EtCO2 is correctly classified as a subclass of Optional Monitoring Parameter.,0.95,,,
329,hierarchy,Sjo2,subClassOf,Optional Monitoring Parameter,the physiological vital functions are extensively monitored.,accept_direct,,,,,Sjo2 is correctly classified as a subclass of Optional Monitoring Parameter.,0.95,,,
330,hierarchy,Blood Gases,subClassOf,Laboratory Values,the physiological vital functions are extensively monitored.,accept_direct,,,,,"Blood Gases is a subclass of Laboratory Values, aligning with the definitions provided.",0.95,,,
331,hierarchy,Haemoglobin,subClassOf,Haematology,the physiological vital functions are extensively monitored.,accept_direct,,,,,Haemoglobin is a valid subclass of Haematology as it pertains to blood analysis.,0.9,,,
332,hierarchy,Glucose,subClassOf,Biochemistry,the physiological vital functions are extensively monitored.,accept_direct,,,,,Glucose is a valid subclass of Biochemistry as it is an analyte within the biochemistry panel.,0.95,,,
333,hierarchy,Anterior Fossa Repair,subClassOf,Surgical Procedure,the physiological vital functions are extensively monitored.,accept_direct,,,,,Anterior Fossa Repair is a specific type of Surgical Procedure.,0.95,,,
334,hierarchy,Secondary Insult Treatment,subClassOf,Secondary Insult Therapy,the physiological vital functions are extensively monitored.,reject,,,,,The subject 'Secondary Insult Treatment' does not align with the defined class 'Secondary Insult Therapy'.,0.85,,,
335,hierarchy,NIBP,subClassOf,Optional Monitoring Parameter,the physiological vital functions are extensively monitored.,accept_direct,,,,,NIBP is correctly classified as a subclass of Optional Monitoring Parameter.,0.95,,,
336,hierarchy,Hypotension,subClassOf,Condition,the physiological vital functions are extensively monitored.,reject,,,,,"Hypotension is not a subclass of Condition as defined; it is a specific condition, not a type of stroke.",0.9,,,
337,hierarchy,Haematology,subClassOf,Laboratory Values,the physiological vital functions are extensively monitored.,accept_direct,,,,,"Haematology is a subclass of Laboratory Values, aligning with the established ontology definitions.",0.95,,,
338,hierarchy,Sedation,subClassOf,Baseline Therapy,the physiological vital functions are extensively monitored.,reject,,,,,Sedation is not defined as a subclass of Baseline Therapy based on the provided definitions.,0.85,,,
339,hierarchy,CT Scan Assessment,subClassOf,Clinical Assessment,the physiological vital functions are extensively monitored.,accept_direct,,,,,"CT Scan Assessment is a subclass of Clinical Assessment, aligning with the hierarchy.",0.95,,,
340,hierarchy,Hypotension,subClassOf,Septic Shock,Duration of hypotension before initiation of effective antimicrobial therapy is the critical determinant of survival in human septic shock.,reject,,,,,Hypotension is not a subclass of Septic Shock; they are distinct conditions.,0.9,,,
341,hierarchy,Hypoperfusion,subClassOf,Cerebrovascular Autoregulation,secondary ischemic damage from associated hypoperfusion.,reject,,,,,Hypoperfusion is not a subclass of Cerebrovascular Autoregulation; they represent different concepts.,0.9,,,
342,hierarchy,Cardiac Output,subClassOf,Optional Monitoring Parameter,Domain-scope scaffolding: Cardiac Output is a known subclass of Optional Monitoring Parameter in the BrainIT domain.,accept_direct,,,,,Cardiac Output is correctly classified as a subclass of Optional Monitoring Parameter.,0.95,,,
343,hierarchy,Nutrition,subClassOf,Baseline Therapy,Domain-scope scaffolding: Nutrition is a known subclass of Baseline Therapy in the BrainIT domain.,accept_direct,,,,,Nutrition is correctly classified as a subclass of Baseline Therapy in the BrainIT domain.,0.95,,,
344,hierarchy,Pupil Assessment,subClassOf,Clinical Assessment,Domain-scope scaffolding: Pupil Assessment is a known subclass of Clinical Assessment in the BrainIT domain.,accept_direct,,,,,Pupil Assessment is correctly identified as a subclass of Clinical Assessment in the BrainIT domain.,0.95,,,
345,hierarchy,Potassium,subClassOf,Biochemistry,Domain-scope scaffolding: Potassium is a known subclass of Biochemistry in the BrainIT domain.,accept_direct,,,,,Potassium is correctly classified as a subclass of Biochemistry in the BrainIT domain.,0.95,,,
346,hierarchy,Possible Error,subClassOf,Data Quality Assessment,Domain-scope scaffolding: Possible Error is a known subclass of Data Quality Assessment in the BrainIT domain.,reject,,,,,The relationship between Possible Error and Data Quality Assessment does not hold as stated; Possible Error is not a subclass of Data Quality Assessment.,0.85,,,
347,hierarchy,Hypertension,subClassOf,Condition,Schema-inferred: Hypertension is a subclass of Condition.,reject,,,,,Hypertension is not a type of stroke; it is a condition that can lead to various complications.,0.9,,,
348,hierarchy,Biochemistry,subClassOf,Laboratory Values,Schema-inferred: Biochemistry is a subclass of Laboratory Values.,accept_direct,,,,,Biochemistry is correctly defined as a subclass of Laboratory Values.,0.95,,,
349,hierarchy,Arterial Pressors,subClassOf,Secondary Insult Therapy,Schema-inferred: Arterial Pressors is a subclass of Secondary Insult Therapy.,accept_direct,,,,,Arterial Pressors is correctly classified as a subclass of Secondary Insult Therapy.,0.95,,,
350,hierarchy,Secondary Insult Therapy,subClassOf,Therapy,Schema-inferred: Secondary Insult Therapy is a subclass of Therapy.,accept_direct,,,,,The triple correctly identifies Secondary Insult Therapy as a subclass of Therapy.,0.95,,,
351,hierarchy,Intracranial Hypertension,subClassOf,Secondary Insult,Schema-inferred: Intracranial Hypertension is a subclass of Secondary Insult.,reject,,,,,"Intracranial Hypertension is a subclass of Condition, not Secondary Insult.",0.9,,,
352,hierarchy,Jugular Venous Desaturation,subClassOf,Secondary Insult,Schema-inferred: Jugular Venous Desaturation is a subclass of Secondary Insult.,reject,,,,,Jugular Venous Desaturation is not a subclass of Secondary Insult; it is a specific condition that can lead to secondary insults.,0.85,,,
353,hierarchy,GOSe Outcome,subClassOf,Outcome,Schema-inferred: GOSe Outcome is a subclass of Outcome.,accept_direct,,,,,GOSe Outcome is correctly classified as a subclass of Outcome.,0.95,,,
354,hierarchy,CVP,subClassOf,Optional Monitoring Parameter,Schema-inferred: Central Venous Pressure is a subclass of Optional Monitoring Parameter.,reject,,,,,CVP is not a subclass of Optional Monitoring Parameter; it is a core monitoring parameter.,0.9,,,
355,hierarchy,Acute Respiratory Distress Syndrome,subClassOf,Secondary Insult,Schema-inferred: Acute Respiratory Distress Syndrome is a subclass of Secondary Insult.,accept_direct,,,,,Acute Respiratory Distress Syndrome is correctly classified as a subclass of Secondary Insult.,0.9,,,
356,hierarchy,Traumatic Brain Injury,subClassOf,Brain Injury,Traumatic brain injury (TBI) is a leading cause of death and long-term disability worldwide.,reject,,,,,"The relationship 'Traumatic Brain Injury subClassOf Brain Injury' is incorrect as TBI is a specific type of brain injury, not a subclass.",0.9,,,
357,hierarchy,Condition,subClassOf,Mortality,"Clinical management of this population is focused on minimising tivity, disease severity and mortality is related to the partial pressure of any secondary injury, such as ischemia or raised intracranial pressure brain tissue oxygen (PbtO2) .",reject,,,,,Mortality is not a subclass of Condition; they represent different concepts.,0.9,,,
358,hierarchy,Arterial Hypotension,subClassOf,Secondary Insult,[inferred] Arterial Hypotension is a subclass of Secondary Insult (deterministic hierarchy checklist).,accept_direct,,,,,Arterial Hypotension is correctly classified as a subclass of Secondary Insult.,0.9,,,
359,hierarchy,Brain Injury,subClassOf,Condition,[inferred] Chain-of-Layer: Brain Injury is organized under Condition,reject,,,,,Brain Injury is not a subclass of Condition as defined; it does not specifically refer to a type of stroke.,0.85,,,
360,hierarchy,Secondary Brain Injury,subClassOf,Brain Injury,[inferred] Chain-of-Layer: Secondary Brain Injury is organized under Brain Injury,reject,,,,,The relationship 'Secondary Brain Injury' as a subclass of 'Brain Injury' is incorrect; it should be the other way around.,0.9,,,
361,hierarchy,Cerebrovascular Autoregulation,subClassOf,Secondary Insult,[inferred] Chain-of-Layer: Cerebrovascular Autoregulation is organized under Secondary Insult,reject,,,,,"Cerebrovascular Autoregulation is not a subclass of Secondary Insult; it is a physiological mechanism, not an additional injury.",0.9,,,
362,hierarchy,Adverse Event,subClassOf,Condition,[inferred] Chain-of-Layer: Adverse Event is organized under Condition,reject,,,,,Adverse Event is not a subclass of Condition; it is a separate concept related to medical interventions.,0.85,,,
363,hierarchy,Heart Rate,subClassOf,Physiological Data,[inferred] Chain-of-Layer: Heart Rate is organized under Physiological Data,reject,,,,,Heart Rate is not a subclass of Physiological Data; it is a specific parameter within that category.,0.85,,,
364,hierarchy,Mean Arterial Pressure (MAP),subClassOf,Physiological Data,[inferred] Chain-of-Layer: Mean Arterial Pressure (MAP) is organized under Physiological Data,reject,,,,,Mean Arterial Pressure (MAP) is not a subclass of Physiological Data; it is a specific parameter within that category.,0.85,,,
365,hierarchy,ICP,subClassOf,Physiological Data,[inferred] Chain-of-Layer: ICP is organized under Physiological Data,reject,,,,,ICP is not a subclass of Physiological Data; it is a specific parameter within that category.,0.85,,,
366,hierarchy,CPP,subClassOf,Physiological Data,[inferred] Chain-of-Layer: CPP is organized under Physiological Data,reject,,,,,"CPP is a derived parameter, not a subclass of physiological data.",0.9,,,
367,hierarchy,Carbon Dioxide,subClassOf,Physiological Data,[inferred] Chain-of-Layer: Carbon Dioxide is organized under Physiological Data,reject,,,,,Carbon Dioxide is not a subclass of Physiological Data; it is a specific analyte within a broader category.,0.9,,,
368,hierarchy,Pbro2,subClassOf,Physiological Data,[inferred] Chain-of-Layer: Pbro2 is organized under Physiological Data,reject,,,,,PbrO2 is not a subclass of Physiological Data; it is a specific measurement within that category.,0.9,,,
369,hierarchy,Partial Pressure of Brain Tissue Oxygen,subClassOf,Physiological Data,[inferred] Chain-of-Layer: Partial Pressure of Brain Tissue Oxygen is organized under Physiological Data,reject,,,,,Partial Pressure of Brain Tissue Oxygen is not a subclass of Physiological Data but rather a specific parameter within it.,0.9,,,
370,hierarchy,Partial Pressure of Carbon Dioxide,subClassOf,Physiological Data,[inferred] Chain-of-Layer: Partial Pressure of Carbon Dioxide is organized under Physiological Data,reject,,,,,Partial Pressure of Carbon Dioxide is not a subclass of Physiological Data; it is a specific measure within that category.,0.7,,,low_evidence
371,hierarchy,Hypothermia Therapy,subClassOf,Baseline Therapy,[inferred] Chain-of-Layer: Hypothermia Therapy is organized under Therapy,reject,,,,,"Hypothermia Therapy is not a subclass of Baseline Therapy as it is a specific intervention for secondary insults, not a standard therapy.",0.85,,,
372,hierarchy,Patient Interventions,subClassOf,Therapy,[inferred] Chain-of-Layer: Patient Interventions is organized under Therapy,reject,,,,,Patient Interventions is not a subclass of Therapy as it implies direct engagement rather than a category of therapy.,0.85,,,
373,hierarchy,Guideline Adherence,subClassOf,Clinical Practice,[inferred] Chain-of-Layer: Guideline Adherence is organized under Clinical Practice,reject,,,,,"Guideline Adherence is not a subclass of Clinical Practice as it represents a measure of compliance, not a practice itself.",0.85,,,
374,hierarchy,Clinical Reminders,subClassOf,Clinical Practice,[inferred] Chain-of-Layer: Clinical Reminders is organized under Clinical Practice,reject,,,,,Clinical Reminders are not a subclass of Clinical Practice as they serve a different function in patient care.,0.9,,,
375,hierarchy,Outcome Score,subClassOf,Outcome,[inferred] Chain-of-Layer: Outcome Score is organized under Outcome,accept_direct,,,,,"Outcome Score is a subclass of Outcome, aligning with the established hierarchy.",0.95,,,
376,hierarchy,Mortality,subClassOf,Outcome,[inferred] Mortality is a subclass of Outcome (deterministic hierarchy checklist).,accept_direct,,,,,Mortality is correctly classified as a subclass of Outcome.,0.95,,,
377,hierarchy,Pressure Reactivity Index (PRx),subClassOf,Derived Parameter,derived index reflecting cerebrovascular pressure reactivity,accept_direct,,,,,Pressure Reactivity Index (PRx) is correctly classified as a subclass of Derived Parameter.,0.95,,,
378,hierarchy,Physiotherapy,subClassOf,Nursing Intervention,[inferred] Physiotherapy is a subclass of Nursing Intervention.,accept_direct,,,,,Physiotherapy is correctly classified as a subclass of Nursing Intervention.,0.95,,,
379,hierarchy,ICP Sensor Placement,subClassOf,Surgical Procedure,placement of ICP monitoring sensor,accept_direct,,,,,ICP Sensor Placement is a specific type of Surgical Procedure.,0.95,,,
380,hierarchy,White Blood Cell Count,subClassOf,Haematology,[inferred] White Blood Cell Count is a subclass of Haematology.,accept_direct,,,,,White Blood Cell Count is a valid subclass of Haematology.,0.95,,,
381,hierarchy,Analgesia,subClassOf,Baseline Therapy,[inferred] Analgesia is a subclass of Baseline Therapy.,accept_direct,,,,,Analgesia is correctly classified as a subclass of Baseline Therapy.,0.95,,,
382,hierarchy,Noradrenaline,subClassOf,Vasopressors,[inferred] Noradrenaline is a subclass of Vasopressors.,accept_direct,,,,,Noradrenaline is correctly classified as a subclass of Vasopressors.,0.95,,,
383,hierarchy,Anti-pyretics,subClassOf,Baseline Therapy,[inferred] Anti-pyretics is a subclass of Baseline Therapy.,accept_direct,,,,,Anti-pyretics is correctly classified as a subclass of Baseline Therapy.,0.95,,,
384,hierarchy,Paralysis,subClassOf,Baseline Therapy,[inferred] Paralysis is a subclass of Baseline Therapy.,reject,,,,,Paralysis is not a subclass of Baseline Therapy; it is a specific intervention rather than a standard therapy category.,0.9,,,
385,hierarchy,Anti-hypertensives,subClassOf,Baseline Therapy,[inferred] Anti-hypertensives is a subclass of Baseline Therapy.,reject,,,,,Anti-hypertensives are not defined as Baseline Therapy in the provided context.,0.9,,,
386,hierarchy,Osmotics,subClassOf,Secondary Insult Therapy,[inferred] Osmotics is a subclass of Secondary Insult Therapy.,accept_direct,,,,,Osmotics is correctly classified as a subclass of Secondary Insult Therapy.,0.95,,,
387,hierarchy,Skull Fracture Elevation,subClassOf,Surgical Procedure,[inferred] Skull Fracture Elevation is a subclass of Surgical Procedure.,accept_direct,,,,,The triple correctly identifies Skull Fracture Elevation as a subclass of Surgical Procedure.,0.95,,,
388,hierarchy,CPP,subClassOf,Derived Parameter,Cerebral Perfusion Pressure (CPP) management,accept_direct,,,,,CPP is a subclass of Derived Parameter as defined in the ontology.,0.95,,,
389,hierarchy,Patient Transport,subClassOf,Nursing Intervention,[inferred] Patient Transport is a subclass of Nursing Intervention.,accept_direct,,,,,Patient Transport is correctly classified as a subclass of Nursing Intervention.,0.95,,,
390,hierarchy,Systemic Hypotension,subClassOf,Secondary Insult,[inferred] Systemic Hypotension is a subclass of Secondary Insult.,accept_direct,,,,,Systemic Hypotension is correctly classified as a subclass of Secondary Insult.,0.95,,,
391,hierarchy,Ventilation,subClassOf,Baseline Therapy,[inferred] Ventilation is a subclass of Baseline Therapy.,accept_direct,,,,,Ventilation is correctly classified as a subclass of Baseline Therapy in the context of TBI management.,0.95,,,
392,hierarchy,Routine Nursing Care,subClassOf,Nursing Intervention,routine nursing care,accept_direct,,,,,"Routine Nursing Care is a subclass of Nursing Intervention, aligning with the hierarchy.",0.95,,,
393,hierarchy,Antibiotics,subClassOf,Baseline Therapy,[inferred] Antibiotics is a subclass of Baseline Therapy.,accept_direct,,,,,Antibiotics is correctly classified as a subclass of Baseline Therapy.,0.95,,,
394,hierarchy,Hypotension,subClassOf,Secondary Insult,Hypotension is a recognized secondary insult after traumatic brain injury (TBI).,accept_direct,,,,,Hypotension is correctly classified as a subclass of Secondary Insult.,0.9,,,
395,hierarchy,Steroids,subClassOf,Secondary Insult Therapy,Domain-scope scaffolding: Steroids is a known subclass of Secondary Insult Therapy in the BrainIT domain.,accept_direct,,,,,Steroids is correctly classified as a subclass of Secondary Insult Therapy.,0.95,,,
396,hierarchy,Arterial Hypotension,subClassOf,Systemic Hypotension,Schema-inferred: Arterial Hypotension is a subclass of Systemic Hypotension.,accept_direct,,,,,"Arterial Hypotension is a subclass of Systemic Hypotension, which is clinically accurate.",0.95,,,
397,hierarchy,Pbro2,subClassOf,Optional Monitoring Parameter,Schema-inferred: Brain Tissue Oxygen is a subclass of Optional Monitoring Parameter.,accept_direct,,,,,PbrO2 is correctly classified as a subclass of Optional Monitoring Parameter.,0.95,,,
398,hierarchy,Electrocardiogram (ECG),subClassOf,Monitoring Data,"Minute by minute monitoring data This is the minimum minute by minute monitoring data required for inclusion in the Brain Monitoring with Information Technology (BrainIT) Database and include: Heart Rate (specifying source: Electrocardiogram (ECG) or Pulse Oximetry), Respiration Rate (sources: impedance plethmography or ventilator), Mean Arterial Pressure, mean Intracranial Pressure (ICP), Pulse Oximetry (SaO2) and Temperature (sources: rectal=oesophageal= bladder=skin.) I.",reject,,,,,Electrocardiogram (ECG) is not a subclass of Monitoring Data as defined in the ontology.,0.9,,,
399,hierarchy,Respiration Rate,subClassOf,Core Monitoring Parameter,"Minute by minute monitoring data This is the minimum minute by minute monitoring data required for inclusion in the Brain Monitoring with Information Technology (BrainIT) Database and include: Heart Rate (specifying source: Electrocardiogram (ECG) or Pulse Oximetry), Respiration Rate (sources: impedance plethmography or ventilator), Mean Arterial Pressure, mean Intracranial Pressure (ICP), Pulse Oximetry (SaO2) and Temperature (sources: rectal=oesophageal= bladder=skin.) I.",accept_direct,,,,,Respiration Rate is correctly classified as a subclass of Core Monitoring Parameter.,0.95,,,
400,hierarchy,Mean Arterial Pressure (MAP),subClassOf,Monitoring Data,"Minute by minute monitoring data This is the minimum minute by minute monitoring data required for inclusion in the Brain Monitoring with Information Technology (BrainIT) Database and include: Heart Rate (specifying source: Electrocardiogram (ECG) or Pulse Oximetry), Respiration Rate (sources: impedance plethmography or ventilator), Mean Arterial Pressure, mean Intracranial Pressure (ICP), Pulse Oximetry (SaO2) and Temperature (sources: rectal=oesophageal= bladder=skin.) I.",accept_direct,,,,,Mean Arterial Pressure (MAP) is a subclass of Monitoring Data as it is a core monitoring parameter.,0.95,,,
401,hierarchy,Sao2,subClassOf,Monitoring Data,"Minute by minute monitoring data This is the minimum minute by minute monitoring data required for inclusion in the Brain Monitoring with Information Technology (BrainIT) Database and include: Heart Rate (specifying source: Electrocardiogram (ECG) or Pulse Oximetry), Respiration Rate (sources: impedance plethmography or ventilator), Mean Arterial Pressure, mean Intracranial Pressure (ICP), Pulse Oximetry (SaO2) and Temperature (sources: rectal=oesophageal= bladder=skin.) I.",accept_direct,,,,,SaO2 is a subclass of Monitoring Data as it is a core monitoring parameter.,0.95,,,
402,hierarchy,Temperature,subClassOf,Core Monitoring Parameter,"Minute by minute monitoring data This is the minimum minute by minute monitoring data required for inclusion in the Brain Monitoring with Information Technology (BrainIT) Database and include: Heart Rate (specifying source: Electrocardiogram (ECG) or Pulse Oximetry), Respiration Rate (sources: impedance plethmography or ventilator), Mean Arterial Pressure, mean Intracranial Pressure (ICP), Pulse Oximetry (SaO2) and Temperature (sources: rectal=oesophageal= bladder=skin.) I.",accept_direct,,,,,Temperature is indeed a Core Monitoring Parameter in neurointensive care.,0.95,,,
403,hierarchy,Reading,subClassOf,Observation,define pd:Reading as a subclass of ssn:ObservationValue,reject,,,,,The relationship between Reading and Observation does not hold as defined; Reading is not a subclass of Observation.,0.85,,,
404,hierarchy,Parameter,subClassOf,Observation,pd:Parameter (representing things that were recorded) as a subclass of ssn:Property,reject,,,,,The relationship between Parameter and Observation does not hold as defined; Parameter is not a subclass of Observation.,0.9,,,
405,hierarchy,Machine,subClassOf,Sensor,defined mms:Machine as a subclass of ssn:Platform,reject,,,,,The relationship between Machine and Sensor does not hold in the context of the defined ontology.,0.9,,,
406,hierarchy,Sao2,subClassOf,Core Monitoring Parameter,[inferred] Chain-of-Layer: Sao2 is organized under Core Monitoring Parameter,accept_direct,,,,,Sao2 is correctly classified as a subclass of Core Monitoring Parameter.,0.95,,,
407,hierarchy,CPP,subClassOf,Core Monitoring Parameter,[inferred] Chain-of-Layer: Cerebral Perfusion Pressure (CPP) is organized under Core Monitoring Parameter,accept_direct,,,,,CPP is correctly classified as a subclass of Core Monitoring Parameter.,0.95,,,
408,hierarchy,CVP,subClassOf,Core Monitoring Parameter,[inferred] Chain-of-Layer: CVP is organized under Core Monitoring Parameter,accept_direct,,,,,CVP is correctly classified as a subclass of Core Monitoring Parameter.,0.95,,,
409,hierarchy,Head Injury,subClassOf,Brain Injury,[inferred] Chain-of-Layer: Head Injury is organized under Brain Injury,reject,,,,,Head Injury is not a subclass of Brain Injury in the context of the defined ontology.,0.9,,,
410,hierarchy,Neurological Injury,subClassOf,Brain Injury,[inferred] Chain-of-Layer: Neurological Injury is organized under Brain Injury,reject,,,,,Neurological Injury is not a subclass of Brain Injury as defined in the ontology.,0.9,,,
411,hierarchy,Coma,subClassOf,Brain Injury,[inferred] Chain-of-Layer: Coma is organized under Brain Injury,accept_direct,,,,,Coma is a recognized subclass of Brain Injury in the context of TBI.,0.95,,,
412,hierarchy,Hypertension,subClassOf,Secondary Insult,[inferred] Chain-of-Layer: Hypertension is organized under Secondary Insult,reject,,,,,"Hypertension is a condition, but it is not a subclass of Secondary Insult as defined in the ontology.",0.9,,,
413,hierarchy,Respiratory Distress Syndrome,subClassOf,Secondary Insult,[inferred] Chain-of-Layer: Respiratory Distress Syndrome is organized under Secondary Insult,reject,,,,,"Respiratory Distress Syndrome is not a subclass of Secondary Insult, as it is a distinct condition.",0.9,,,
414,hierarchy,Sepsis,subClassOf,Secondary Insult,[inferred] Chain-of-Layer: Sepsis is organized under Secondary Insult,accept_direct,,,,,Sepsis is correctly classified as a subclass of Secondary Insult.,0.9,,,
415,hierarchy,Adrenaline,subClassOf,Therapy,[inferred] Chain-of-Layer: Adrenaline is organized under Therapy,reject,,,,,Adrenaline is not classified as a subclass of Therapy in the BrainIT Ontology.,0.9,,,
416,hierarchy,Noradrenaline,subClassOf,Therapy,[inferred] Chain-of-Layer: Noradrenaline is organized under Therapy,revise,4.2,Noradrenaline,subClassOf,Secondary Insult Therapy,Noradrenaline should be classified under 'Secondary Insult Therapy' instead of 'Therapy'.,0.85,Noradrenaline is more specifically classified under Secondary Insult Therapy.,0.9,
417,hierarchy,Derived Parameter,subClassOf,Monitoring Data,[inferred] Derived Parameter is a subclass of Monitoring Data.,reject,,,,,Derived Parameter is not a subclass of Monitoring Data; they represent different concepts.,0.9,,,
418,hierarchy,Probable Error,subClassOf,Data Quality Assessment,a reading outside its acceptable range with no contextual clinical explanation,reject,,,,,Probable Error is not a subclass of Data Quality Assessment; they represent different concepts.,0.9,,,
419,hierarchy,Bedside Intervention,subClassOf,Nursing Intervention,"Line insertion/renewal, transducer calibration, x-ray",accept_direct,,,,,"Bedside Intervention is a specific type of Nursing Intervention, making the subclass relationship valid.",0.95,,,
420,hierarchy,CPP,subClassOf,Parameter,Cerebral perfusion pressure (CPP 1/4 Blood Pressure (BP)-ICP) monitoring is a good example.,accept_direct,,,,,CPP is a specific type of parameter related to physiological measurement.,0.95,,,
421,hierarchy,Brain Temperature,subClassOf,Optional Monitoring Parameter,Domain-scope scaffolding: Brain Temperature is a known subclass of Optional Monitoring Parameter in the BrainIT domain.,accept_direct,,,,,Brain Temperature is correctly classified as a subclass of Optional Monitoring Parameter.,0.95,,,
422,hierarchy,Microdialysis,subClassOf,Optional Monitoring Parameter,Domain-scope scaffolding: Microdialysis is a known subclass of Optional Monitoring Parameter in the BrainIT domain.,accept_direct,,,,,Microdialysis is correctly classified as a subclass of Optional Monitoring Parameter.,0.95,,,
423,hierarchy,Evacuation of Mass Lesion,subClassOf,Surgical Procedure,Domain-scope scaffolding: Evacuation of Mass Lesion is a known subclass of Surgical Procedure in the BrainIT domain.,accept_direct,,,,,Evacuation of Mass Lesion is correctly classified as a subclass of Surgical Procedure.,0.95,,,
424,hierarchy,Adrenaline,subClassOf,Vasopressors,Schema-inferred: Adrenaline is a subclass of Vasopressors.,accept_direct,,,,,Adrenaline is correctly classified as a subclass of Vasopressors in the context of critical care.,0.95,,,
