triple_index,kind,subject,relation,object,evidence,verdict,revise_subtype,suggested_subject,suggested_relation,suggested_object,justification,confidence,stage_b_justification,stage_b_confidence,flags
0,relation,Decompressive Craniectomy,has outcome,Outcome,The outcome was captured at six months using the extended Glasgow Outcome Scale (GOSE).,accept_direct,,,,,Decompressive Craniectomy hasOutcome Outcome is a valid relationship as surgical procedures are associated with patient outcomes in neurointensive care.,0.9,,,
1,relation,Intracranial Pressure (ICP),isMonitoredBy,Traumatic Brain Injury,one of the cornerstones of brain-protective strategies is to reduce and control intracranial pressure (ICP),accept_direct,,,,,"Intracranial Pressure (ICP) is monitored in patients with Traumatic Brain Injury, establishing a direct relationship between the two classes.",0.95,,,
2,relation,Intracranial Hypertension,is associated with,Mortality,Uncontrollable intracranial hypertension is a major cause of death in patients with severe traumatic brain injury.,accept_direct,,,,,"Intracranial Hypertension is associated with Mortality as it is a known cause of death in severe traumatic brain injury patients, directly linking the two classes.",0.9,,,
3,relation,Decompressive Craniectomy,targetsCondition,Intracranial Hypertension,patients with intracranial hypertension treated conservatively were excluded.,accept_direct,,,,,"Decompressive Craniectomy targets Condition Intracranial Hypertension, as it is a surgical procedure aimed at relieving elevated intracranial pressure, directly addressing the condition.",0.9,,,
4,relation,GCS Assessment,assesses,Motor Impairment,The Glasgow Motors Score was used for assessing motor impairment.,accept_direct,,,,,"GCS Assessment assesses Motor Impairment, as the GCS is used to evaluate neurological status including motor function after brain injury.",0.95,,,
5,relation,Secondary Insult,is associated with,Hypotension,"Hypoxia and arterial hypotension were found in 10.0% and 6.1%, respectively.",accept_direct,,,,,"Secondary Insult is associated with Hypotension, as both are recognized conditions in neurointensive care, and the relationship is clinically valid.",0.9,,,
6,relation,Traumatic Brain Injury,has outcome,Outcome,A more extensive description is provided in the Supplementary Appendix.,accept_direct,,,,,The triple 'Traumatic Brain Injury hasOutcome Outcome' is semantically correct as TBI is associated with patient outcomes in neurointensive care.,0.95,,,
7,relation,Traumatic Brain Injury,is treated with,Decompressive Craniectomy,Decompressive craniectomy (DC) as a last-tier intervention,accept_direct,,,,,Traumatic Brain Injury is treated with Decompressive Craniectomy is a valid direct relationship as DC is a recognized therapy for TBI.,0.95,,,
8,relation,Decompressive Craniectomy,isMonitoredBy,Intracranial Pressure (ICP),Mean intracranial pressure (ICP) pre-Decompressive craniectomy (DC),accept_direct,,,,,"Decompressive Craniectomy is a surgical procedure that can be monitored by Intracranial Pressure (ICP), which is a valid monitoring parameter in the neurointensive care context.",0.9,,,
9,relation,Cerebral Perfusion Pressure (CPP),influences,Intracranial Pressure (ICP),Mean intracranial pressure (ICP)/Cerebral Perfusion Pressure (CPP),accept_direct,,,,,"Cerebral Perfusion Pressure (CPP) influences Intracranial Pressure (ICP) as both are critical parameters in neurological assessments, directly related in the context of TBI.",0.9,,,
10,relation,Decompressive Craniectomy,reduces,Mean Intracranial Pressure,it effectively reduces Mean intracranial pressure (ICP),accept_direct,,,,,Decompressive Craniectomy reduces Mean Intracranial Pressure is clinically valid as it directly addresses the relationship between the procedure and its effect on ICP.,0.9,,,
11,relation,Intracranial Pressure (ICP),has monitoring data,Traumatic Brain Injury,The BESTIntracranial pressure (ICP) monitoring is still considered to provide important information to detect and prevent secondary injury after severe Traumatic brain injury (TBI).,accept_direct,,,,,Intracranial Pressure (ICP) has monitoring data related to Traumatic Brain Injury (TBI) as both are valid classes in the neurointensive care domain.,0.95,,,
12,relation,Secondary Insult Therapy,targetsCondition,Intracranial Hypertension,"Intracranial pressures above 20 mmHg lasting longer than 37 min in adults, and longer than 8 min in children, are associated with worse outcomes.",accept_direct,,,,,Secondary Insult Therapy targets Condition Intracranial Hypertension as it is a valid treatment for this condition in neurointensive care.,0.95,,,
13,relation,Cerebral Perfusion Pressure (CPP),assesses,Intracranial Hypertension,"When the cerebral perfusion pressure is below 50 mmHg, all intracranial pressure insults, regardless of duration, are associated with worse outcome.",accept_direct,,,,,"Cerebral Perfusion Pressure (CPP) assesses Intracranial Hypertension, as CPP is critical for evaluating secondary injury risk in TBI patients.",0.95,,,
14,relation,Intracranial Pressure (ICP),has monitoring data,Monitoring Data,The BESTIntracranial pressure (ICP) and mean arterial blood pressure (MAP) monitoring data,accept_direct,,,,,Intracranial Pressure (ICP) is a Core Monitoring Parameter and thus hasMonitoringData Monitoring Data as per the hierarchical relationship in the preamble.,0.9,,,
15,relation,Traumatic Brain Injury,has monitoring data,Monitoring Data,"The present study autoregulation is intact, the transition curve shifts to the right.",accept_direct,,,,,Traumatic Brain Injury hasMonitoringData Monitoring Data is a valid direct relationship as monitoring data is collected for TBI patients in neurointensive care.,0.95,,,
16,relation,Traumatic Brain Injury,is associated with,Secondary Brain Injury,"Cerebrovascular pressure autoregulation is often impaired in severe Traumatic brain injury (TBI), and such impairment is such as the relationship between physiological thresholds and outcome.",accept_direct,,,,,The relationship 'Traumatic Brain Injury is associated with Secondary Brain Injury' is clinically valid as secondary brain injury is a consequence of TBI.,0.95,,,
17,relation,Cerebral Perfusion Pressure (CPP),assesses,Traumatic Brain Injury,"One would expect such change in recommendation to be followed, and hence to lead to alterations in Cerebral Perfusion Pressure (CPP) policy across centres.",accept_direct,,,,,Cerebral Perfusion Pressure (CPP) assesses Traumatic Brain Injury as it directly evaluates the risk of secondary injury in TBI patients.,0.9,,,
18,relation,Vasopressors,targetsCondition,Cerebral Perfusion Pressure (CPP),the non-beneficial effect of keeping Cerebral Perfusion Pressure (CPP) above 70 mmHg by administering high doses of vasopressors.,accept_direct,,,,,"Vasopressors targetsCondition CPP as they are used to manage blood pressure, directly influencing cerebral perfusion pressure in TBI patients.",0.9,,,
19,relation,Cerebral Perfusion Pressure (CPP),correlates with,Mean Arterial Pressure (MAP),Cerebral Perfusion Pressure (CPP) strongly correlated with Mean Arterial Pressure (MAP).,accept_direct,,,,,Cerebral Perfusion Pressure (CPP) correlates with Mean Arterial Pressure (MAP) as stated in the evidence; the relationship is clinically valid and direct.,0.95,,,
20,relation,Cerebral Perfusion Pressure (CPP),isInfluencedBy,Intracranial Pressure (ICP),it is influenced by Intracranial Pressure (ICP) variability,accept_direct,,,,,"Cerebral Perfusion Pressure (CPP) is directly influenced by Intracranial Pressure (ICP), as stated in the evidence provided.",0.95,,,
21,relation,Cerebral Perfusion Pressure (CPP),isDerivedFrom,Mean Arterial Pressure (MAP),Mean Arterial Pressure (MAP) variability including,accept_direct,,,,,"Cerebral Perfusion Pressure (CPP) is derived from Mean Arterial Pressure (MAP) as indicated by the relationship isDerivedFrom, which is clinically valid in neurointensive care.",0.9,,,
22,relation,Cerebral Perfusion Pressure (CPP),associates with,Acute Respiratory Distress Syndrome,acute respiratory distress syndrome (ARDS) reportedly associated with vasopressors,accept_indirect,,,,,"Cerebral Perfusion Pressure (CPP) indirectly relates to Acute Respiratory Distress Syndrome via the pathway: CPP affects outcome in TBI, which can lead to ARDS as a secondary insult.",0.7,,,low_evidence
23,relation,Cerebral Perfusion Pressure (CPP),isAssessedBy,Guideline,the Brain Trauma Foundation (BTF) guidelines issued this year,accept_indirect,,,,,"Cerebral Perfusion Pressure (CPP) is assessed via guidelines, but the relationship is indirect through clinical practice; the chain is CPP → isMonitoredBy → Guideline.",0.7,,,low_evidence
24,relation,Guideline Adherence,affectsOutcome,Traumatic Brain Injury,Guideline adherence and outcomes in severe adult traumatic brain injury,accept_indirect,,,,,Guideline Adherence affects Outcome via the pathway: Guideline Adherence → informs → Clinical Practice → affects Outcome.,0.7,,,low_evidence
25,relation,Traumatic Brain Injury,is a risk factor for,Secondary Insult,Traumatically brain injured (TBI) patients are at risk from secondary insults.,accept_direct,,,,,"Traumatic Brain Injury is a recognized risk factor for Secondary Insult, as TBI patients are at risk from secondary insults.",0.9,,,
26,relation,Hypotension,is related to,Poor Outcome,"Arterial hypotension, critically low blood pressure, is one of the most dangerous secondary insults and is related to poor outcome in patients.",accept_direct,,,,,Hypotension is related to Poor Outcome as evidenced by the text stating arterial hypotension is related to poor outcomes in patients.,0.9,,,
27,relation,Hypotension,affects outcome,Traumatic Brain Injury,there is compelling evidence that even 'minute by minute' hypotension events cumulatively can influence patient outcome.,accept_direct,,,,,Hypotension affects outcome directly as it is a recognized condition impacting the prognosis of Traumatic Brain Injury.,0.9,,,
28,relation,Traumatic Brain Injury,has monitoring data,Hypotension,both systolic and mean arterial pressure should be monitored and considered in the definition of hypotension,accept_indirect,,,,,The triple 'Traumatic Brain Injury has monitoring data Hypotension' is true via the chain: TBI affects outcome → monitoring data includes parameters like blood pressure → hypotension is a condition related to blood pressure.,0.7,,,low_evidence
29,relation,Hypotension,is a condition of,Sepsis,"for with the medical management of sepsis, it has been shown that duration of hypotension before initiation",accept_indirect,,,,,"Hypotension is a condition that can lead to poor outcomes in sepsis, connecting via the chain: Hypotension affects Outcome → Sepsis has Outcome.",0.85,,,
30,relation,Hypotension,targetsCondition,Sepsis,it has been shown that with each hour delay in treatment of hypotension leads to an increase in in-hospital mortality.,accept_indirect,,,,,Hypotension targetsCondition Sepsis is true via the chain: Hypotension affectsOutcome → Sepsis is a condition resulting from poor outcomes.,0.7,,,low_evidence
31,relation,Intracranial Pressure (ICP),affects outcome,Hypotension,Impact of Intracranial Pressure (ICP) instability and hypotension on outcome in patients with severe head trauma.,accept_direct,,,,,"Intracranial Pressure (ICP) affects outcome in Hypotension is clinically valid as ICP influences cerebral perfusion, impacting patient outcomes.",0.95,,,
32,relation,Secondary Insult,worsens,Head Trauma,Measuring the burden of secondary insults in head-injured patients during intensive care.,accept_direct,,,,,Secondary Insult worsens Head Trauma is clinically valid as secondary insults can exacerbate head injuries.,0.9,,,
33,relation,Decompressive Craniectomy,is associated with,Mean Intracranial Pressure,Decompressive craniectomy (DC) resulted in an absolute reduction in median mean Mean intracranial pressure (ICP) from 19.5 group to 13.9 mmHg.,accept_direct,,,,,Decompressive Craniectomy is associated with Mean Intracranial Pressure as a direct relationship in neurointensive care management.,0.9,,,
34,relation,Decompressive Craniectomy,is associated with,Cerebrovascular Autoregulation,"A control varying effect on Cerebral Perfusion Pressure (CPP) was seen, as well as a trend of reduction in median Pressure Reactivity Index (PRx).",accept_indirect,,,,,Decompressive Craniectomy is associated with Cerebrovascular Autoregulation indirectly through the relationship of surgical procedures affecting brain function and autoregulation mechanisms.,0.7,,,low_evidence
35,relation,Decompressive Craniectomy,has monitoring data,Monitoring Data,"patient, injury and management variables including physiological monitoring data and administration of thiopental were analysed",accept_direct,,,,,Decompressive Craniectomy hasMonitoringData Monitoring Data is valid as monitoring data is collected during surgical procedures for physiological assessment.,0.9,,,
36,relation,Decompressive Craniectomy,is associated with,Intracranial Pressure (ICP),uncontrollable intracranial hypertension is a major cause of death in patients with severe traumatic brain injury.,accept_direct,,,,,Decompressive Craniectomy is associated with Intracranial Pressure as it directly relates to managing ICP during the procedure.,0.9,,,
37,relation,Decompressive Craniectomy,isAdministeredDuring,Barbiturates,"Decompressive craniectomy (DC) was chosen as a next step, with or without first having applied third-tier medical therapy with barbiturates.",accept_indirect,,,,,Decompressive Craniectomy is associated with Barbiturates via the chain: Barbiturates is a therapy used during surgical procedures like Decompressive Craniectomy.,0.85,,,
38,relation,Patient,hasOutcome,Outcome,the outcome was captured at six months using the extended Glasgow Outcome Scale (GOSE).,accept_direct,,,,,The relationship 'Patient hasOutcome Outcome' is valid as it directly connects a Patient to an Outcome measure in the neurointensive care context.,0.9,,,
39,relation,Patient,has demographic data,Demographic Data,the collection of demographic data from traumatic brain injury (TBI) patients.,accept_direct,,,,,Patient hasDemographicData Demographic Data is a direct relationship as demographic data is collected for patients in neurointensive care.,0.9,,,
40,relation,Patient,has surgical procedure,Surgical Procedure,the physiological vital functions are extensively monitored.,accept_direct,,,,,"The relation 'has surgical procedure' directly connects 'Patient' and 'Surgical Procedure', as patients receive surgical procedures during their ICU stay for TBI.",0.9,,,
41,relation,Patient,has monitoring data,Monitoring Data,"The Brain Monitoring with Information Technology (BrainIT) network provides a more standardised and higher resolution data collection mechanism for research groups, organisations and the device industry to conduct multi-centre trials of new health care technology in patients with traumatic brain injury.",accept_direct,,,,,Patient hasMonitoringData MonitoringData is valid as monitoring data is collected from patients to assess their physiological parameters during treatment.,0.9,,,
42,relation,Patient,has clinical assessment,Clinical Assessment,the physiological vital functions are extensively monitored.,accept_direct,,,,,The relation 'has clinical assessment' directly connects 'Patient' and 'Clinical Assessment' as per the BrainIT ontology.,0.95,,,
43,relation,Patient,has outcome,Outcome,the physiological vital functions are extensively monitored.,accept_direct,,,,,The relationship 'Patient hasOutcome Outcome' is semantically correct as patients receive outcome measures in neurointensive care.,0.95,,,
44,relation,Patient,has laboratory value,Laboratory Values,the physiological vital functions are extensively monitored.,revise,4.4,Patient,hasLaboratoryValue,Laboratory Values,"The relation 'has laboratory value' should be 'hasLaboratoryValue' as it must connect a Patient to an analyte, not a panel.",0.9,The relation 'has laboratory value' should be 'hasLaboratoryValue' to align with the correct ontology naming conventions.,1.0,
45,relation,Patient,has nursing intervention,Nursing Intervention,"Routine nursing care, physiotherapy, or bedside clinical activities",accept_direct,,,,,The relationship 'Patient has nursing intervention Nursing Intervention' is semantically correct as nursing interventions are activities performed for patients in neurointensive care.,0.9,,,
46,relation,Patient,hasTimepoint,Session,a live clinical environment to test the data collection systems.,accept_direct,,,,,Patient hasTimepoint Session is a valid direct relationship as a patient in ICU is monitored through sessions comprising timepoints.,0.9,,,
47,relation,Session,has timepoint,Timepoint,minute-by-minute physiological data from bedside monitors.,accept_direct,,,,,"Session has timepoint is a direct relationship between the classes Session and Timepoint, as timepoints are discrete moments in a continuous monitoring session.",0.9,,,
48,relation,Timepoint,has monitoring data,Observation,minute-by-minute physiological data from bedside monitors.,accept_direct,,,,,"Timepoint hasMonitoringData Observation is valid as Timepoint is associated with sensor readings, which are a type of Observation.",0.9,,,
49,relation,Observation,measures parameter,Parameter,the physiological vital functions are extensively monitored.,accept_direct,,,,,Observation measuresParameter Parameter is a valid direct relationship as Observation includes physiological readings that measure parameters.,0.95,,,
50,relation,Observation,produced by sensor,Sensor,the physiological vital functions are extensively monitored.,accept_direct,,,,,"Observation is produced by Sensor, as Sensors are used to record physiological parameters, aligning with the definitions provided in the preamble.",0.9,,,
51,relation,Observation,has quality assessment,Data Quality Assessment,the physiological vital functions are extensively monitored.,accept_direct,,,,,Observation has quality assessment Data Quality Assessment is a valid relationship as Data Quality Assessment evaluates the quality of recorded observations.,0.9,,,
52,relation,Data Quality Assessment,associated with condition,Condition,the physiological vital functions are extensively monitored.,accept_indirect,,,,,"DataQualityAssessment is associated with Condition via a chain of concepts: DataQualityAssessment assesses Observation, which measures Parameter, linked to Patient, who has Condition.",0.7,,,low_evidence
53,relation,Data Quality Assessment,isAssociatedWith,Therapy,the physiological vital functions are extensively monitored.,accept_indirect,,,,,"Data Quality Assessment is associated with Therapy via a chain: Data Quality Assessment assesses Monitoring Data, which is related to Therapy through patient interventions.",0.7,,,low_evidence
54,relation,Arterial Hypotension,isAssociatedWith,Barbiturates,administration of hyperosmolar molecules were used at the discretion of the managing teams.,accept_indirect,,,,,"Arterial Hypotension is associated with Barbiturates via the chain: Arterial Hypotension affects Outcome → Barbiturates are used in treatment, making the relationship valid indirectly.",0.7,,,low_evidence
55,relation,Brain Injury,is associated with,Traumatic Brain Injury,Decompressive craniectomy as a second/third-tier intervention in traumatic brain injury,accept_direct,,,,,"Brain Injury is associated with Traumatic Brain Injury as TBI is a subclass of Brain Injury, making the relationship valid.",0.9,,,
56,relation,Patient,hasOutcome,Outcome,demonstrated a decrease in mortality with similar rates of favorable outcome,accept_direct,,,,,The relationship 'Patient hasOutcome Outcome' is semantically correct as outcomes are measures associated with patients in the neurointensive care context.,0.9,,,
57,relation,Cranial Injuries,is a type of,Injuries,the occurrence of arterial hypotension (systolic pressure less than 90 mmHg) and hypoxia (SaO2 below 90%) at baseline,accept_direct,,,,,"Cranial Injuries is a subclass of Injuries as both are valid classes in the neurointensive care context, with Cranial Injuries being a specific type of physical damage.",0.95,,,
58,relation,NIBP,is a type of,Monitoring Data,Mean arterial blood pressure (MAP) and Mean intracranial pressure (ICP),accept_direct,,,,,"NIBP is a subclass of Monitoring Data as it is an optional BrainIT parameter, fitting the hierarchical structure in the preamble.",0.95,,,
59,relation,Pressure Reactivity Index (PRx),is a type of,Core Monitoring Parameter,Pressure Reactivity Index (PRx) is the moving correlation between mean arterial blood pressure (MAP) and Mean intracranial pressure (ICP).,accept_direct,,,,,"Pressure Reactivity Index (PRx) is classified as a Core Monitoring Parameter in the preamble, confirming the direct relationship.",1.0,,,
60,relation,Noradrenaline,targetsCondition,Hypotension,the time and dose of a bolus of Noradrenaline,accept_direct,,,,,Noradrenaline targetsCondition Hypotension is a valid relationship as Noradrenaline is used to treat low blood pressure in clinical practice.,0.9,,,
61,relation,Cerebrovascular Autoregulation,influences,Cerebral Perfusion Pressure (CPP),the presence (or not) of cerebral autoregulation,accept_direct,,,,,Cerebrovascular Autoregulation influences Cerebral Perfusion Pressure is a clinically valid relationship in neurointensive care.,0.95,,,
62,relation,Partial Pressure of Brain Tissue Oxygen,hasTimepoint,Measurement Time,Partial pressure of brain tissue oxygen over intracranial pressure stratified by days in Intensive Care Unit (ICU),accept_direct,,,,,Partial Pressure of Brain Tissue Oxygen hasTimepoint Measurement Time is a valid relationship as time points are directly associated with physiological measurements in the ICU.,0.9,,,
63,relation,PbrO2,isMonitoredBy,Intracranial Pressure (ICP),an overall increase in Regression model of partial pressure of brain tissue oxygen (PbtO2) of 5.2% for a 10 mmHg increase in Intracranial Pressure (ICP),accept_direct,,,,,"PbrO2 isMonitoredBy ICP is a valid relationship as ICP influences cerebral perfusion, which is critical for assessing PbrO2.",0.9,,,
64,relation,Partial Pressure of Carbon Dioxide,affectsOutcome,PbrO2,a decrease of 0.16% from a unit increase in Mean Arterial Pressure (MAP) and a Regression model of partial pressure of brain tissue oxygen (PbtO2) decrease of 0.16% from a unit increase in PaCO2,accept_indirect,,,,,Partial Pressure of Carbon Dioxide indirectly affects PbrO2 through the relationship of carbon dioxide levels influencing oxygen levels in brain tissue; a traceable chain exists.,0.7,,,low_evidence
65,relation,Intracranial Pressure (ICP),has outcome,Outcome,median extended Glasgow outcome scale of 7.00,accept_direct,,,,,Intracranial Pressure (ICP) hasOutcome Outcome is a valid direct relationship as ICP is a critical parameter influencing patient outcomes in neurointensive care.,0.9,,,
66,relation,Intracranial Hypertension,isMonitoredBy,Cerebral Perfusion Pressure (CPP),the impact of autoregulation on Regression model of partial pressure of brain tissue oxygen (PbtO2) cannot be directly assessed.,accept_direct,,,,,Intracranial Hypertension isMonitoredBy Cerebral Perfusion Pressure is valid as CPP is a core monitoring parameter for conditions like intracranial hypertension.,0.95,,,
67,relation,Hypotension,is associated with,Traumatic Brain Injury,guarding against hypotensive conditions in Traumatic Brain Injury (TBI) patients.,accept_direct,,,,,Hypotension is associated with Traumatic Brain Injury as both are valid classes in the BrainIT ontology and the relationship holds directly between them.,0.95,,,
68,relation,Intracranial Hypertension,affectsOutcome,Traumatic Brain Injury,episodes of increased intracranial pressure (ICP) and worse clinical outcomes,accept_direct,,,,,Intracranial Hypertension affectsOutcome Traumatic Brain Injury is a valid direct relationship as elevated intracranial pressure can worsen clinical outcomes in TBI patients.,0.9,,,
69,relation,Cerebral Perfusion Pressure (CPP),assesses,Intracranial Hypertension,the ability to tolerate elevated intracranial pressures is reduced.,accept_direct,,,,,"Cerebral Perfusion Pressure (CPP) assesses Intracranial Hypertension, as CPP is directly related to monitoring and evaluating intracranial pressure conditions in TBI patients.",0.9,,,
70,relation,Cerebral Perfusion Pressure (CPP),is associated with,Intracranial Pressure (ICP),Role of Cerebral Perfusion Pressure (CPP),accept_direct,,,,,Cerebral Perfusion Pressure (CPP) is directly associated with Intracranial Pressure (ICP) as both are critical parameters in neurological assessments.,0.9,,,
71,relation,Intracranial Pressure (ICP),associated with condition,Mortality,"when Cerebral Perfusion Pressure (CPP) was below 50 mmHg, almost all The BESTIntracranial pressure (ICP) insults were associated with worse outcome",accept_direct,,,,,"Intracranial Pressure (ICP) is clinically associated with Mortality, reflecting the direct impact of ICP on patient outcomes.",0.9,,,
72,relation,Mean Arterial Pressure (MAP),isARiskFactorFor,Hypotension,our analysis shows that most events are triggered by a drop in mean arterial pressure.,accept_direct,,,,,"Mean Arterial Pressure (MAP) is clinically recognized as a risk factor for Hypotension, directly linking the two classes.",0.95,,,
73,relation,Hypotension,relates to clinical outcome,Brain Injury,arterial hypotension consistently relate to clinical outcome,accept_direct,,,,,Hypotension relates to clinical outcome as it is a known condition that can lead to poor outcomes in patients with Brain Injury.,0.9,,,
74,relation,Mean Arterial Pressure (MAP),calculatesFrom,Cerebral Perfusion Pressure (CPP),"which uses cerebral perfusion pressure (CPP), which of course uses Java-Based Software BPm in its calculation.",accept_indirect,,,,,"Mean Arterial Pressure (MAP) indirectly calculates from Cerebral Perfusion Pressure (CPP) through physiological relationships, as CPP is derived from MAP and ICP.",0.85,,,
75,relation,Intracranial Pressure (ICP),affectsOutcome,Outcome,Impact of Intracranial Pressure (ICP) instability and hypotension on outcome in patients with severe head trauma.,accept_direct,,,,,"Intracranial Pressure (ICP) affects Outcome, as the relationship is clinically valid in assessing patient outcomes in neurointensive care.",0.9,,,
76,relation,Cerebral Perfusion Pressure (CPP),calculatesFrom,Mean Arterial Pressure (MAP),its role in calculating Cerebral Perfusion Pressure (CPP),accept_direct,,,,,"Cerebral Perfusion Pressure (CPP) calculatesFrom Mean Arterial Pressure (MAP) is a valid direct relationship in neurointensive care, as CPP is derived from MAP.",0.95,,,
77,relation,Treatment Data,informs,Clinical Practice,Accurate and comprehensive treatment data,reject,,,,,judge output unparseable; defaulted to reject,0.0,,,parse_error
78,relation,Clinical Reminders,enhances,Guideline Adherence,clinical reminders (automated interventions),accept_direct,,,,,Clinical Reminders enhances Guideline Adherence as it directly supports adherence to established clinical guidelines.,0.9,,,
79,relation,Guideline Adherence,has outcome,Outcome,Several studies have been conducted that show dropping mortality rates and improved long-term outcomes since the adoption and spread of use of these guidelines.,accept_direct,,,,,Guideline Adherence hasOutcome Outcome is a valid relationship as outcomes are measures of patient outcomes influenced by guideline adherence.,0.9,,,
80,relation,Respiration Rate,has monitoring data,Impedance Plethmography,Respiration Rate (sources: impedance plethmography or ventilator),accept_direct,,,,,"Respiration Rate is a Core Monitoring Parameter, and Impedance Plethmography is a valid method for monitoring it, making the relationship direct.",0.9,,,
81,relation,Respiration Rate,has monitoring data,Ventilator,Respiration Rate (sources: impedance plethmography or ventilator),accept_direct,,,,,Respiration Rate is a Core Monitoring Parameter and Ventilator is a Monitoring Data class; the relationship holds directly as Respiration Rate hasMonitoringData Ventilator.,0.95,,,
82,relation,Mean Arterial Pressure (MAP),has monitoring data,Monitoring Data,Mean Arterial Pressure,accept_direct,,,,,Mean Arterial Pressure (MAP) is a Core Monitoring Parameter and thus hasMonitoringData Monitoring Data as per the hierarchical relationship in the preamble.,0.9,,,
83,relation,GCS Assessment,hasClinicalAssessment,Patient,Glasgow Coma Scale (GCS) scores,accept_direct,,,,,GCS Assessment has a direct relationship with Patient as it is a clinical assessment used for patients in neurointensive care.,0.95,,,
84,relation,Vasopressors,targetsCondition,Hypotension,arterial pressors may be given to treat systemic hypotension,accept_direct,,,,,Vasopressors targetsCondition Hypotension is clinically valid as vasopressors are used to treat low blood pressure in critical care settings.,0.9,,,
85,relation,Cerebral Perfusion Pressure (CPP),isMonitoredBy,Respiratory Distress Syndrome,"aggressive management of Cerebral Perfusion Pressure (CPP) > 70 mmHg, although reducing the incidence of jugular venous desaturations < 50%, increased the incidence of acute respiratory distress syndrome and worsened neurological outcome.",reject,,,,,"Cerebral Perfusion Pressure (CPP) is not a condition and cannot be monitored by Respiratory Distress Syndrome, which is a condition, not a monitoring method.",0.9,,,
86,relation,Brain Injury,has monitoring data,Monitoring Data,"collection of admission, monitoring, treatment and outcome data from patients with brain injury.",accept_direct,,,,,Brain Injury has monitoring data Monitoring Data is a direct relationship as monitoring data is collected to assess physiological parameters in patients with brain injury.,0.9,,,
87,relation,Brain Injury,has outcome,Outcome Data,"collection of admission, monitoring, treatment and outcome data from patients with brain injury.",accept_indirect,,,,,Brain Injury hasOutcome Outcome Data via the chain: Brain Injury → isAssociatedWith → Outcome Data.,0.7,,,low_evidence
88,relation,Brain Injury,receivesTherapy,Therapy,"aid health authorities to monitor, maintain and raise intra and trans-national standards in the management of patients with brain injury.",accept_direct,,,,,Brain Injury receivesTherapy Therapy is semantically correct as brain injuries are treated with various therapies in neurointensive care.,0.95,,,
89,relation,Patient,has monitoring data,Observation,pd:Patient as a ssn:FeatureOfInterest,accept_direct,,,,,Patient hasMonitoringData Observation is a direct relationship as monitoring data is essential for patient care in neurointensive settings.,0.95,,,
90,relation,Timepoint,is associated with,Reading,Each Timepoint is associated with a set of Readings,accept_direct,,,,,"Timepoint is associated with Reading as each Timepoint corresponds to a set of Readings, confirming the direct relationship.",0.95,,,
91,relation,Sensor,produced by sensor,Reading,the machines/sensors that produced them,accept_direct,,,,,The relation 'produced by sensor' directly connects 'Sensor' and 'Reading' as sensors produce readings in the neurointensive care context.,0.95,,,
92,relation,Sepsis,is associated with,Outcome Data,Improving the standards and resolution for multicentre data collection will also impact upon the assessment of new medical technology of relevance to the medical device industry.,accept_indirect,,,,,"Sepsis is associated with Outcome Data indirectly through the relationship of Sepsis affecting outcomes in TBI patients, making the connection valid via intermediate concepts.",0.7,,,low_evidence
93,relation,Arterial Pressors,targets condition,Arterial Hypotension,targets condition(Hypotension → Vasopressors),accept_direct,,,,,Arterial Pressors targets Condition Arterial Hypotension is a valid relationship in neurointensive care as arterial pressure agents are used to treat low blood pressure.,0.9,,,
94,relation,Patient,hasClinicalAssessment,Clinical Assessment,has clinical assessment(Patient → Clinical Assessment),accept_direct,,,,,The relationship 'Patient hasClinicalAssessment Clinical Assessment' holds directly as patients receive clinical assessments in neurointensive care.,0.95,,,
95,relation,Error,is associated with,Monitoring Data,monitoring indicates condition(Monitoring Data → Condition),accept_indirect,,,,,Error is associated with Monitoring Data via the chain: Error → affects Outcome → hasMonitoringData → Monitoring Data.,0.8,,,
96,relation,Injuries,affectsOutcome,Outcome Data,has outcome(Brain Injury → Outcome Data),accept_direct,,,,,Injuries affectsOutcome Outcome Data is a valid relationship as injuries can impact the outcomes of medical interventions.,0.95,,,
97,relation,Monitoring Data,hasProvenance,Provenance,has monitoring data(Patient → Monitoring Data),reject,,,,,The relation 'hasProvenance' does not hold between 'Monitoring Data' and 'Provenance' as they are not directly related in the context of the BrainIT ontology.,0.9,,,
98,relation,Adverse Event,is associated with,Clinical Outcome,[inferred] cluster completion,accept_direct,,,,,"Adverse Event is associated with Clinical Outcome as both are valid classes in the neurointensive care context, confirming the relationship is semantically correct.",0.9,,,
99,relation,Clinical Outcome,is influenced by,Patient Interventions,[inferred] cluster completion,accept_direct,,,,,"ClinicalOutcome is influenced by PatientInterventions, as interventions directly affect patient outcomes in neurointensive care.",0.9,,,
100,relation,Clinical Outcome,hasOutcome,Outcome Data,[inferred] cluster completion,accept_direct,,,,,"Clinical Outcome hasOutcome Outcome Data is a valid relationship as Outcome Data pertains to the results of medical care, which is directly related to Clinical Outcome.",0.9,,,
101,relation,Clinical Practice,is influenced by,Clinical Reminders,[inferred] cluster completion,accept_direct,,,,,"Clinical Practice is influenced by Clinical Reminders as both are valid classes in the BrainIT ontology, with the relationship being clinically plausible.",0.9,,,
102,relation,Clinical Reminders,informs,Patient Interventions,[inferred] cluster completion,accept_indirect,,,,,"Clinical Reminders indirectly informs Patient Interventions through adherence to guidelines, which affects the interventions taken.",0.7,,,low_evidence
103,relation,Data Quality Assessment,assesses,Monitoring Data,[inferred] cluster completion,accept_direct,,,,,DataQualityAssessment assesses MonitoringData as both classes are valid in the context of evaluating ICU data quality and monitoring physiological parameters.,0.9,,,
104,relation,Injuries,is a risk factor for,Adverse Event,[inferred] cluster completion,accept_indirect,,,,,"Injuries is a subclass of Condition, which is a risk factor for Adverse Event, making the relationship true indirectly through the subclass chain.",0.85,,,
105,relation,Core Monitoring Parameter,isMonitoredBy,Monitoring Data,[inferred] cluster completion,accept_direct,,,,,Core Monitoring Parameter is a subclass of Monitoring Data as per the preamble's hierarchical structure.,1.0,,,
106,relation,Monitoring Data,produced by sensor,Sensor,[inferred] cluster completion,accept_direct,,,,,"MonitoringData is produced by Sensor, which is a valid relationship in the context of physiological monitoring.",0.9,,,
107,relation,Outcome,is related to,Clinical Outcome,[inferred] cluster completion,accept_indirect,,,,,"Outcome is related to Clinical Outcome via the broader concept of patient health status post-treatment, which connects both classes indirectly.",0.7,,,low_evidence
108,relation,Outcome Data,is associated with,Clinical Outcome,[inferred] cluster completion,accept_direct,,,,,Outcome Data is associated with Clinical Outcome as both are related to the results of medical treatment or intervention in the neurointensive care context.,0.9,,,
109,relation,Physiological Data,is monitored by,Core Monitoring Parameter,[inferred] cluster completion,accept_indirect,,,,,Physiological Data indirectly relates to Core Monitoring Parameter through the subclass relationship of monitoring parameters within the ontology.,0.7,,,low_evidence
110,relation,Probable Error,is a type of,Error,[inferred] cluster completion,accept_direct,,,,,"Probable Error is a type of Error, which aligns with the definition of Error as an identified issue in recorded medical data.",0.9,,,
111,relation,Provenance,is associated with,Monitoring Data,[inferred] cluster completion,accept_direct,,,,,Provenance is associated with Monitoring Data as both are relevant in the context of patient observations and data collection in neurointensive care.,0.9,,,
112,relation,Therapy,is administered during,Patient Interventions,[inferred] cluster completion,accept_direct,,,,,"Therapy is administered during Patient Interventions, which is a direct relationship as per the domain context.",0.95,,,
113,relation,Treatment Data,is associated with,Therapy,[inferred] cluster completion,accept_direct,,,,,"Treatment Data is associated with Therapy as it pertains to the information regarding treatments administered to patients, which aligns with the ontology's structure.",0.9,,,
114,relation,Acute Respiratory Distress Syndrome,is associated with,Vasopressors,[inferred] cluster completion,accept_indirect,,,,,Acute Respiratory Distress Syndrome is associated with Vasopressors indirectly through their roles in critical care management of conditions affecting blood pressure.,0.85,,,
115,relation,Adrenaline,is administered during,Hypotension,[inferred] cluster completion,accept_direct,,,,,"Adrenaline is administered during Hypotension, as it is a treatment for this condition in neurointensive care.",0.9,,,
116,relation,Hypertension,is influenced by,Noradrenaline,[inferred] cluster completion,accept_direct,,,,,"Hypertension is influenced by Noradrenaline, as Noradrenaline is known to increase blood pressure, directly linking the two classes.",0.9,,,
117,relation,Hypertension,is influenced by,Adrenaline,[inferred] cluster completion,accept_indirect,,,,,"Hypertension is influenced by Adrenaline indirectly through its role in regulating blood pressure, making the relationship valid via a chain of physiological mechanisms.",0.85,,,
118,relation,Noradrenaline,targetsCondition,Hypotension,[inferred] cluster completion,accept_direct,,,,,Noradrenaline targetsCondition Hypotension is clinically valid as Noradrenaline is used to treat low blood pressure in critically ill patients.,0.9,,,
119,relation,Hypotension,isTreatedWith,Adrenaline,[inferred] cluster completion,revise,4.4,Hypotension,receivesTherapy,Adrenaline,The relation 'isTreatedWith' should be changed to 'receivesTherapy' as Adrenaline is a therapy used for treating Hypotension.,0.9,isTreatedWith should be changed to receivesTherapy as Adrenaline is a therapy used for treating Hypotension.,1.0,
120,relation,Mean Arterial Pressure (MAP),is monitored by,Sensor,[inferred] cluster completion,accept_direct,,,,,"Mean Arterial Pressure (MAP) is monitored by Sensor, aligning with the definition of monitoring data in the preamble.",0.9,,,
121,relation,Noradrenaline,is administered during,Hypotension,[inferred] cluster completion,accept_direct,,,,,"Noradrenaline is administered during Hypotension, as it is a treatment for low blood pressure.",0.95,,,
122,relation,Noradrenaline,targetsCondition,Hypotension,[inferred] cluster completion,accept_direct,,,,,Noradrenaline targetsCondition Hypotension is clinically valid as Noradrenaline is used to treat low blood pressure in critically ill patients.,0.9,,,
123,relation,Sepsis,is associated with,Hypotension,[inferred] cluster completion,accept_direct,,,,,"Sepsis is associated with Hypotension, as both are valid subclasses of Condition in the neurointensive care context.",0.95,,,
124,relation,Septic Shock,is associated with,Hypotension,[inferred] cluster completion,accept_direct,,,,,Septic Shock is associated with Hypotension as both are valid conditions in the neurointensive care context.,0.9,,,
125,relation,Vasopressors,targetsCondition,Systemic Hypotension,[inferred] cluster completion,accept_direct,,,,,Vasopressors targetsCondition Systemic Hypotension is clinically valid as vasopressors are used to treat low blood pressure directly.,0.9,,,
126,relation,Vasopressors,is administered during,Systemic Hypotension,[inferred] cluster completion,accept_direct,,,,,Vasopressors is administered during Systemic Hypotension is a valid relationship as vasopressors are used to treat low blood pressure in critical care settings.,0.9,,,
127,relation,Brain Injury,is a condition of,Patient,[inferred] cluster completion,accept_direct,,,,,"Brain Injury is a subclass of Condition, and the relationship 'is a condition of' holds directly between them.",1.0,,,
128,relation,Brain Injury,is associated with,Cranial Injuries,[inferred] cluster completion,accept_direct,,,,,"Brain Injury is associated with Cranial Injuries as both relate to traumatic events affecting the brain and skull, respectively.",0.9,,,
129,relation,Brain Injury,is influenced by,Guideline Adherence,[inferred] cluster completion,accept_indirect,,,,,Brain Injury is influenced by Guideline Adherence indirectly through the relationship of clinical practice affecting treatment approaches for brain injuries.,0.8,,,
130,relation,Cranial Injuries,is associated with,Brain Injury,[inferred] cluster completion,accept_direct,,,,,Cranial Injuries is associated with Brain Injury as both are linked through trauma-related mechanisms in neurointensive care.,0.9,,,
131,relation,Cranial Injuries,is a condition of,Patient,[inferred] cluster completion,accept_direct,,,,,"Cranial Injuries is a subclass of Brain Injury, which is a subclass of Condition; thus, the relationship holds directly.",0.95,,,
132,relation,Demographic Data,hasDemographicData,Patient,[inferred] cluster completion,accept_direct,,,,,Demographic Data hasDemographicData Patient is a valid relationship as Patient receives demographic and clinical admission data.,0.9,,,
133,relation,Extracranial Injury,is associated with,Brain Injury,[inferred] cluster completion,accept_direct,,,,,"Extracranial Injury is associated with Brain Injury, as both are relevant to the management of brain injuries in neurointensive care.",0.9,,,
134,relation,Guideline,informs,Guideline Adherence,[inferred] cluster completion,accept_direct,,,,,Guideline informs Guideline Adherence is a direct relationship as adherence is based on established guidelines.,0.9,,,
135,relation,Guideline Adherence,is associated with,Guideline,[inferred] cluster completion,accept_direct,,,,,"Guideline Adherence is associated with Guideline, as clinical practice aligns with established guidelines.",0.9,,,
136,relation,Guideline Adherence,affects outcome,Traumatic Brain Injury,[inferred] cluster completion,accept_indirect,,,,,"Guideline Adherence affects outcome indirectly through its influence on clinical practice, which in turn impacts Traumatic Brain Injury outcomes.",0.7,,,low_evidence
137,relation,Head Injury,is a condition of,Patient,[inferred] cluster completion,accept_direct,,,,,"Head Injury is a subclass of Brain Injury, which is a condition that affects a Patient receiving neurointensive care.",0.9,,,
138,relation,Head Injury,is associated with,Brain Injury,[inferred] cluster completion,accept_direct,,,,,Head Injury is associated with Brain Injury as both are valid subclasses of injury types in the neurointensive care context.,0.9,,,
139,relation,Head Trauma,is a condition of,Patient,[inferred] cluster completion,accept_direct,,,,,"Head Trauma is a subclass of Brain Injury, which is a condition of Patient as per the preamble.",0.9,,,
140,relation,Head Trauma,is associated with,Traumatic Brain Injury,[inferred] cluster completion,accept_direct,,,,,"Head Trauma is associated with Traumatic Brain Injury as both are valid subclasses of Brain Injury, establishing a direct relationship.",0.9,,,
141,relation,Traumatic Brain Injury,isARiskFactorFor,Mortality,[inferred] cluster completion,accept_direct,,,,,"Traumatic Brain Injury is a recognized risk factor for Mortality in the neurointensive care context, directly linking the two classes.",0.95,,,
142,relation,Neurological Injury,is a condition of,Patient,[inferred] cluster completion,accept_direct,,,,,"Neurological Injury is a subclass of Brain Injury, which is a condition of Patient as per the preamble.",0.9,,,
143,relation,Patient,is associated with,Brain Injury,[inferred] cluster completion,accept_direct,,,,,"The relationship 'Patient is associated with Brain Injury' is semantically correct as patients with TBI have brain injuries, directly linking the two classes.",0.95,,,
144,relation,Traumatic Brain Injury,is a condition of,Patient,[inferred] cluster completion,accept_direct,,,,,"Traumatic Brain Injury is a subclass of Condition, and Patient is the individual receiving care for that condition, establishing a direct relationship.",0.95,,,
145,relation,Traumatic Brain Injury,is associated with,Head Trauma,[inferred] cluster completion,accept_direct,,,,,Traumatic Brain Injury is associated with Head Trauma as both are valid subclasses of Brain Injury and the relationship holds directly.,0.95,,,
146,relation,Traumatic Brain Injury,is influenced by,Guideline Adherence,[inferred] cluster completion,accept_indirect,,,,,The relationship 'Traumatic Brain Injury is influenced by Guideline Adherence' is valid through the chain: Guideline Adherence → informs → clinical practice → affects outcomes related to Traumatic Brain Injury.,0.8,,,
147,relation,Traumatic Intracranial Hypertension,is a condition of,Patient,[inferred] cluster completion,accept_direct,,,,,"Traumatic Intracranial Hypertension is a subclass of Condition, and Patient is the individual receiving care, making the relationship valid.",0.95,,,
148,relation,Traumatic Intracranial Hypertension,is associated with,Traumatic Brain Injury,[inferred] cluster completion,accept_direct,,,,,"Traumatic Intracranial Hypertension is associated with Traumatic Brain Injury as both are valid subclasses of Brain Injury, establishing a direct relationship.",0.9,,,
149,relation,Anterior Fossa Repair,has surgical procedure,Surgical Procedure,[inferred] cluster completion,accept_direct,,,,,The triple 'Anterior Fossa Repair has surgical procedure Surgical Procedure' is correct as 'Anterior Fossa Repair' is a valid subclass of 'Surgical Procedure'.,0.95,,,
150,relation,CT Scan Assessment,assesses,Coma,[inferred] cluster completion,accept_direct,,,,,CT Scan Assessment assesses Coma directly as it evaluates the state of prolonged unconsciousness.,0.95,,,
151,relation,Extra Ventricular Drain Placement,isAdministeredDuring,Intensive Care Management,[inferred] cluster completion,accept_direct,,,,,"Extra Ventricular Drain Placement is a procedure that is part of Intensive Care Management, making the relationship valid directly.",0.9,,,
152,relation,Intensive Care Management,has clinical assessment,Clinical Assessment,[inferred] cluster completion,accept_direct,,,,,Intensive Care Management hasClinicalAssessment Clinical Assessment is a valid relationship as per the BrainIT ontology.,0.9,,,
153,relation,Intensive Care Management,has monitoring data,Laboratory Values,[inferred] cluster completion,accept_direct,,,,,Intensive Care Management hasMonitoringData Laboratory Values is valid as Laboratory Values are routine tests performed during ICU management.,0.9,,,
154,relation,Nursing Intervention,is administered during,Session,[inferred] cluster completion,accept_direct,,,,,Nursing Intervention is administered during Session is a valid direct relationship in the context of ICU management.,0.9,,,
155,relation,Barbiturates,is administered during,Decompressive Craniectomy,[inferred] cluster completion,accept_direct,,,,,Barbiturates is administered during Decompressive Craniectomy is a valid direct relationship as Barbiturates are used in sedation during surgical procedures.,0.9,,,
156,relation,Cerebrovascular Autoregulation,is influenced by,Decompressive Craniectomy,[inferred] cluster completion,accept_indirect,,,,,Cerebrovascular Autoregulation is influenced by Decompressive Craniectomy through the pathway of surgical intervention affecting brain pressure regulation.,0.85,,,
157,relation,Evacuation of Mass Lesion,isAssociatedWith,Decompressive Craniectomy,[inferred] cluster completion,accept_indirect,,,,,"Evacuation of Mass Lesion isAssociatedWith Decompressive Craniectomy via the chain: Evacuation of Mass Lesion is a type of Surgical Procedure, and Decompressive Craniectomy is also a Surgical Procedure.",0.85,,,
158,relation,Jugular Venous Desaturation,is monitored by,Jugular Venous Oxygen Saturation,[inferred] cluster completion,accept_direct,,,,,"Jugular Venous Desaturation is monitored by Jugular Venous Oxygen Saturation, which is a valid monitoring parameter for assessing this condition.",0.9,,,
159,relation,Barbiturates,targetsCondition,Management,[inferred] cluster completion,revise,4.4,Barbiturates,receivesTherapy,Management,"Barbiturates targetsCondition Management should be revised as Barbiturates is a therapy class, not a condition; a valid relation would be receivesTherapy.",0.9,"Barbiturates is a therapy class, so it should be connected to Management via receivesTherapy instead of targetsCondition.",1.0,
160,relation,Partial Pressure of Brain Tissue Oxygen,monitors,Microdialysis,[inferred] cluster completion,accept_indirect,,,,,Partial Pressure of Brain Tissue Oxygen monitors Microdialysis indirectly through the physiological observation chain; it is a parameter that informs clinical decision-making.,0.7,,,low_evidence
161,relation,Secondary Brain Injury,isARiskFactorFor,Secondary Insult,[inferred] cluster completion,accept_direct,,,,,"Secondary Brain Injury is a subclass of Brain Injury, and Secondary Insult is a subclass of Secondary Insult; the relationship is valid as a risk factor.",0.9,,,
162,relation,Secondary Brain Injury,worsens,Outcome,[inferred] cluster completion,accept_direct,,,,,Secondary Brain Injury worsens Outcome is a valid direct relationship as secondary brain injuries can negatively impact patient outcomes.,0.9,,,
163,relation,Secondary Insult Therapy,isAdministeredDuring,Secondary Insult,[inferred] cluster completion,accept_direct,,,,,The relationship 'Secondary Insult Therapy isAdministeredDuring Secondary Insult' is valid as therapy is administered to address secondary insults directly.,0.9,,,
164,relation,Secondary Insult Grades,defines,Secondary Insult,[inferred] cluster completion,revise,4.4,Secondary Insult Grades,isAConditionOf,Secondary Insult,The relation 'defines' should be replaced with 'isAConditionOf' as 'Secondary Insult Grades' classifies types of 'Secondary Insult'.,0.8,The relation 'defines' should be 'isAConditionOf' as 'Secondary Insult Grades' classifies types of 'Secondary Insult'.,0.9,
165,relation,Secondary Insult Therapy,is administered during,Secondary Insult,[inferred] cluster completion,accept_direct,,,,,The relationship 'Secondary Insult Therapy is administered during Secondary Insult' is valid as it directly connects therapy to the condition it addresses.,0.95,,,
166,relation,Secondary Insult Therapy,reduces,Secondary Brain Injury,[inferred] cluster completion,accept_direct,,,,,"Secondary Insult Therapy reduces Secondary Brain Injury is a valid direct relationship in neurointensive care, as therapies aim to mitigate secondary injuries following a primary brain injury.",0.9,,,
167,relation,Secondary Insult Treatment,targets condition,Secondary Insult,[inferred] cluster completion,accept_direct,,,,,Secondary Insult Treatment targets Secondary Insult as it is a valid therapy aimed at addressing complications following the initial injury.,0.9,,,
168,relation,Analgesia,affectsOutcome,Poor Outcome,[inferred] cluster completion,accept_direct,,,,,"Analgesia affects outcome is valid as Analgesia is a therapy that can influence patient outcomes, which are classified under Outcome.",0.9,,,
169,relation,Anti-hypertensives,isAdministeredDuring,Ventilation,[inferred] cluster completion,revise,4.4,Anti-hypertensives,receivesTherapy,Ventilation,"The relation 'isAdministeredDuring' should be replaced with 'receivesTherapy' as Anti-hypertensives is a therapy and Ventilation is a procedure, not a therapy.",0.9,"Anti-hypertensives is a therapy and Ventilation is a procedure, so the relation should be receivesTherapy instead of isAdministeredDuring.",1.0,
170,relation,Anti-pyretics,hasMonitoringData,Temperature,[inferred] cluster completion,revise,4.4,Anti-pyretics,measuresParameter,Temperature,"Anti-pyretics should be related to Temperature via 'measuresParameter' instead of 'hasMonitoringData', as Temperature is a physiological parameter measured by Anti-pyretics.",0.8,"Anti-pyretics measures the physiological parameter Temperature, so the relation should be measuresParameter instead of hasMonitoringData.",1.0,
171,relation,Anti-pyretics,affectsOutcome,Poor Outcome,[inferred] cluster completion,accept_direct,,,,,"Anti-pyretics affects Outcome, as the relationship between therapies and outcomes is valid in the neurointensive care context.",0.9,,,
172,relation,Antibiotics,isAssociatedWith,Surgical Procedure,[inferred] cluster completion,revise,4.4,Antibiotics,receivesTherapy,Surgical Procedure,The relation 'isAssociatedWith' should be replaced with 'receivesTherapy' since 'Antibiotics' is a type of therapy relevant to 'Surgical Procedure'.,0.85,The relation 'isAssociatedWith' should be 'receivesTherapy' as Antibiotics are a therapy relevant to Surgical Procedure.,1.0,
173,relation,EtCO2,is monitored by,Ventilator,[inferred] cluster completion,accept_direct,,,,,"EtCO2 is a Core Monitoring Parameter, and Ventilator is a monitoring device; the relation 'is monitored by' holds directly between them.",0.9,,,
174,relation,EtCO2,measures parameter,Carbon Dioxide,[inferred] cluster completion,accept_direct,,,,,EtCO2 measuresParameter Carbon Dioxide is a direct relationship as EtCO2 is a monitoring parameter for Carbon Dioxide levels in patients.,0.95,,,
175,relation,Insult,is a risk factor for,Poor Outcome,[inferred] cluster completion,accept_direct,,,,,Insult is a valid class and Poor Outcome is an Outcome; the relationship 'is a risk factor for' holds directly between them.,0.9,,,
176,relation,Ventilation,targetsCondition,Insult,[inferred] cluster completion,revise,4.4,Ventilation,isAdministeredDuring,Baseline Therapy,"Ventilation targets Condition is incorrect; it should be Ventilation isAdministeredDuring Therapy, as Ventilation is a type of Baseline Therapy.",0.9,"Ventilation is a type of Baseline Therapy, so the relation should be isAdministeredDuring instead of targetsCondition.",1.0,
177,relation,Paralysis,affects outcome,Poor Outcome,[inferred] cluster completion,revise,4.4,Paralysis,isARiskFactorFor,Poor Outcome,The relation 'affects outcome' should be replaced with 'isARiskFactorFor' to correctly reflect the relationship between 'Paralysis' and 'Poor Outcome'.,0.85,The relation 'affects outcome' should be 'isARiskFactorFor' to accurately reflect the risk factor relationship between 'Paralysis' and 'Poor Outcome'.,1.0,
178,relation,Patient Transport,is associated with,Ventilation,[inferred] cluster completion,accept_indirect,,,,,"Patient Transport indirectly influences Ventilation through the process of transporting patients for mechanical ventilation management, which is a common practice in neurointensive care.",0.7,,,low_evidence
179,relation,Analgesia,isAdministeredDuring,Patient Transport,[inferred] cluster completion,revise,4.4,Analgesia,receivesTherapy,Patient Transport,The relation 'isAdministeredDuring' is not appropriate; 'Analgesia' should be linked to 'Patient Transport' via 'receivesTherapy' instead.,0.85,The relation 'isAdministeredDuring' is incorrect; 'Analgesia' should be linked to 'Patient Transport' via 'receivesTherapy'.,1.0,
180,relation,Poor Outcome,is influenced by,Insult,[inferred] cluster completion,accept_indirect,,,,,Poor Outcome is influenced by Insult indirectly through the relationship of Insult being a type of secondary insult affecting outcomes in TBI patients.,0.85,,,
181,relation,Poor Outcome,is associated with,Paralysis,[inferred] cluster completion,revise,4.4,Poor Outcome,affectsOutcome,Paralysis,The relationship 'is associated with' should be replaced with 'affectsOutcome' as Poor Outcome is an outcome and Paralysis is a therapy.,0.85,The relationship 'is associated with' should be replaced with 'affectsOutcome' as Poor Outcome is an outcome and Paralysis is a therapy.,1.0,
182,relation,Skull Fracture Elevation,is associated with,Head Injury,[inferred] cluster completion,accept_direct,,,,,"Skull Fracture Elevation is associated with Head Injury, as both are valid classes within the neurointensive care domain.",0.95,,,
183,relation,TCD,is monitored by,Sensor,[inferred] cluster completion,accept_direct,,,,,"TCD is a Core Monitoring Parameter and is monitored by Sensor, confirming the direct relationship.",0.9,,,
184,relation,Brain Temperature,is monitored by,Sensor,[inferred] cluster completion,accept_direct,,,,,Brain Temperature is monitored by Sensor is a valid direct relationship as per the BrainIT ontology.,0.95,,,
185,relation,Brain Temperature,has monitoring data,Timepoint,[inferred] cluster completion,accept_direct,,,,,"Brain Temperature is an Optional Monitoring Parameter and Timepoint is a Monitoring Data, thus the relationship holds directly as Brain Temperature hasMonitoringData Timepoint.",0.9,,,
186,relation,Sensor,isMonitoredBy,Heart Rate,[inferred] cluster completion,accept_direct,,,,,The relationship 'Sensor isMonitoredBy Heart Rate' is valid as Heart Rate is a physiological parameter monitored by sensors in neurointensive care.,0.9,,,
187,relation,ICP Sensor Placement,is related to,Sensor,[inferred] cluster completion,revise,4.4,ICP Sensor Placement,isMonitoredBy,Sensor,The relation 'is related to' should be replaced with 'isMonitoredBy' as ICP Sensor Placement is a monitoring method for the Sensor class.,0.9,The relation 'is related to' should be 'isMonitoredBy' as ICP Sensor Placement is a monitoring method for the Sensor class.,1.0,
188,relation,Measurement Time,has timepoint,Timepoint,[inferred] cluster completion,accept_direct,,,,,Measurement Time has timepoint Timepoint is a direct relationship as Measurement Time refers to specific moments associated with sensor readings.,0.95,,,
189,relation,NIBP,is monitored by,Sensor,[inferred] cluster completion,accept_direct,,,,,"NIBP is a valid subclass of Monitoring Data, and the relation 'is monitored by' correctly connects it to Sensor, which is a monitoring method.",0.9,,,
190,relation,Observation,is measured at,Timepoint,[inferred] cluster completion,accept_direct,,,,,Observation is measured at Timepoint directly as per the definitions of both classes in the preamble.,0.9,,,
191,relation,Parameter,is measured by,Sensor,[inferred] cluster completion,accept_direct,,,,,"Parameter is measured by Sensor is a valid relationship as per the domain context, where Sensor is defined as a machine used to record physiological parameters.",0.9,,,
192,relation,Peripheral Temperature,is monitored by,Sensor,[inferred] cluster completion,accept_direct,,,,,"Peripheral Temperature is monitored by Sensor, as Sensors are used to record physiological parameters, aligning with the domain context.",0.95,,,
193,relation,Reading,is measured at,Timepoint,[inferred] cluster completion,accept_direct,,,,,The relationship 'Reading is measured at Timepoint' holds directly as Reading is a physiological observation recorded at specific timepoints.,0.95,,,
194,relation,Reading,measures parameter,Parameter,[inferred] cluster completion,accept_direct,,,,,"Reading measuresParameter Parameter is a direct relationship as Reading encompasses all physiological observations, which includes the measurement of parameters.",0.95,,,
195,relation,Sensor,isMonitoredBy,Respiration Rate,[inferred] cluster completion,accept_direct,,,,,Sensor isMonitoredBy Respiration Rate is valid as Respiration Rate is a physiological parameter monitored by a sensor.,0.95,,,
196,relation,Respiration Rate,has monitoring data,Timepoint,[inferred] cluster completion,accept_direct,,,,,Respiration Rate is a Core Monitoring Parameter and Timepoint is a Monitoring Data subclass; the relationship holds directly as a hierarchical connection.,0.9,,,
197,relation,Temperature,is monitored by,Sensor,[inferred] cluster completion,accept_direct,,,,,"Temperature is a physiological parameter and Sensor is a machine used to record physiological parameters, making the relationship valid as stated.",0.95,,,
198,relation,Monitoring,isMonitoredBy,Blood Gases,[inferred] cluster completion,accept_direct,,,,,Monitoring isMonitoredBy Blood Gases is valid as Blood Gases is a method for monitoring physiological parameters in critically ill patients.,0.9,,,
199,relation,Disability,is associated with,Outcome Score,[inferred] cluster completion,accept_direct,,,,,"Disability is associated with Outcome Score, as both are relevant to assessing the impact of brain injuries on patient outcomes.",0.9,,,
200,relation,Disability,is influenced by,GCS Assessment,[inferred] cluster completion,revise,4.4,Disability,assesses,GCS Assessment,The relation 'is influenced by' should be replaced with 'assesses' as GCS Assessment is a clinical assessment that evaluates Disability.,0.85,The relation 'is influenced by' should be 'assesses' as GCS Assessment evaluates Disability.,1.0,
201,relation,GCS Assessment,assesses,Neurological Injury,[inferred] cluster completion,accept_direct,,,,,"GCS Assessment assesses Neurological Injury, as it is a valid clinical assessment tool for evaluating neurological status post-brain injury.",0.9,,,
202,relation,GOSe Outcome,relates to clinical outcome,Outcome Score,[inferred] cluster completion,accept_indirect,,,,,"GOSe Outcome relates to Outcome Score via the assessment of patient outcomes after TBI, connecting through the broader concept of clinical outcomes.",0.7,,,low_evidence
203,relation,Motor Impairment,is associated with,Disability,[inferred] cluster completion,accept_direct,,,,,"Motor Impairment is associated with Disability, as both are relevant concepts in the context of brain injury assessments.",0.9,,,
204,relation,Motor Impairment,is influenced by,GCS Assessment,[inferred] cluster completion,accept_indirect,,,,,Motor Impairment is influenced by GCS Assessment through the chain: GCS Assessment assesses Motor Impairment.,0.7,,,low_evidence
205,relation,Outcome Score,predicts outcome,GOSe Outcome,[inferred] cluster completion,accept_direct,,,,,Outcome Score predicts GOSe Outcome is a valid relationship as both are related to assessing neurological outcomes after brain injury.,0.9,,,
206,relation,Outcome Score,is associated with,Disability,[inferred] cluster completion,accept_direct,,,,,Outcome Score is associated with Disability as both relate to the assessment of neurological outcomes after brain injury.,0.9,,,
207,relation,Pupil Assessment,is associated with,GCS Assessment,[inferred] cluster completion,accept_direct,,,,,Pupil Assessment is associated with GCS Assessment as both are Clinical Assessments related to neurological status in TBI patients.,0.9,,,
208,relation,Cerebral Perfusion Pressure (CPP),is influenced by,Intracranial Pressure (ICP),[inferred] cluster completion,accept_direct,,,,,"Cerebral Perfusion Pressure (CPP) is influenced by Intracranial Pressure (ICP) as both are critical parameters in neurological assessments, establishing a direct relationship.",0.95,,,
209,relation,Mean Cerebral Perfusion Pressure,isCalculatedFrom,Cerebral Perfusion Pressure (CPP),[inferred] cluster completion,accept_direct,,,,,Mean Cerebral Perfusion Pressure isCalculatedFrom Cerebral Perfusion Pressure (CPP) is clinically valid as CPP is derived from mean arterial pressure and intracranial pressure calculations.,0.9,,,
210,relation,Intracranial Hypertension,isMonitoredBy,Intracranial Pressure (ICP),[inferred] cluster completion,accept_direct,,,,,"Intracranial Hypertension is monitored by Intracranial Pressure (ICP) as a valid relationship in neurointensive care, confirming the monitoring role of ICP for this condition.",0.95,,,
211,relation,Mean Cerebral Perfusion Pressure,is influenced by,Intracranial Pressure (ICP),[inferred] cluster completion,accept_direct,,,,,"Mean Cerebral Perfusion Pressure is influenced by Intracranial Pressure, which is a valid relationship in neurointensive care.",0.95,,,
212,relation,Pressure Reactivity Index (PRx),assesses,Intracranial Pressure (ICP),[inferred] cluster completion,accept_direct,,,,,PRx assesses ICP directly as it evaluates the brain's ability to regulate blood flow in response to changes in intracranial pressure.,0.95,,,
213,relation,Carbon Dioxide,isMonitoredBy,Partial Pressure of Carbon Dioxide,[inferred] cluster completion,accept_direct,,,,,"Carbon Dioxide is monitored by Partial Pressure of Carbon Dioxide, which is a valid relationship in the context of assessing respiratory function.",0.9,,,
214,relation,Carbon Dioxide,is associated with,Ventilation,[inferred] cluster completion,accept_direct,,,,,Carbon Dioxide is associated with Ventilation as it is monitored to assess respiratory function in patients receiving mechanical ventilation.,0.9,,,
215,relation,End-tidal Carbon Dioxide,assesses,Ventilation,[inferred] cluster completion,accept_direct,,,,,End-tidal Carbon Dioxide assesses Ventilation directly as it evaluates the effectiveness of mechanical ventilation settings.,0.9,,,
216,relation,Sensor,measuresParameter,End-tidal Carbon Dioxide,[inferred] cluster completion,accept_direct,,,,,Sensor measuresParameter End-tidal Carbon Dioxide is valid as sensors are used to measure physiological parameters directly.,0.95,,,
217,relation,Partial Pressure of Carbon Dioxide,is influenced by,Ventilation,[inferred] cluster completion,accept_indirect,,,,,"Partial Pressure of Carbon Dioxide is influenced by Ventilation through the physiological relationship of respiratory function, connecting via the broader concepts of Monitoring Data and Therapy.",0.85,,,
218,relation,Brain Injury,affects outcome,Outcome Score,[inferred] cluster completion,accept_direct,,,,,"Brain Injury affects Outcome Score as brain injuries directly influence neurological outcomes, making this relationship semantically correct.",0.95,,,
219,relation,Cranial Injuries,is associated with,Traumatic Brain Injury,[inferred] cluster completion,accept_direct,,,,,"Cranial Injuries is associated with Traumatic Brain Injury as both are valid subclasses of Brain Injury, establishing a direct relationship.",0.9,,,
220,relation,Disability,is related to,Brain Injury,[inferred] cluster completion,accept_direct,,,,,"Disability is related to Brain Injury as a consequence of neurological deficits from brain injuries, establishing a direct relationship between the two classes.",0.9,,,
221,relation,Extracranial Injury,is a risk factor for,Brain Injury,[inferred] cluster completion,accept_direct,,,,,"Extracranial Injury is a valid risk factor for Brain Injury as it complicates management, aligning with clinical understanding of brain injuries.",0.9,,,
222,relation,GCS Assessment,assesses,Brain Injury,[inferred] cluster completion,accept_direct,,,,,GCS Assessment assesses Brain Injury directly as it evaluates the neurological status following a brain injury.,0.95,,,
223,relation,GOSe Outcome,predicts outcome,Brain Injury,[inferred] cluster completion,accept_indirect,,,,,"GOSe Outcome predicts outcome indirectly through the relationship of assessing the outcome of Brain Injury, which is a condition resulting from trauma.",0.7,,,low_evidence
224,relation,Head Trauma,is monitored by,GCS Assessment,[inferred] cluster completion,accept_direct,,,,,Head Trauma is monitored by GCS Assessment as GCS Assessment is a Clinical Assessment used for monitoring neurological status after brain injuries.,0.95,,,
225,relation,Motor Impairment,is related to,Brain Injury,[inferred] cluster completion,accept_direct,,,,,"Motor Impairment is related to Brain Injury as it is a common consequence of brain injuries, establishing a direct relationship.",0.9,,,
226,relation,Outcome Score,relates to clinical outcome,Brain Injury,[inferred] cluster completion,accept_indirect,,,,,Outcome Score relates to Brain Injury via the chain: Outcome Score assesses Outcome → Outcome is a condition of Brain Injury.,0.85,,,
227,relation,Patient,receivesTherapy,Ventilation,[inferred] cluster completion,revise,4.3,Patient,receivesTherapy,Baseline Therapy,The relation 'receivesTherapy' requires a therapy object; 'Ventilation' should be classified as a subclass of 'Baseline Therapy' instead of being used directly here.,0.9,"Ventilation is a type of Baseline Therapy, so it should be classified as such instead of being used directly.",1.0,
228,relation,Pupil Assessment,assesses,Neurological Injury,[inferred] cluster completion,accept_direct,,,,,Pupil Assessment assesses Neurological Injury directly as it evaluates neurological status through pupil response.,0.9,,,
229,relation,Adverse Event,affects outcome,Hypertension,[inferred] cluster completion,accept_indirect,,,,,"Adverse Event affects Outcome indirectly through the relationship with Condition, as Adverse Event is a subclass of Condition and can influence various Outcomes.",0.85,,,
230,relation,Arterial Hypotension,is a risk factor for,Septic Shock,[inferred] cluster completion,accept_direct,,,,,"Arterial Hypotension is a recognized risk factor for Septic Shock in clinical literature, directly linking the two conditions.",0.9,,,
231,relation,Arterial Pressors,targetsCondition,Hypotension,[inferred] cluster completion,accept_direct,,,,,"Arterial Pressors targets Condition Hypotension as a valid relationship in neurointensive care, where arterial pressure agents are used to manage low blood pressure.",0.9,,,
232,relation,Hypertension,is related to,Adverse Event,[inferred] cluster completion,accept_indirect,,,,,Hypertension is related to Adverse Event via the chain: Hypertension affects Outcome → Adverse Event is a type of Outcome.,0.85,,,
233,relation,Hypotension,is a risk factor for,Acute Respiratory Distress Syndrome,[inferred] cluster completion,accept_direct,,,,,"Hypotension is a condition that is clinically recognized as a risk factor for Acute Respiratory Distress Syndrome, aligning with the neurointensive care context.",0.9,,,
234,relation,Hypotension,is treated with,Vasopressors,[inferred] cluster completion,accept_direct,,,,,Hypotension is treated with Vasopressors is a valid relationship as Vasopressors are medications used to raise blood pressure in critically ill patients.,0.95,,,
235,relation,Mean Arterial Pressure (MAP),measures parameter,Hypotension,[inferred] cluster completion,accept_indirect,,,,,"MAP measuresParameter Blood Pressure, which is a type of Hypotension, establishing an indirect relationship through the concept of blood pressure.",0.85,,,
236,relation,Sepsis,is a risk factor for,Septic Shock,[inferred] cluster completion,accept_direct,,,,,"Sepsis is a valid subclass of Condition, and Septic Shock is a valid subclass of Condition; the relationship 'is a risk factor for' holds directly between them.",0.95,,,
237,relation,Vasopressors,is administered during,Hypotension,[inferred] cluster completion,accept_direct,,,,,"Vasopressors is administered during Hypotension, as vasopressors are used to treat low blood pressure in critical care settings.",0.95,,,
238,relation,Clinical Outcome,relates to clinical outcome,Outcome,[inferred] cluster completion,accept_direct,,,,,Clinical Outcome relates to Outcome as both are valid measures of patient health status post-treatment.,0.9,,,
239,relation,Monitoring Data,has monitoring data,Physiological Data,[inferred] cluster completion,accept_direct,,,,,Monitoring Data hasMonitoringData Physiological Data is a direct relationship as Physiological Data reflects the monitored values of patients.,0.95,,,
240,relation,Outcome Data,is related to,Clinical Outcome,[inferred] cluster completion,accept_indirect,,,,,"Outcome Data indirectly relates to Clinical Outcome via the concept of medical treatment results, but not directly as per the current classes.",0.7,,,low_evidence
241,relation,Patient Interventions,affects outcome,Outcome,[inferred] cluster completion,accept_direct,,,,,The relationship 'Patient Interventions affects Outcome' is valid as interventions directly influence patient outcomes in neurointensive care.,0.95,,,
242,relation,Physiological Data,is monitored by,Monitoring Data,[inferred] cluster completion,accept_direct,,,,,Physiological Data is monitored by Monitoring Data is a direct relationship as Monitoring Data encompasses the data collected to assess physiological parameters.,0.9,,,
243,relation,Treatment Data,isAdministeredDuring,Patient Interventions,[inferred] cluster completion,accept_direct,,,,,Treatment Data isAdministeredDuring Patient Interventions is semantically correct as interventions involve administering treatments directly to patients.,0.95,,,
244,relation,Error,is related to,Reading,[inferred] cluster completion,accept_indirect,,,,,"Error is related to Reading via the pathway: Error affects Data Quality Assessment, which assesses Reading.",0.7,,,low_evidence
245,relation,Observation,hasTimepoint,Measurement Time,[inferred] cluster completion,accept_direct,,,,,Observation hasTimepoint Measurement Time is a direct relationship as observations are recorded at specific time points during ICU stays.,0.9,,,
246,relation,Possible Error,is associated with,Reading,[inferred] cluster completion,accept_direct,,,,,"Possible Error is associated with Reading, as readings can have errors when outside acceptable ranges.",0.9,,,
247,relation,Probable Error,is associated with,Reading,[inferred] cluster completion,accept_direct,,,,,Probable Error is associated with Reading as both classes relate to clinical observations and data monitoring in neurointensive care.,0.9,,,
248,relation,Reading,is measured by,Sensor,[inferred] cluster completion,accept_direct,,,,,Reading is measured by Sensor is a valid direct relationship as per the domain context.,0.95,,,
249,relation,Brain Temperature,measures parameter,Temperature,[inferred] cluster completion,revise,4.4,Brain Temperature,hasMonitoringData,Temperature,The relation 'measures parameter' should be replaced with 'hasMonitoringData' as Brain Temperature is a monitoring parameter and Temperature is a physiological parameter.,0.9,The relation 'measures parameter' should be 'hasMonitoringData' as Brain Temperature is a monitoring parameter.,1.0,
250,relation,Decompressive Craniectomy,isAssociatedWith,Evacuation of Mass Lesion,[inferred] cluster completion,accept_direct,,,,,"Decompressive Craniectomy is a surgical procedure that can be associated with Evacuation of Mass Lesion, as both are interventions in neurointensive care.",0.9,,,
251,relation,Jugular Venous Desaturation,is associated with,Jugular Venous Oxygen Saturation,[inferred] cluster completion,accept_direct,,,,,Jugular Venous Desaturation is associated with Jugular Venous Oxygen Saturation as both are relevant to cerebral oxygenation assessment in TBI patients.,0.9,,,
252,relation,Jugular Venous Oxygen Saturation,assesses,Partial Pressure of Brain Tissue Oxygen,[inferred] cluster completion,accept_indirect,,,,,Jugular Venous Oxygen Saturation assesses Partial Pressure of Brain Tissue Oxygen via the chain: assesses → measuresParameter → Physiological Data → hasMonitoringData → Monitoring Data.,0.7,,,low_evidence
253,relation,Partial Pressure of Brain Tissue Oxygen,is monitored by,Jugular Venous Oxygen Saturation,[inferred] cluster completion,accept_indirect,,,,,Partial Pressure of Brain Tissue Oxygen is monitored by Jugular Venous Oxygen Saturation via the physiological observation chain; both are valid monitoring parameters.,0.85,,,
254,relation,Electrocardiogram (ECG),isAssociatedWith,Poor Outcome,[inferred] cluster completion,accept_indirect,,,,,"Electrocardiogram (ECG) measuresParameter Heart Rate, which is associated with Poor Outcome via the relationship of physiological readings to clinical outcomes.",0.7,,,low_evidence
255,relation,Insult,is associated with,Poor Outcome,[inferred] cluster completion,accept_indirect,,,,,Insult is associated with Poor Outcome via the chain: Insult affects Outcome.,0.85,,,
256,relation,Paralysis,affectsOutcome,Poor Outcome,[inferred] cluster completion,accept_direct,,,,,Paralysis affects Outcome is valid as paralysis can lead to poor outcomes in neurointensive care settings.,0.9,,,
257,relation,Ventilator,is associated with,Ventilation,[inferred] cluster completion,accept_direct,,,,,"Ventilator is associated with Ventilation, as mechanical ventilation settings and management are directly related to the use of a ventilator in neurointensive care.",0.9,,,
258,relation,Secondary Brain Injury,worsens,Secondary Insult,[inferred] cluster completion,accept_direct,,,,,"Secondary Brain Injury worsens Secondary Insult is clinically valid as both are subclasses of Brain Injury and Insult, respectively, indicating a direct relationship.",0.9,,,
259,relation,Secondary Insult,is associated with,Secondary Brain Injury,[inferred] cluster completion,accept_direct,,,,,"Secondary Insult is associated with Secondary Brain Injury as both are valid subclasses of Brain Injury, supporting the direct relationship.",0.9,,,
260,relation,Secondary Insult Therapy,targetsCondition,Secondary Insult,[inferred] cluster completion,accept_direct,,,,,"The relationship 'Secondary Insult Therapy targets Condition' is valid as Secondary Insult Therapy is intended to address Secondary Insult, which is a type of Condition.",0.9,,,
261,relation,Haematocrit,isMonitoredBy,Monitoring,[inferred] cluster completion,revise,4.4,Haematocrit,hasMonitoringData,Monitoring,The relation 'isMonitoredBy' should be replaced with 'hasMonitoringData' as Haematocrit is a monitoring parameter and Monitoring is a method of observation.,0.9,The relation 'isMonitoredBy' should be 'hasMonitoringData' as Haematocrit is a monitoring parameter.,1.0,
262,relation,Monitoring,assesses,Blood Gases,[inferred] cluster completion,accept_direct,,,,,Monitoring assesses Blood Gases is a valid relationship as monitoring includes the assessment of physiological parameters like arterial blood gas analysis.,0.9,,,
263,relation,Monitoring,assesses,Cardiac Output,[inferred] cluster completion,accept_direct,,,,,Monitoring assesses Cardiac Output is valid as Monitoring is a top-level class for physiological observations and Cardiac Output is a subclass of Monitoring Data.,0.9,,,
264,relation,Fluids,isMonitoredBy,Monitoring,[inferred] cluster completion,revise,4.4,Fluids,hasMonitoringData,Monitoring,The relation 'isMonitoredBy' should be 'hasMonitoringData' as Fluids is a type of therapy and Monitoring is a type of monitoring data.,0.9,The relation 'isMonitoredBy' should be 'hasMonitoringData' as Fluids is a type of therapy and Monitoring is a type of monitoring data.,1.0,
265,relation,Monitoring,isMonitoredBy,Glucose,[inferred] cluster completion,accept_direct,,,,,Monitoring isMonitoredBy Glucose is valid as glucose is a physiological parameter that can be continuously observed in critically ill patients.,0.95,,,
266,relation,Haematocrit,isMonitoredBy,Monitoring,[inferred] cluster completion,revise,4.4,Haematocrit,hasMonitoringData,Monitoring,The relation 'isMonitoredBy' should be 'hasMonitoringData' since Haematocrit is a daily haematology value and falls under Monitoring Data as per the preamble.,0.9,The relation 'isMonitoredBy' should be 'hasMonitoringData' as Haematocrit is a daily haematology value under Monitoring Data.,1.0,
267,relation,Monitoring,isMonitoredBy,Haemoglobin,[inferred] cluster completion,revise,4.4,Monitoring,hasLaboratoryValue,Haemoglobin,The relation 'isMonitoredBy' is incorrect; 'Haemoglobin' should be a subclass of 'Laboratory Values' instead of being monitored directly. It should be 'Monitoring hasLaboratoryValue Haemoglobin'.,0.85,The relation 'isMonitoredBy' is incorrect; 'Haemoglobin' should be connected to 'Monitoring' via 'hasLaboratoryValue' as per the context.,1.0,
268,relation,Potassium,hasLaboratoryValue,Monitoring,[inferred] cluster completion,revise,4.9,Potassium,subClassOf,Laboratory Value,"Potassium is a valid analyte and should be classified as a subclass of Laboratory Values, not related to Monitoring directly; relation should be subClassOf.",0.85,Potassium is an analyte and should be classified as a subclass of Laboratory Values per the preamble.,1.0,
269,relation,Sodium,isMonitoredBy,Monitoring,[inferred] cluster completion,revise,4.4,Sodium,hasMonitoringData,Monitoring,The relation 'isMonitoredBy' should be 'hasMonitoringData' as Sodium is a laboratory value monitored in the context of physiological parameters.,0.9,The relation 'isMonitoredBy' should be 'hasMonitoringData' as Sodium is a laboratory value monitored in the context of physiological parameters.,1.0,
270,relation,Potassium,hasMonitoringData,Monitoring,[inferred] cluster completion,revise,4.4,Potassium,hasLaboratoryValue,Monitoring,"Potassium is a biochemistry analyte, not a monitoring data class; the relation should be 'hasLaboratoryValue' instead of 'hasMonitoringData'.",0.7,"hasMonitoringData should be changed to hasLaboratoryValue as Potassium is a biochemistry analyte, not monitoring data.",1.0,low_evidence
271,relation,Clinical Assessment,has outcome,Coma,[inferred] cluster completion,reject,,,,,The relationship 'Clinical Assessment has outcome Coma' is semantically incorrect; outcomes are not direct results of clinical assessments but rather conditions assessed by them.,0.9,,,
272,relation,Extra Ventricular Drain Placement,isMonitoredBy,Monitoring Data,[inferred] cluster completion,accept_direct,,,,,Extra Ventricular Drain Placement isMonitoredBy Monitoring Data as the monitoring data is collected to assess physiological parameters during the placement procedure.,0.95,,,
273,relation,Laboratory Values,is associated with,Routine Nursing Care,[inferred] cluster completion,accept_indirect,,,,,Laboratory Values is associated with Routine Nursing Care via the chain: Laboratory Values → hasMonitoringData → Clinical Assessment → hasNursingIntervention → Routine Nursing Care.,0.8,,,
274,relation,Routine Nursing Care,is associated with,Clinical Assessment,[inferred] cluster completion,accept_direct,,,,,Routine Nursing Care is associated with Clinical Assessment as both are valid classes within the neurointensive care context.,0.9,,,
275,relation,Session,hasLaboratoryValue,Laboratory Values,[inferred] cluster completion,accept_direct,,,,,Session hasLaboratoryValue Laboratory Values is a valid relationship as laboratory values are routinely associated with monitoring sessions in ICU management.,0.9,,,
276,relation,Cerebral Perfusion Pressure (CPP),is a risk factor for,Traumatic Intracranial Hypertension,[inferred] cluster completion,accept_direct,,,,,"Cerebral Perfusion Pressure (CPP) is a recognized risk factor for Traumatic Intracranial Hypertension, aligning with clinical understanding in neurointensive care.",0.95,,,
277,relation,Intracranial Hypertension,worsens,Cerebral Perfusion Pressure (CPP),[inferred] cluster completion,accept_direct,,,,,Intracranial Hypertension worsens Cerebral Perfusion Pressure is clinically valid as elevated intracranial pressure directly affects cerebral perfusion in TBI patients.,0.9,,,
278,relation,Intracranial Pressure (ICP),is influenced by,Mean Cerebral Perfusion Pressure,[inferred] cluster completion,accept_direct,,,,,"Intracranial Pressure (ICP) is influenced by Mean Cerebral Perfusion Pressure, as both are critical parameters in neurological assessments.",0.9,,,
279,relation,Intracranial Pressure (ICP),calculates,Mean Cerebral Perfusion Pressure,[inferred] cluster completion,accept_direct,,,,,The relationship 'Intracranial Pressure calculates Mean Cerebral Perfusion Pressure' is valid as ICP is used to derive CPP directly in clinical practice.,0.95,,,
280,relation,Mean Intracranial Pressure,is a condition of,Intracranial Hypertension,[inferred] cluster completion,accept_direct,,,,,"Mean Intracranial Pressure is a measure related to Intracranial Hypertension, which is a condition characterized by elevated pressure within the skull; the relationship is clinically valid.",0.9,,,
281,relation,Traumatic Intracranial Hypertension,affects outcome,Intracranial Hypertension,[inferred] cluster completion,accept_direct,,,,,The relationship 'Traumatic Intracranial Hypertension affects outcome Intracranial Hypertension' is valid as both classes are related to clinical outcomes in TBI patients.,0.9,,,
282,relation,Carbon Dioxide,is monitored by,End-tidal Carbon Dioxide,[inferred] cluster completion,accept_direct,,,,,Carbon Dioxide is monitored by End-tidal Carbon Dioxide as it is a specific measurement used to assess the concentration of carbon dioxide.,0.9,,,
283,relation,End-tidal Carbon Dioxide,assesses,Carbon Dioxide,[inferred] cluster completion,accept_direct,,,,,End-tidal Carbon Dioxide assesses Carbon Dioxide directly as it measures the concentration of carbon dioxide in exhaled air for respiratory function.,0.95,,,
284,relation,Partial Pressure of Carbon Dioxide,is associated with,Carbon Dioxide,[inferred] cluster completion,accept_indirect,,,,,Partial Pressure of Carbon Dioxide is associated with Carbon Dioxide via the physiological measurement context; the relationship holds through the observation of respiratory function.,0.7,,,low_evidence
285,hierarchy,Decompressive Craniectomy,subClassOf,Surgical Procedure,Decompressive craniectomy (DC) is a surgical technique originally described by Kocher in 1901.,accept_direct,,,,,"Decompressive Craniectomy is listed as a valid subclass of Surgical Procedure in the preamble; thus, the relationship holds directly.",1.0,,,
286,hierarchy,Secondary Insult,subClassOf,Insult,One of the most critical types of systemic secondary insult is arterial hypotension.,accept_direct,,,,,Secondary Insult is listed as a valid subclass of Insult in the preamble; the relationship holds directly as a subclass relationship.,1.0,,,
287,hierarchy,Secondary Insult,subClassOf,Condition,[inferred] Secondary Insult is a subclass of Condition (deterministic hierarchy checklist).,accept_direct,,,,,"Secondary Insult is listed as a valid subclass of Condition in the preamble, confirming the hierarchy relationship directly.",1.0,,,
288,hierarchy,Core Monitoring Parameter,subClassOf,Monitoring Data,[inferred] Chain-of-Layer: Core Monitoring Parameter is organized under Monitoring Data,accept_direct,,,,,"Core Monitoring Parameter is explicitly listed as a subclass of Monitoring Data in the preamble; thus, the relation is valid.",1.0,,,
289,hierarchy,Heart Rate,subClassOf,Core Monitoring Parameter,[inferred] Chain-of-Layer: Heart Rate is organized under Core Monitoring Parameter,accept_direct,,,,,Heart Rate is explicitly listed as a subclass of Core Monitoring Parameter in the preamble; the subclass relationship is valid.,1.0,,,
290,hierarchy,Mean Arterial Pressure (MAP),subClassOf,Core Monitoring Parameter,[inferred] Chain-of-Layer: Mean Arterial Pressure (MAP) is organized under Core Monitoring Parameter,accept_direct,,,,,Mean Arterial Pressure (MAP) is explicitly listed as a subclass of Core Monitoring Parameter in the preamble.,1.0,,,
291,hierarchy,Mean Intracranial Pressure,subClassOf,Core Monitoring Parameter,[inferred] Chain-of-Layer: Mean Intracranial Pressure is organized under Core Monitoring Parameter,accept_direct,,,,,Mean Intracranial Pressure is listed as a valid subclass of Core Monitoring Parameter in the preamble.,1.0,,,
292,hierarchy,Mean Cerebral Perfusion Pressure,subClassOf,Core Monitoring Parameter,[inferred] Chain-of-Layer: Mean Cerebral Perfusion Pressure is organized under Core Monitoring Parameter,accept_direct,,,,,Mean Cerebral Perfusion Pressure is a valid subclass of Core Monitoring Parameter as per the preamble's hierarchy.,1.0,,,
293,hierarchy,Pressure Reactivity Index (PRx),subClassOf,Core Monitoring Parameter,[inferred] Chain-of-Layer: Pressure Reactivity Index (PRx) is organized under Core Monitoring Parameter,accept_direct,,,,,Pressure Reactivity Index (PRx) is listed as a subclass of Core Monitoring Parameter in the preamble; the relationship holds directly.,1.0,,,
294,hierarchy,Monitoring Time,subClassOf,Monitoring Data,[inferred] Chain-of-Layer: Monitoring Time is organized under Monitoring Data,accept_direct,,,,,Monitoring Time is a subclass of Monitoring Data as per the preamble's hierarchy of classes.,1.0,,,
295,hierarchy,Baseline Therapy,subClassOf,Therapy,[inferred] Chain-of-Layer: Baseline Therapy is organized under Therapy,accept_direct,,,,,"Baseline Therapy is explicitly listed as a subclass of Therapy in the preamble, confirming the subclass relationship.",1.0,,,
296,hierarchy,Barbiturates,subClassOf,Secondary Insult Therapy,[inferred] Chain-of-Layer: Barbiturates is organized under Baseline Therapy,accept_direct,,,,,Barbiturates subClassOf Secondary Insult Therapy is valid as Barbiturates are listed as a subclass of the therapy class in the preamble.,1.0,,,
297,hierarchy,Traumatic Brain Injury,subClassOf,Condition,[inferred] Chain-of-Layer: Traumatic Brain Injury is organized under Condition,accept_direct,,,,,"Traumatic Brain Injury is listed as a valid subclass of Condition in the preamble; thus, the triple holds directly.",1.0,,,
298,hierarchy,Sepsis,subClassOf,Condition,[inferred] Chain-of-Layer: Sepsis is organized under Condition,accept_direct,,,,,Sepsis is listed as a valid subclass of Condition in the preamble; thus the relationship holds directly.,1.0,,,
299,hierarchy,GCS Assessment,subClassOf,Clinical Assessment,[inferred] Chain-of-Layer: GCS Assessment is organized under Outcome,accept_direct,,,,,GCS Assessment is listed as a subclass of Clinical Assessment in the preamble; the relationship is directly supported.,1.0,,,
300,hierarchy,Haematocrit,subClassOf,Haematology,the physiological vital functions are extensively monitored.,accept_direct,,,,,Haematocrit is a valid subclass of Haematology as it is an analyte within the blood analysis panel listed in the preamble.,1.0,,,
301,hierarchy,TCD,subClassOf,Optional Monitoring Parameter,the physiological vital functions are extensively monitored.,accept_direct,,,,,TCD is listed as a valid subclass of Optional Monitoring Parameter in the preamble; the relation is correctly subClassOf.,1.0,,,
302,hierarchy,Optional Monitoring Parameter,subClassOf,Monitoring Data,the physiological vital functions are extensively monitored.,accept_direct,,,,,"Optional Monitoring Parameter subClassOf Monitoring Data is supported by the preamble, which classifies monitoring parameters as subclasses of Monitoring Data.",1.0,,,
303,hierarchy,Intracranial Pressure (ICP),subClassOf,Core Monitoring Parameter,the physiological vital functions are extensively monitored.,accept_direct,,,,,Intracranial Pressure (ICP) is explicitly listed as a subclass of Core Monitoring Parameter in the preamble.,1.0,,,
304,hierarchy,Removal of Foreign Body,subClassOf,Surgical Procedure,the physiological vital functions are extensively monitored.,accept_direct,,,,,"Removal of Foreign Body is listed as a valid subclass of Surgical Procedure in the preamble; thus, the relation is correctly subClassOf.",1.0,,,
305,hierarchy,Peripheral Temperature,subClassOf,Optional Monitoring Parameter,the physiological vital functions are extensively monitored.,accept_direct,,,,,"Peripheral Temperature is explicitly listed as a valid subclass of Optional Monitoring Parameter in the preamble; thus, the subclass relationship holds directly.",1.0,,,
306,hierarchy,Sodium,subClassOf,Biochemistry,the physiological vital functions are extensively monitored.,accept_direct,,,,,Sodium subClassOf Biochemistry is the analyte→panel subclass pattern listed in the preamble; relation should be subClassOf.,0.95,,,
307,hierarchy,Fluids,subClassOf,Baseline Therapy,the physiological vital functions are extensively monitored.,accept_direct,,,,,Fluids is listed as a valid subclass of Baseline Therapy in the preamble; the subclass relationship is directly supported.,1.0,,,
308,hierarchy,Extra Ventricular Drain Placement,subClassOf,Surgical Procedure,the physiological vital functions are extensively monitored.,accept_direct,,,,,Extra Ventricular Drain Placement is a valid subclass of Surgical Procedure as per the preamble.,1.0,,,
309,hierarchy,EtCO2,subClassOf,Optional Monitoring Parameter,the physiological vital functions are extensively monitored.,accept_direct,,,,,EtCO2 is listed as a valid subclass of Optional Monitoring Parameter in the preamble; the relationship holds directly.,1.0,,,
310,hierarchy,SjO2,subClassOf,Optional Monitoring Parameter,the physiological vital functions are extensively monitored.,accept_direct,,,,,"SjO2 is listed as a valid subclass of Optional Monitoring Parameter in the preamble; thus, the subclass relationship holds directly.",1.0,,,
311,hierarchy,Blood Gases,subClassOf,Laboratory Values,the physiological vital functions are extensively monitored.,accept_direct,,,,,"Blood Gases is listed as a valid subclass of Laboratory Values in the preamble; thus, the subclass relationship holds directly.",1.0,,,
312,hierarchy,Haemoglobin,subClassOf,Haematology,the physiological vital functions are extensively monitored.,accept_direct,,,,,Haemoglobin is listed as a valid subclass of Haematology in the preamble; the relation is subClassOf.,1.0,,,
313,hierarchy,Glucose,subClassOf,Biochemistry,the physiological vital functions are extensively monitored.,accept_direct,,,,,"Glucose is a valid subclass of Biochemistry as analytes are subclasses of their respective panels, which is stated in the preamble.",1.0,,,
314,hierarchy,Anterior Fossa Repair,subClassOf,Surgical Procedure,the physiological vital functions are extensively monitored.,accept_direct,,,,,"Anterior Fossa Repair is listed as a valid subclass of Surgical Procedure in the preamble; thus, the subclass relationship holds directly.",1.0,,,
315,hierarchy,Secondary Insult Treatment,subClassOf,Secondary Insult Therapy,the physiological vital functions are extensively monitored.,accept_direct,,,,,Secondary Insult Treatment subClassOf Secondary Insult Therapy is valid as per the preamble's classification of therapy types.,0.95,,,
316,hierarchy,NIBP,subClassOf,Optional Monitoring Parameter,the physiological vital functions are extensively monitored.,accept_direct,,,,,"NIBP is explicitly listed as a valid subclass of Optional Monitoring Parameter in the preamble; thus, the subclass relationship holds directly.",1.0,,,
317,hierarchy,Haematology,subClassOf,Laboratory Values,the physiological vital functions are extensively monitored.,accept_direct,,,,,Haematology is listed as a valid subclass of Laboratory Values in the preamble; the relation is correctly subClassOf.,1.0,,,
318,hierarchy,Sedation,subClassOf,Baseline Therapy,the physiological vital functions are extensively monitored.,accept_direct,,,,,"Sedation is listed as a valid subclass of Baseline Therapy in the preamble; thus, the subclass relationship holds directly.",1.0,,,
319,hierarchy,CT Scan Assessment,subClassOf,Clinical Assessment,the physiological vital functions are extensively monitored.,accept_direct,,,,,"CT Scan Assessment is a valid subclass of Clinical Assessment as per the preamble, which lists it under structured clinical evaluations.",1.0,,,
320,hierarchy,Cardiac Output,subClassOf,Optional Monitoring Parameter,Domain-scope scaffolding: Cardiac Output is a known subclass of Optional Monitoring Parameter in the BrainIT domain.,accept_direct,,,,,"Cardiac Output is explicitly listed as a subclass of Optional Monitoring Parameter in the preamble, confirming the hierarchical relationship.",1.0,,,
321,hierarchy,Nutrition,subClassOf,Baseline Therapy,Domain-scope scaffolding: Nutrition is a known subclass of Baseline Therapy in the BrainIT domain.,accept_direct,,,,,"Nutrition is explicitly listed as a valid subclass of Baseline Therapy in the preamble; thus, the relationship holds directly.",1.0,,,
322,hierarchy,Pupil Assessment,subClassOf,Clinical Assessment,Domain-scope scaffolding: Pupil Assessment is a known subclass of Clinical Assessment in the BrainIT domain.,accept_direct,,,,,"Pupil Assessment is explicitly listed as a subclass of Clinical Assessment in the preamble, confirming the direct subclass relationship.",1.0,,,
323,hierarchy,Potassium,subClassOf,Biochemistry,Domain-scope scaffolding: Potassium is a known subclass of Biochemistry in the BrainIT domain.,accept_direct,,,,,"Potassium subClassOf Biochemistry is directly supported by the preamble, which lists analytes as subclasses of their respective panels.",1.0,,,
324,hierarchy,Possible Error,subClassOf,Data Quality Assessment,Domain-scope scaffolding: Possible Error is a known subclass of Data Quality Assessment in the BrainIT domain.,accept_direct,,,,,"Possible Error is explicitly listed as a subclass of Data Quality Assessment in the preamble; thus, the subclass relationship is valid.",1.0,,,
325,hierarchy,Biochemistry,subClassOf,Laboratory Values,Schema-inferred: Biochemistry is a subclass of Laboratory Values.,accept_direct,,,,,"Biochemistry is explicitly listed as a subclass of Laboratory Values in the preamble; thus, the relation is valid as subClassOf.",1.0,,,
326,hierarchy,Arterial Pressors,subClassOf,Secondary Insult Therapy,Schema-inferred: Arterial Pressors is a subclass of Secondary Insult Therapy.,accept_direct,,,,,"Arterial Pressors is listed as a valid subclass of Secondary Insult Therapy in the preamble; thus, the subclass relationship holds directly.",1.0,,,
327,hierarchy,Secondary Insult Therapy,subClassOf,Therapy,Schema-inferred: Secondary Insult Therapy is a subclass of Therapy.,accept_direct,,,,,Secondary Insult Therapy is explicitly listed as a subclass of Therapy in the preamble; the relationship holds directly.,1.0,,,
328,hierarchy,Intracranial Hypertension,subClassOf,Secondary Insult,Schema-inferred: Intracranial Hypertension is a subclass of Secondary Insult.,accept_direct,,,,,Intracranial Hypertension is a subclass of Secondary Insult as per the preamble's classification of secondary complications.,1.0,,,
329,hierarchy,Jugular Venous Desaturation,subClassOf,Secondary Insult,Schema-inferred: Jugular Venous Desaturation is a subclass of Secondary Insult.,accept_direct,,,,,"Jugular Venous Desaturation is listed as a subclass of Secondary Insult in the preamble, confirming the subclass relationship directly.",1.0,,,
330,hierarchy,GOSe Outcome,subClassOf,Outcome,Schema-inferred: GOSe Outcome is a subclass of Outcome.,accept_direct,,,,,"GOSe Outcome is listed as a subclass of Outcome in the preamble, confirming the subclass relationship directly.",1.0,,,
331,hierarchy,CVP,subClassOf,Optional Monitoring Parameter,Schema-inferred: Central Venous Pressure is a subclass of Optional Monitoring Parameter.,accept_direct,,,,,CVP is listed as a subclass of Optional Monitoring Parameter in the preamble; the relationship holds directly.,1.0,,,
332,hierarchy,Acute Respiratory Distress Syndrome,subClassOf,Secondary Insult,Schema-inferred: Acute Respiratory Distress Syndrome is a subclass of Secondary Insult.,accept_direct,,,,,Acute Respiratory Distress Syndrome is listed as a valid subclass of Secondary Insult in the preamble; the relation is subClassOf.,1.0,,,
333,hierarchy,Traumatic Brain Injury,subClassOf,Brain Injury,Traumatic brain injury (TBI) is a leading cause of death and long-term disability worldwide.,accept_direct,,,,,"Traumatic Brain Injury subClassOf Brain Injury is directly supported by the preamble, which lists TBI as a subclass of Brain Injury.",1.0,,,
334,hierarchy,Arterial Hypotension,subClassOf,Secondary Insult,[inferred] Arterial Hypotension is a subclass of Secondary Insult (deterministic hierarchy checklist).,accept_direct,,,,,"Arterial Hypotension is listed as a valid subclass of Secondary Insult in the preamble, confirming the hierarchy relationship.",1.0,,,
335,hierarchy,Brain Injury,subClassOf,Condition,[inferred] Chain-of-Layer: Brain Injury is organized under Condition,accept_direct,,,,,"Brain Injury is listed as a valid subclass of Condition in the preamble, confirming the subclass relationship directly.",1.0,,,
336,hierarchy,Secondary Brain Injury,subClassOf,Brain Injury,[inferred] Chain-of-Layer: Secondary Brain Injury is organized under Brain Injury,accept_direct,,,,,"Secondary Brain Injury is listed as a valid subclass of Brain Injury in the preamble; thus, the subclass relationship holds directly.",1.0,,,
337,hierarchy,Cerebrovascular Autoregulation,subClassOf,Secondary Insult,[inferred] Chain-of-Layer: Cerebrovascular Autoregulation is organized under Secondary Insult,accept_direct,,,,,"Cerebrovascular Autoregulation subClassOf Secondary Insult is directly supported by the preamble, which lists Secondary Insult as a valid subclass for additional complications post-injury.",1.0,,,
338,hierarchy,Adverse Event,subClassOf,Condition,[inferred] Chain-of-Layer: Adverse Event is organized under Condition,accept_direct,,,,,"Adverse Event is listed as a valid subclass of Condition in the preamble; thus, the subclass relationship holds directly.",1.0,,,
339,hierarchy,Heart Rate,subClassOf,Physiological Data,[inferred] Chain-of-Layer: Heart Rate is organized under Physiological Data,accept_direct,,,,,"Heart Rate is listed as a valid subclass of Physiological Data in the preamble; thus, the relation is correct as subClassOf.",1.0,,,
340,hierarchy,Mean Arterial Pressure (MAP),subClassOf,Physiological Data,[inferred] Chain-of-Layer: Mean Arterial Pressure (MAP) is organized under Physiological Data,accept_direct,,,,,Mean Arterial Pressure (MAP) is listed as a subclass of Physiological Data in the preamble; the relationship is direct and valid.,1.0,,,
341,hierarchy,Intracranial Pressure (ICP),subClassOf,Physiological Data,[inferred] Chain-of-Layer: ICP is organized under Physiological Data,accept_direct,,,,,"Intracranial Pressure (ICP) is listed as a subclass of Physiological Data in the preamble, confirming the subclass relationship directly.",1.0,,,
342,hierarchy,Cerebral Perfusion Pressure (CPP),subClassOf,Physiological Data,[inferred] Chain-of-Layer: CPP is organized under Physiological Data,accept_direct,,,,,Cerebral Perfusion Pressure (CPP) is a subclass of Physiological Data as per the preamble's classification of physiological parameters.,1.0,,,
343,hierarchy,Carbon Dioxide,subClassOf,Physiological Data,[inferred] Chain-of-Layer: Carbon Dioxide is organized under Physiological Data,accept_direct,,,,,"Carbon Dioxide is listed as a valid subclass of Physiological Data in the preamble, confirming the subclass relationship.",1.0,,,
344,hierarchy,PbrO2,subClassOf,Physiological Data,[inferred] Chain-of-Layer: Pbro2 is organized under Physiological Data,accept_direct,,,,,"PbrO2 is listed as a subclass of Physiological Data in the preamble, confirming the hierarchy relationship.",1.0,,,
345,hierarchy,Partial Pressure of Brain Tissue Oxygen,subClassOf,Physiological Data,[inferred] Chain-of-Layer: Partial Pressure of Brain Tissue Oxygen is organized under Physiological Data,accept_direct,,,,,Partial Pressure of Brain Tissue Oxygen is a valid subclass of Physiological Data as per the preamble's classification of physiological parameters.,1.0,,,
346,hierarchy,Partial Pressure of Carbon Dioxide,subClassOf,Physiological Data,[inferred] Chain-of-Layer: Partial Pressure of Carbon Dioxide is organized under Physiological Data,accept_direct,,,,,Partial Pressure of Carbon Dioxide is a valid subclass of Physiological Data as per the preamble's hierarchy of physiological parameters.,1.0,,,
347,hierarchy,Patient Interventions,subClassOf,Therapy,[inferred] Chain-of-Layer: Patient Interventions is organized under Therapy,accept_direct,,,,,Patient Interventions is explicitly listed as a valid subclass of Therapy in the preamble.,1.0,,,
348,hierarchy,Guideline Adherence,subClassOf,Clinical Practice,[inferred] Chain-of-Layer: Guideline Adherence is organized under Clinical Practice,accept_direct,,,,,"Guideline Adherence is listed as a valid subclass of Clinical Practice in the preamble, confirming the subclass relationship directly.",1.0,,,
349,hierarchy,Clinical Reminders,subClassOf,Clinical Practice,[inferred] Chain-of-Layer: Clinical Reminders is organized under Clinical Practice,accept_direct,,,,,Clinical Reminders is explicitly listed as a subclass of Clinical Practice in the preamble.,1.0,,,
350,hierarchy,Outcome Score,subClassOf,Outcome,[inferred] Chain-of-Layer: Outcome Score is organized under Outcome,accept_direct,,,,,"Outcome Score is listed as a subclass of Outcome in the preamble, confirming the subclass relationship directly.",1.0,,,
351,hierarchy,Mortality,subClassOf,Outcome,[inferred] Mortality is a subclass of Outcome (deterministic hierarchy checklist).,accept_direct,,,,,"Mortality is explicitly listed as a subclass of Outcome in the preamble, confirming the hierarchy relationship.",1.0,,,
352,hierarchy,Pressure Reactivity Index (PRx),subClassOf,Derived Parameter,derived index reflecting cerebrovascular pressure reactivity,accept_direct,,,,,Pressure Reactivity Index (PRx) is listed as a subclass of Derived Parameter in the preamble; the subclass relationship is valid.,1.0,,,
353,hierarchy,Physiotherapy,subClassOf,Nursing Intervention,[inferred] Physiotherapy is a subclass of Nursing Intervention.,accept_direct,,,,,"Physiotherapy is listed as a valid subclass of Nursing Intervention in the preamble, confirming the subclass relationship directly.",1.0,,,
354,hierarchy,ICP Sensor Placement,subClassOf,Surgical Procedure,placement of ICP monitoring sensor,accept_direct,,,,,ICP Sensor Placement is a valid subclass of Surgical Procedure as per the preamble's classification of surgical procedures in neurointensive care.,1.0,,,
355,hierarchy,White Blood Cell Count,subClassOf,Haematology,[inferred] White Blood Cell Count is a subclass of Haematology.,accept_direct,,,,,"White Blood Cell Count is listed as a subclass of Haematology in the preamble; thus, the relation is valid as subClassOf.",1.0,,,
356,hierarchy,Analgesia,subClassOf,Baseline Therapy,[inferred] Analgesia is a subclass of Baseline Therapy.,accept_direct,,,,,Analgesia is explicitly listed as a valid subclass of Baseline Therapy in the preamble.,1.0,,,
357,hierarchy,Noradrenaline,subClassOf,Vasopressors,[inferred] Noradrenaline is a subclass of Vasopressors.,accept_direct,,,,,"Noradrenaline is listed as a subclass of Vasopressors in the preamble, confirming the subclass relationship directly.",1.0,,,
358,hierarchy,Anti-pyretics,subClassOf,Baseline Therapy,[inferred] Anti-pyretics is a subclass of Baseline Therapy.,accept_direct,,,,,Anti-pyretics is explicitly listed as a subclass of Baseline Therapy in the preamble.,1.0,,,
359,hierarchy,Paralysis,subClassOf,Baseline Therapy,[inferred] Paralysis is a subclass of Baseline Therapy.,accept_direct,,,,,"Paralysis is explicitly listed as a subclass of Baseline Therapy in the preamble; thus, the triple is valid as stated.",1.0,,,
360,hierarchy,Anti-hypertensives,subClassOf,Baseline Therapy,[inferred] Anti-hypertensives is a subclass of Baseline Therapy.,accept_direct,,,,,Anti-hypertensives is explicitly listed as a subclass of Baseline Therapy in the preamble.,1.0,,,
361,hierarchy,Osmotics,subClassOf,Secondary Insult Therapy,[inferred] Osmotics is a subclass of Secondary Insult Therapy.,accept_direct,,,,,"Osmotics is listed as a valid subclass of Secondary Insult Therapy in the preamble; therefore, the subclass relationship holds directly.",1.0,,,
362,hierarchy,Skull Fracture Elevation,subClassOf,Surgical Procedure,[inferred] Skull Fracture Elevation is a subclass of Surgical Procedure.,accept_direct,,,,,"Skull Fracture Elevation is listed as a valid subclass of Surgical Procedure in the preamble; therefore, the relationship holds directly.",1.0,,,
363,hierarchy,Cerebral Perfusion Pressure (CPP),subClassOf,Derived Parameter,Cerebral Perfusion Pressure (CPP) management,accept_direct,,,,,"Cerebral Perfusion Pressure (CPP) is listed as a subclass of Derived Parameter in the preamble; thus, the subclass relationship is valid.",1.0,,,
364,hierarchy,Patient Transport,subClassOf,Nursing Intervention,[inferred] Patient Transport is a subclass of Nursing Intervention.,accept_direct,,,,,Patient Transport is listed as a valid subclass of Nursing Intervention in the preamble.,1.0,,,
365,hierarchy,Systemic Hypotension,subClassOf,Secondary Insult,[inferred] Systemic Hypotension is a subclass of Secondary Insult.,accept_direct,,,,,Systemic Hypotension is listed as a valid subclass of Secondary Insult in the preamble; the relation is correctly subClassOf.,1.0,,,
366,hierarchy,Ventilation,subClassOf,Baseline Therapy,[inferred] Ventilation is a subclass of Baseline Therapy.,accept_direct,,,,,"Ventilation is listed as a subclass of Baseline Therapy in the preamble; thus, the relationship holds directly.",1.0,,,
367,hierarchy,Routine Nursing Care,subClassOf,Nursing Intervention,routine nursing care,accept_direct,,,,,"Routine Nursing Care is listed as a subclass of Nursing Intervention in the preamble; thus, the relationship is valid as subClassOf.",1.0,,,
368,hierarchy,Antibiotics,subClassOf,Baseline Therapy,[inferred] Antibiotics is a subclass of Baseline Therapy.,accept_direct,,,,,"Antibiotics is explicitly listed as a subclass of Baseline Therapy in the preamble, confirming the hierarchy relationship.",1.0,,,
369,hierarchy,Hypotension,subClassOf,Secondary Insult,Hypotension is a recognized secondary insult after traumatic brain injury (TBI).,accept_direct,,,,,"Hypotension is explicitly listed as a subclass of Secondary Insult in the preamble, confirming the subclass relationship.",1.0,,,
370,hierarchy,Steroids,subClassOf,Secondary Insult Therapy,Domain-scope scaffolding: Steroids is a known subclass of Secondary Insult Therapy in the BrainIT domain.,accept_direct,,,,,"Steroids is explicitly listed as a subclass of Secondary Insult Therapy in the preamble, confirming the direct subclass relationship.",1.0,,,
371,hierarchy,Arterial Hypotension,subClassOf,Systemic Hypotension,Schema-inferred: Arterial Hypotension is a subclass of Systemic Hypotension.,accept_direct,,,,,"Arterial Hypotension is listed as a subclass of Systemic Hypotension in the preamble; thus, the relationship is valid and direct.",1.0,,,
372,hierarchy,PbrO2,subClassOf,Optional Monitoring Parameter,Schema-inferred: Brain Tissue Oxygen is a subclass of Optional Monitoring Parameter.,accept_direct,,,,,"PbrO2 is explicitly listed as a subclass of Optional Monitoring Parameter in the preamble; thus, the relation is valid as subClassOf.",1.0,,,
373,hierarchy,Electrocardiogram (ECG),subClassOf,Monitoring Data,"Minute by minute monitoring data This is the minimum minute by minute monitoring data required for inclusion in the Brain Monitoring with Information Technology (BrainIT) Database and include: Heart Rate (specifying source: Electrocardiogram (ECG) or Pulse Oximetry), Respiration Rate (sources: impedance plethmography or ventilator), Mean Arterial Pressure, mean Intracranial Pressure (ICP), Pulse Oximetry (SaO2) and Temperature (sources: rectal=oesophageal= bladder=skin.) I.",accept_direct,,,,,"Electrocardiogram (ECG) is explicitly listed as a subclass of Monitoring Data in the preamble, confirming the subclass relationship.",1.0,,,
374,hierarchy,Respiration Rate,subClassOf,Core Monitoring Parameter,"Minute by minute monitoring data This is the minimum minute by minute monitoring data required for inclusion in the Brain Monitoring with Information Technology (BrainIT) Database and include: Heart Rate (specifying source: Electrocardiogram (ECG) or Pulse Oximetry), Respiration Rate (sources: impedance plethmography or ventilator), Mean Arterial Pressure, mean Intracranial Pressure (ICP), Pulse Oximetry (SaO2) and Temperature (sources: rectal=oesophageal= bladder=skin.) I.",accept_direct,,,,,"Respiration Rate is listed as a Core Monitoring Parameter in the preamble; thus, the subclass relationship is valid.",1.0,,,
375,hierarchy,Mean Arterial Pressure (MAP),subClassOf,Monitoring Data,"Minute by minute monitoring data This is the minimum minute by minute monitoring data required for inclusion in the Brain Monitoring with Information Technology (BrainIT) Database and include: Heart Rate (specifying source: Electrocardiogram (ECG) or Pulse Oximetry), Respiration Rate (sources: impedance plethmography or ventilator), Mean Arterial Pressure, mean Intracranial Pressure (ICP), Pulse Oximetry (SaO2) and Temperature (sources: rectal=oesophageal= bladder=skin.) I.",accept_direct,,,,,"Mean Arterial Pressure (MAP) subClassOf Monitoring Data is directly supported by the preamble, which lists MAP as a monitored parameter.",1.0,,,
376,hierarchy,SaO2,subClassOf,Monitoring Data,"Minute by minute monitoring data This is the minimum minute by minute monitoring data required for inclusion in the Brain Monitoring with Information Technology (BrainIT) Database and include: Heart Rate (specifying source: Electrocardiogram (ECG) or Pulse Oximetry), Respiration Rate (sources: impedance plethmography or ventilator), Mean Arterial Pressure, mean Intracranial Pressure (ICP), Pulse Oximetry (SaO2) and Temperature (sources: rectal=oesophageal= bladder=skin.) I.",accept_direct,,,,,"SaO2 subClassOf Monitoring Data is directly supported by the preamble, which lists SaO2 as a monitoring parameter.",1.0,,,
377,hierarchy,Temperature,subClassOf,Core Monitoring Parameter,"Minute by minute monitoring data This is the minimum minute by minute monitoring data required for inclusion in the Brain Monitoring with Information Technology (BrainIT) Database and include: Heart Rate (specifying source: Electrocardiogram (ECG) or Pulse Oximetry), Respiration Rate (sources: impedance plethmography or ventilator), Mean Arterial Pressure, mean Intracranial Pressure (ICP), Pulse Oximetry (SaO2) and Temperature (sources: rectal=oesophageal= bladder=skin.) I.",accept_direct,,,,,"Temperature is listed as a Core Monitoring Parameter in the preamble, confirming the subclass relationship directly.",1.0,,,
378,hierarchy,Reading,subClassOf,Observation,define pd:Reading as a subclass of ssn:ObservationValue,accept_direct,,,,,"Reading is explicitly listed as a subclass of Observation in the preamble; therefore, the subclass relationship holds directly.",1.0,,,
379,hierarchy,Parameter,subClassOf,Observation,pd:Parameter (representing things that were recorded) as a subclass of ssn:Property,accept_direct,,,,,"Parameter subClassOf Observation is supported by the preamble, which defines Parameter as a physiological variable that is measured and recorded, aligning with Observation.",1.0,,,
380,hierarchy,Machine,subClassOf,Sensor,defined mms:Machine as a subclass of ssn:Platform,accept_direct,,,,,"Machine is listed as a valid subclass of Sensor in the preamble; thus, the subclass relationship holds directly.",1.0,,,
381,hierarchy,SaO2,subClassOf,Core Monitoring Parameter,[inferred] Chain-of-Layer: Sao2 is organized under Core Monitoring Parameter,accept_direct,,,,,SaO2 subClassOf Core Monitoring Parameter is explicitly listed in the preamble as a valid subclass relationship.,1.0,,,
382,hierarchy,Cerebral Perfusion Pressure (CPP),subClassOf,Core Monitoring Parameter,[inferred] Chain-of-Layer: Cerebral Perfusion Pressure (CPP) is organized under Core Monitoring Parameter,accept_direct,,,,,"Cerebral Perfusion Pressure (CPP) is listed as a subclass of Core Monitoring Parameter in the preamble; therefore, the relationship is valid as stated.",1.0,,,
383,hierarchy,CVP,subClassOf,Core Monitoring Parameter,[inferred] Chain-of-Layer: CVP is organized under Core Monitoring Parameter,accept_direct,,,,,"CVP is listed as a subclass of Core Monitoring Parameter in the preamble, thus the relationship holds directly.",1.0,,,
384,hierarchy,Head Injury,subClassOf,Brain Injury,[inferred] Chain-of-Layer: Head Injury is organized under Brain Injury,accept_direct,,,,,"Head Injury is listed as a subclass of Brain Injury in the preamble, confirming the subclass relationship directly.",1.0,,,
385,hierarchy,Neurological Injury,subClassOf,Brain Injury,[inferred] Chain-of-Layer: Neurological Injury is organized under Brain Injury,accept_direct,,,,,"Neurological Injury is listed as a subclass of Brain Injury in the preamble; thus, the subclass relationship is valid.",1.0,,,
386,hierarchy,Coma,subClassOf,Brain Injury,[inferred] Chain-of-Layer: Coma is organized under Brain Injury,accept_direct,,,,,Coma is listed as a subclass of Brain Injury in the preamble; the relation is valid as per the hierarchy.,1.0,,,
387,hierarchy,Hypertension,subClassOf,Secondary Insult,[inferred] Chain-of-Layer: Hypertension is organized under Secondary Insult,accept_direct,,,,,"Hypertension is a valid subclass of Secondary Insult as per the preamble, which lists Hypertension under Secondary Insult.",1.0,,,
388,hierarchy,Sepsis,subClassOf,Secondary Insult,[inferred] Chain-of-Layer: Sepsis is organized under Secondary Insult,accept_direct,,,,,"Sepsis is listed as a valid subclass of Condition in the preamble, and Secondary Insult is a subclass of Insult, making the hierarchy valid.",1.0,,,
389,hierarchy,Adrenaline,subClassOf,Arterial Pressors,[inferred] Chain-of-Layer: Adrenaline is organized under Therapy,accept_direct,,,,,"Adrenaline is a subclass of Arterial Pressors as it is used in secondary insult therapy, aligning with the preamble's classification.",0.9,,,
390,hierarchy,Noradrenaline,subClassOf,Arterial Pressors,[inferred] Chain-of-Layer: Noradrenaline is organized under Therapy,accept_direct,,,,,"Noradrenaline is a subclass of Arterial Pressors, as it is used in secondary insult therapy, which is listed in the preamble.",0.9,,,
391,hierarchy,Derived Parameter,subClassOf,Monitoring Data,[inferred] Derived Parameter is a subclass of Monitoring Data.,accept_direct,,,,,"Derived Parameter is explicitly listed as a subclass of Monitoring Data in the preamble; thus, the subclass relationship holds directly.",1.0,,,
392,hierarchy,Probable Error,subClassOf,Data Quality Assessment,a reading outside its acceptable range with no contextual clinical explanation,accept_direct,,,,,"Probable Error subClassOf Data Quality Assessment is valid as per the preamble, which states that Probable Error is a type of Data Quality Assessment.",1.0,,,
393,hierarchy,Bedside Intervention,subClassOf,Nursing Intervention,"Line insertion/renewal, transducer calibration, x-ray",accept_direct,,,,,"Bedside Intervention is listed as a valid subclass of Nursing Intervention in the preamble; thus, the relationship is valid as subClassOf.",1.0,,,
394,hierarchy,Cerebral Perfusion Pressure (CPP),subClassOf,Parameter,Cerebral perfusion pressure (CPP 1/4 Blood Pressure (BP)-ICP) monitoring is a good example.,accept_direct,,,,,"Cerebral Perfusion Pressure (CPP) is listed as a subclass of Parameter in the preamble, confirming the subclass relationship directly.",1.0,,,
395,hierarchy,Brain Temperature,subClassOf,Optional Monitoring Parameter,Domain-scope scaffolding: Brain Temperature is a known subclass of Optional Monitoring Parameter in the BrainIT domain.,accept_direct,,,,,"Brain Temperature is listed as a valid subclass of Optional Monitoring Parameter in the preamble; thus, the relationship holds directly.",1.0,,,
396,hierarchy,Microdialysis,subClassOf,Optional Monitoring Parameter,Domain-scope scaffolding: Microdialysis is a known subclass of Optional Monitoring Parameter in the BrainIT domain.,accept_direct,,,,,"Microdialysis is listed as a valid subclass of Optional Monitoring Parameter in the preamble; therefore, the relation is correctly subClassOf.",1.0,,,
397,hierarchy,Evacuation of Mass Lesion,subClassOf,Surgical Procedure,Domain-scope scaffolding: Evacuation of Mass Lesion is a known subclass of Surgical Procedure in the BrainIT domain.,accept_direct,,,,,Evacuation of Mass Lesion is explicitly listed as a subclass of Surgical Procedure in the preamble.,1.0,,,
398,hierarchy,Adrenaline,subClassOf,Vasopressors,Schema-inferred: Adrenaline is a subclass of Vasopressors.,accept_direct,,,,,Adrenaline is a subclass of Vasopressors as per the preamble which lists Vasopressors as a category of medications used in critical care.,0.95,,,
399,hierarchy,Extracranial Injury,subClassOf,Injuries,45.9% presented with an additional extracranial injury,accept_direct,,,,,Extracranial Injury is a valid subclass of Injuries as it represents a type of physical damage resulting from external force or trauma.,0.95,,,
400,hierarchy,Bedside Intervention,subClassOf,Nursing Intervention,[inferred] cluster completion,accept_direct,,,,,Bedside Intervention is listed as a valid subclass of Nursing Intervention in the preamble; the relation is subClassOf.,1.0,,,
401,hierarchy,Routine Nursing Care,subClassOf,Nursing Intervention,[inferred] cluster completion,accept_direct,,,,,"Routine Nursing Care is explicitly listed as a subclass of Nursing Intervention in the preamble; therefore, the triple holds directly.",1.0,,,
402,hierarchy,White Blood Cell Count,subClassOf,Haematology,[inferred] cluster completion,accept_direct,,,,,"White Blood Cell Count is listed as a valid subclass of Haematology in the preamble; thus, the relation is correctly subClassOf.",1.0,,,
403,hierarchy,Sodium,subClassOf,Biochemistry,[inferred] cluster completion,accept_direct,,,,,Sodium subClassOf Biochemistry is the analyte→panel subclass pattern listed in the preamble; relation should be subClassOf.,1.0,,,
404,hierarchy,Haematocrit,subClassOf,Haematology,[inferred] cluster completion,accept_direct,,,,,Haematocrit is a valid subclass of Haematology as per the preamble's classification of analytes under their respective panels.,1.0,,,
405,hierarchy,Haematology,subClassOf,Laboratory Values,[inferred] cluster completion,accept_direct,,,,,Haematology is a valid subclass of Laboratory Values as per the preamble's classification of analytes and panels.,1.0,,,
406,hierarchy,Haematocrit,subClassOf,Haematology,[inferred] cluster completion,accept_direct,,,,,"Haematocrit is listed as a valid subclass of Haematology in the preamble; thus, the relation is correctly subClassOf.",1.0,,,
407,hierarchy,Haemoglobin,subClassOf,Haematology,[inferred] cluster completion,accept_direct,,,,,"Haemoglobin is a valid subclass of Haematology as it pertains to blood values, which is explicitly supported by the preamble.",0.95,,,
408,hierarchy,Potassium,subClassOf,Biochemistry,[inferred] cluster completion,accept_direct,,,,,Potassium subClassOf Biochemistry is the analyte→panel subclass pattern listed in the preamble; relation is correctly subClassOf.,1.0,,,
409,hierarchy,Sodium,subClassOf,Biochemistry,[inferred] cluster completion,accept_direct,,,,,Sodium subClassOf Biochemistry is the analyte→panel subclass pattern listed in the preamble; relation should be subClassOf.,1.0,,,
410,hierarchy,Possible Error,subClassOf,Data Quality Assessment,[inferred] cluster completion,accept_direct,,,,,"Possible Error subClassOf Data Quality Assessment is valid as per the preamble, which lists Data Quality Assessment as a class encompassing Possible Error.",1.0,,,
411,hierarchy,Laboratory Values,subClassOf,Monitoring Data,[inferred] cluster completion,accept_direct,,,,,"Laboratory Values is listed as a valid subclass of Monitoring Data in the preamble; thus, the relation is correctly subClassOf.",1.0,,,
412,hierarchy,Physiotherapy,subClassOf,Nursing Intervention,[inferred] cluster completion,accept_direct,,,,,"Physiotherapy is listed as a valid subclass of Nursing Intervention in the preamble; thus, the relation is correctly subClassOf.",1.0,,,
413,hierarchy,Analgesia,subClassOf,Baseline Therapy,[inferred] cluster completion,accept_direct,,,,,Analgesia is explicitly listed as a valid subclass of Baseline Therapy in the preamble.,1.0,,,
414,hierarchy,Potassium,subClassOf,Biochemistry,[inferred] cluster completion,accept_direct,,,,,Potassium is listed as a valid subclass of Biochemistry in the preamble; the relation is correctly subClassOf.,1.0,,,
415,hierarchy,SjO2,subClassOf,Core Monitoring Parameter,[inferred] cluster completion,accept_direct,,,,,SjO2 is listed as a valid subclass of Core Monitoring Parameter in the preamble; the relation is subClassOf.,1.0,,,
416,hierarchy,Haematocrit,subClassOf,Haematology,[inferred] cluster completion,accept_direct,,,,,"Haematocrit is listed as a valid subclass of Haematology in the preamble; thus, the relation is correctly subClassOf.",1.0,,,
417,hierarchy,Haemoglobin,subClassOf,Haematology,[inferred] cluster completion,accept_direct,,,,,"Haemoglobin is listed as a valid subclass of Haematology in the preamble; thus, the relation is correctly subClassOf.",1.0,,,
418,hierarchy,Sodium,subClassOf,Biochemistry,[inferred] cluster completion,accept_direct,,,,,Sodium subClassOf Biochemistry is the analyte→panel subclass pattern listed in the preamble; relation should be subClassOf.,1.0,,,
419,hierarchy,Carbon Dioxide,subClassOf,Partial Pressure of Carbon Dioxide,[inferred] cluster completion,accept_direct,,,,,Carbon Dioxide is a valid subclass of Partial Pressure of Carbon Dioxide as both are related to respiratory function assessment; the relation is subClassOf as per the preamble.,0.95,,,
420,hierarchy,Cerebral Perfusion Pressure (CPP),subClassOf,Monitoring Data,Cerebral perfusion pressure (CPP 1/4 Blood Pressure (BP)-ICP) monitoring is a good example.,accept_direct,,,,,"Cerebral Perfusion Pressure (CPP) is listed as a subclass of Monitoring Data in the preamble, confirming the hierarchical relationship.",1.0,,,
421,hierarchy,CVP,subClassOf,Monitoring Data,physiological monitoring data,accept_direct,,,,,CVP is listed as a subclass of Monitoring Data in the preamble; the relation is subClassOf as required.,1.0,,,
422,hierarchy,Guideline Adherence,subClassOf,Clinical Practice,"This work attempts to leverage those advantages by providing a 'near real-time' ability to monitor clinical guideline adherence, as well as providing measurable quantitative feedback.",accept_direct,,,,,Guideline Adherence subClassOf Clinical Practice is explicitly stated in the preamble as a valid subclass relationship.,1.0,,,
423,hierarchy,Heart Rate,subClassOf,Monitoring Data,Heart Rate (specifying source: Electrocardiogram (ECG) or Pulse Oximetry),accept_direct,,,,,Heart Rate is listed as a subclass of Monitoring Data in the preamble; the relationship is hierarchical and valid.,1.0,,,
424,hierarchy,SaO2,subClassOf,Monitoring Data,Pulse Oximetry (SaO2),accept_direct,,,,,"SaO2 is listed as a subclass of Monitoring Data in the preamble; thus, the relation is valid as subClassOf.",1.0,,,
425,hierarchy,Temperature,subClassOf,Monitoring Data,Temperature (sources: rectal=oesophageal= bladder=skin),accept_direct,,,,,Temperature is a valid subclass of Monitoring Data as per the preamble's classification of physiological parameters.,1.0,,,
426,hierarchy,EtCO2,subClassOf,Monitoring Data,End-Tidal CO2 (EtCO2),accept_direct,,,,,"EtCO2 is listed as a valid subclass of Monitoring Data in the preamble; thus, the subclass relationship is correct.",1.0,,,
427,hierarchy,Jugular Venous Oxygen Saturation,subClassOf,Monitoring Data,Jugular Venous Oxygen Saturation (SjO2),accept_direct,,,,,Jugular Venous Oxygen Saturation is a valid subclass of Monitoring Data as per the preamble's classification of physiological parameters.,1.0,,,
428,hierarchy,Transcranial Doppler,subClassOf,Monitoring Data,Transcranial Doppler (TCD),accept_direct,,,,,Transcranial Doppler is a valid subclass of Monitoring Data as per the preamble's classification of monitoring parameters.,1.0,,,
429,hierarchy,End-tidal Carbon Dioxide,subClassOf,Monitoring Data,has monitoring data(EtCO2 → Monitoring Data),accept_direct,,,,,End-tidal Carbon Dioxide is a valid subclass of Monitoring Data as per the preamble's hierarchy of monitoring parameters.,1.0,,,
430,hierarchy,NIBP,subClassOf,Monitoring Data,has monitoring data(Mean Arterial Pressure → Monitoring Data),accept_direct,,,,,"NIBP subClassOf Monitoring Data is directly supported by the preamble, which lists NIBP as an optional monitoring parameter under Monitoring Data.",1.0,,,
431,hierarchy,Ventilation,subClassOf,Baseline Therapy,[inferred] cluster completion,accept_direct,,,,,"Ventilation is listed as a valid subclass of Baseline Therapy in the preamble; thus, the subclass relationship holds directly.",1.0,,,
432,hierarchy,Heart Rate,subClassOf,Monitoring Data,[inferred] cluster completion,reject,,,,,judge output unparseable; defaulted to reject,0.0,,,parse_error
433,hierarchy,NIBP,subClassOf,Monitoring Data,[inferred] cluster completion,accept_direct,,,,,NIBP is listed as an optional monitoring parameter under Monitoring Data in the preamble; the relationship is valid as a subclass of.,1.0,,,
434,hierarchy,Peripheral Temperature,subClassOf,Monitoring Data,[inferred] cluster completion,accept_direct,,,,,Peripheral Temperature is listed as a valid subclass of Monitoring Data in the preamble; the relation is correctly subClassOf.,1.0,,,
435,hierarchy,Temperature,subClassOf,Monitoring Data,[inferred] cluster completion,accept_direct,,,,,"Temperature is listed as a subclass of Monitoring Data in the preamble; thus, the relation is valid.",1.0,,,
436,hierarchy,Cardiac Output,subClassOf,Monitoring Data,[inferred] cluster completion,accept_direct,,,,,"Cardiac Output is listed as a valid subclass of Monitoring Data in the preamble; thus, the relation is valid as subClassOf.",1.0,,,
437,hierarchy,Fluids,subClassOf,Baseline Therapy,[inferred] cluster completion,accept_direct,,,,,"Fluids is listed as a valid subclass of Baseline Therapy in the preamble, confirming the subclass relationship.",1.0,,,
438,hierarchy,Glucose,subClassOf,Laboratory Values,[inferred] cluster completion,accept_direct,,,,,"Glucose subClassOf Laboratory Values is valid as analytes are subclasses of their respective panels, as stated in the preamble.",0.95,,,
439,hierarchy,Nutrition,subClassOf,Baseline Therapy,[inferred] cluster completion,accept_direct,,,,,"Nutrition is listed as a valid subclass of Baseline Therapy in the preamble; thus, the subclass relationship holds directly.",1.0,,,
440,hierarchy,Hypothermia Therapy,subClassOf,Baseline Therapy,[inferred] cluster completion,reject,,,,,Hypothermia Therapy is not a subclass of Baseline Therapy; it is a specific treatment rather than a standard ICU therapy category.,0.9,,,
441,hierarchy,SaO2,subClassOf,Monitoring Data,[inferred] cluster completion,accept_direct,,,,,"SaO2 is listed as a valid subclass of Monitoring Data in the preamble; thus, the relationship is directly valid.",1.0,,,
442,hierarchy,EtCO2,subClassOf,Monitoring Data,[inferred] cluster completion,accept_direct,,,,,"EtCO2 is listed as a subclass of Monitoring Data in the preamble, confirming the subclass relationship directly.",1.0,,,
443,hierarchy,Haemoglobin,subClassOf,Laboratory Values,[inferred] cluster completion,accept_direct,,,,,"Haemoglobin is listed as a valid subclass of Laboratory Values in the preamble; thus, the relation is correctly subClassOf.",1.0,,,
444,hierarchy,Nursing Intervention,subClassOf,Therapy,[inferred] cluster completion,accept_direct,,,,,"Nursing Intervention is listed as a valid subclass of Therapy in the preamble; thus, the subclass relationship holds directly.",1.0,,,
