triple_index,kind,subject,relation,object,evidence,verdict,revise_subtype,suggested_subject,suggested_relation,suggested_object,justification,confidence,stage_b_justification,stage_b_confidence,flags
0,relation,Decompressive Craniectomy,has outcome,Outcome,The outcome was captured at six months using the extended Glasgow Outcome Scale (GOSE).,accept_direct,,,,,"Decompressive Craniectomy has a direct outcome related to patient outcomes, as it is a surgical procedure that affects patient outcomes.",0.95,,,
1,relation,Traumatic Brain Injury,targets condition,Intracranial Pressure (ICP),one of the cornerstones of brain-protective strategies is to reduce and control intracranial pressure (ICP),accept_direct,,,,,The relationship 'Traumatic Brain Injury targets condition Intracranial Pressure' is semantically correct as TBI management directly involves controlling ICP.,0.95,,,
2,relation,Intracranial Hypertension,is associated with,Mortality,Uncontrollable intracranial hypertension is a major cause of death in patients with severe traumatic brain injury.,accept_direct,,,,,"Intracranial Hypertension is associated with Mortality, as uncontrollable intracranial hypertension is a major cause of death in TBI patients.",0.95,,,
3,relation,Intracranial Hypertension,targets condition,Decompressive Craniectomy,patients with intracranial hypertension treated conservatively were excluded.,accept_direct,,,,,The relationship 'Intracranial Hypertension targets Condition Decompressive Craniectomy' is semantically correct as decompressive craniectomy is a surgical intervention for treating intracranial hypertension.,0.9,,,
4,relation,GCS Assessment,assesses,Motor Impairment,The Glasgow Motors Score was used for assessing motor impairment.,accept_direct,,,,,GCS Assessment assesses Motor Impairment directly as it is used for evaluating neurological status after brain injury.,0.95,,,
5,relation,Pupil Assessment,monitoring indicates condition,Motor Impairment,Pupil abnormalities were seen in 34.4% of our patients.,revise,4.4,Pupil Assessment,hasClinicalAssessment,Motor Impairment,The relation 'monitoring indicates condition' is not valid; it should be 'hasClinicalAssessment' since Pupil Assessment is a type of Clinical Assessment.,0.85,The relation 'monitoring indicates condition' is incorrect; it should be 'hasClinicalAssessment' since Pupil Assessment is a type of Clinical Assessment.,1.0,
6,relation,Secondary Insult,is associated with,Hypotension,"Hypoxia and arterial hypotension were found in 10.0% and 6.1%, respectively.",accept_direct,,,,,The relationship 'Secondary Insult is associated with Hypotension' is clinically valid as secondary insults can exacerbate hypotension in critically ill patients.,0.9,,,
7,relation,Traumatic Brain Injury,has outcome,Outcome,A more extensive description is provided in the Supplementary Appendix.,accept_direct,,,,,The relationship 'Traumatic Brain Injury hasOutcome Outcome' is semantically correct as TBI outcomes are measured by various outcome metrics.,0.95,,,
8,relation,Traumatic Brain Injury,is treated with,Decompressive Craniectomy,Decompressive craniectomy (DC) as a last-tier intervention,accept_direct,,,,,The relationship 'Traumatic Brain Injury is treated with Decompressive Craniectomy' is clinically valid as decompressive craniectomy is a recognized treatment for TBI.,0.95,,,
9,relation,Decompressive Craniectomy,is monitored by,Intracranial Pressure (ICP),Mean intracranial pressure (ICP) pre-Decompressive craniectomy (DC),reject,,,,,The relation 'is monitored by' does not hold between 'Decompressive Craniectomy' and 'Intracranial Pressure'; surgical procedures are not monitored by parameters directly.,0.9,,,
10,relation,Intracranial Pressure (ICP),is influenced by,Cerebral Perfusion Pressure (CPP),Mean intracranial pressure (ICP)/Cerebral Perfusion Pressure (CPP),accept_indirect,,,,,Intracranial Pressure (ICP) is influenced by Cerebral Perfusion Pressure (CPP) through the relationship of both being critical parameters in neurological assessments.,0.85,,,
11,relation,Decompressive Craniectomy,is administered during,Barbiturates,Decompressive craniectomy (DC) + thiopental can be referring to barbiturate administration,revise,4.5,Decompressive Craniectomy,receivesTherapy,Barbiturates,The relation 'isAdministeredDuring' is not appropriate; it should be 'receivesTherapy' as Barbiturates is a therapy administered during Decompressive Craniectomy.,0.85,The relation 'isAdministeredDuring' is incorrect; 'Decompressive Craniectomy' receives 'Barbiturates' as therapy during the procedure.,1.0,
12,relation,Decompressive Craniectomy,targets condition,Traumatic Intracranial Hypertension,Decompressive craniectomy (DC) in a patient-tailored combination with other second and third-tier therapies should maintain its place in the management of severe traumatic intracranial hypertension.,accept_direct,,,,,Decompressive Craniectomy targets Traumatic Intracranial Hypertension as it is a surgical procedure aimed at relieving pressure caused by this condition.,0.95,,,
13,relation,Decompressive Craniectomy,has clinical assessment,GOSe Outcome,outcome was only evaluated in terms of robust extended Glasgow Outcome Scores,revise,4.4,Decompressive Craniectomy,hasOutcome,GOSe Outcome,The relation 'has clinical assessment' should be 'hasOutcome' as GOSe Outcome is an outcome measure related to the surgical procedure Decompressive Craniectomy.,0.85,The relation 'has clinical assessment' should be 'hasOutcome' as GOSe Outcome is an outcome measure related to Decompressive Craniectomy.,1.0,
14,relation,Decompressive Craniectomy,reduces,Mean Intracranial Pressure,it effectively reduces Mean intracranial pressure (ICP),accept_direct,,,,,Decompressive Craniectomy reduces Mean Intracranial Pressure is a direct and clinically valid relationship in neurointensive care.,1.0,,,
15,relation,Intracranial Pressure (ICP),has monitoring data,Traumatic Brain Injury,The BESTIntracranial pressure (ICP) monitoring is still considered to provide important information to detect and prevent secondary injury after severe Traumatic brain injury (TBI).,accept_direct,,,,,The relationship 'Intracranial Pressure (ICP) hasMonitoringData Traumatic Brain Injury' is valid as ICP is a monitored parameter relevant to TBI assessments.,0.95,,,
16,relation,Intracranial Hypertension,receives therapy,GOSe Outcome,"Intracranial pressures above 20 mmHg lasting longer than 37 min in adults, and longer than 8 min in children, are associated with worse outcomes.",revise,4.3,Intracranial Hypertension,receivesTherapy,Barbiturates,"The relation 'receivesTherapy' requires the object to be a Therapy class, but 'GOSe Outcome' is an Outcome; it should be replaced with a valid therapy.",0.9,"GOSe Outcome is an Outcome class, while Barbiturates is a valid therapy class, thus correcting the object to a therapy type.",1.0,
17,relation,Cerebral Perfusion Pressure (CPP),has clinical assessment,Intracranial Hypertension,"When the cerebral perfusion pressure is below 50 mmHg, all intracranial pressure insults, regardless of duration, are associated with worse outcome.",revise,4.4,Cerebral Perfusion Pressure,isAssessedBy,Intracranial Hypertension,"The relation 'has clinical assessment' is not valid; 'Cerebral Perfusion Pressure' should be assessed by 'Intracranial Hypertension' instead, indicating a need for a more appropriate relation.",0.7,The relation 'has clinical assessment' should be 'isAssessedBy' as CPP is assessed by Intracranial Hypertension.,1.0,low_evidence
18,relation,Intracranial Pressure (ICP),has monitoring data,Monitoring Data,The BESTIntracranial pressure (ICP) and mean arterial blood pressure (MAP) monitoring data,accept_direct,,,,,The triple 'Intracranial Pressure hasMonitoringData Monitoring Data' holds directly as ICP is a monitored parameter within the context of Monitoring Data.,0.95,,,
19,relation,Monitoring Data,monitoring indicates condition,Condition,the percentage of monitoring time in the red zone during the first day only was a significant independent predictor of mortality,reject,,,,,The relation 'monitoring indicates condition' is semantically incorrect; monitoring data does not directly indicate a condition without intermediate concepts like assessment or analysis.,0.85,,,
20,relation,Intracranial Pressure (ICP),associated with condition,Condition,"when Cerebral Perfusion Pressure (CPP) was below 50 mmHg, almost all The BESTIntracranial pressure (ICP) insults were associated with worse outcome",reject,,,,,"The relation 'associated with condition' does not hold between 'Intracranial Pressure (ICP)' and 'Condition' as defined; ICP is a parameter, not a condition itself.",0.85,,,
21,relation,Traumatic Brain Injury,has monitoring data,Monitoring Data,"The present study autoregulation is intact, the transition curve shifts to the right.",accept_direct,,,,,The triple 'Traumatic Brain Injury hasMonitoringData Monitoring Data' is semantically correct as TBI is monitored using various forms of monitoring data.,0.95,,,
22,relation,Traumatic Brain Injury,is associated with,Secondary Brain Injury,"Cerebrovascular pressure autoregulation is often impaired in severe Traumatic brain injury (TBI), and such impairment is such as the relationship between physiological thresholds and outcome.",accept_direct,,,,,The relationship 'Traumatic Brain Injury is associated with Secondary Brain Injury' is clinically valid as secondary brain injury often follows primary TBI.,0.95,,,
23,relation,Cerebral Perfusion Pressure (CPP),receives therapy,Traumatic Brain Injury,"One would expect such change in recommendation to be followed, and hence to lead to alterations in Cerebral Perfusion Pressure (CPP) policy across centres.",revise,4.4,Cerebral Perfusion Pressure,isMonitoredBy,Traumatic Brain Injury,"Cerebral Perfusion Pressure (CPP) is a parameter, not a therapy; the relation 'receivesTherapy' is incorrectly applied here and should be revised to a valid relationship.",0.85,"Cerebral Perfusion Pressure is a parameter monitored in Traumatic Brain Injury, so the relation should be isMonitoredBy.",0.9,
24,relation,Cerebral Perfusion Pressure (CPP),has monitoring data,Monitoring Data,Cerebral perfusion pressure (CPP 1/4 Blood Pressure (BP)-ICP) monitoring is a good example.,accept_direct,,,,,"Cerebral Perfusion Pressure (CPP) has monitoring data directly related to Monitoring Data, as CPP is a monitored physiological parameter.",0.95,,,
25,relation,Vasopressors,receives therapy,Cerebral Perfusion Pressure (CPP),the non-beneficial effect of keeping Cerebral Perfusion Pressure (CPP) above 70 mmHg by administering high doses of vasopressors.,revise,4.3,Vasopressors,receivesTherapy,Arterial Pressors,Cerebral Perfusion Pressure (CPP) is not a therapy; it should be replaced with a valid therapy class like Arterial Pressors or Vasopressors.,0.85,Cerebral Perfusion Pressure (CPP) is not a therapy; it should be replaced with a valid therapy class like Arterial Pressors.,0.9,
26,relation,Cerebral Perfusion Pressure (CPP),correlates with,Mean Arterial Pressure (MAP),Cerebral Perfusion Pressure (CPP) strongly correlated with Mean Arterial Pressure (MAP).,accept_direct,,,,,Cerebral Perfusion Pressure (CPP) correlates with Mean Arterial Pressure (MAP) as both are critical parameters in assessing brain perfusion and hemodynamics in TBI patients.,0.95,,,
27,relation,Cerebral Perfusion Pressure (CPP),receives therapy,Intracranial Pressure (ICP),it is influenced by Intracranial Pressure (ICP) variability,revise,4.5,Cerebral Perfusion Pressure,isInfluencedBy,Intracranial Pressure,Cerebral Perfusion Pressure (CPP) cannot 'receive therapy'; it should be 'is influenced by' Intracranial Pressure (ICP) as a monitoring parameter.,0.85,"Cerebral Perfusion Pressure should be influenced by Intracranial Pressure as a monitoring parameter, correcting the relation from receivesTherapy.",1.0,
28,relation,Cerebral Perfusion Pressure (CPP),receives therapy,Mean Arterial Pressure (MAP),Mean Arterial Pressure (MAP) variability including,revise,4.5,Cerebral Perfusion Pressure,isMonitoredBy,Mean Arterial Pressure,"Cerebral Perfusion Pressure (CPP) is a physiological parameter, not a therapy; the relation 'receives therapy' should be changed to a valid relation that connects CPP to a relevant therapy.",0.85,"Cerebral Perfusion Pressure is a physiological parameter that is monitored by Mean Arterial Pressure, making the relation more appropriate.",0.9,
29,relation,Cerebral Perfusion Pressure (CPP),associates with,Acute Respiratory Distress Syndrome,acute respiratory distress syndrome (ARDS) reportedly associated with vasopressors,accept_indirect,,,,,Cerebral Perfusion Pressure (CPP) is associated with Acute Respiratory Distress Syndrome (ARDS) via the impact of CPP on secondary injuries and overall patient condition in TBI.,0.7,,,low_evidence
30,relation,Cerebral Perfusion Pressure (CPP),follows,Guideline,the Brain Trauma Foundation (BTF) guidelines issued this year,reject,,,,,The relation 'follows' does not hold between 'Cerebral Perfusion Pressure' and 'Guideline' as they are not directly related in the context of neurointensive care.,0.85,,,
31,relation,Guideline Adherence,receives therapy,Traumatic Brain Injury,Guideline adherence and outcomes in severe adult traumatic brain injury,revise,4.3,Guideline Adherence,receivesTherapy,Baseline Therapy,"The relation 'receivesTherapy' requires the object to be a Therapy class, while 'Traumatic Brain Injury' is a Condition; it should be revised to a valid Therapy class.",0.9,"Traumatic Brain Injury is a Condition, while Baseline Therapy is a valid Therapy class, correcting the object to match the required relation.",1.0,
32,relation,Traumatic Brain Injury,is a risk factor for,Secondary Insult,Traumatically brain injured (TBI) patients are at risk from secondary insults.,accept_direct,,,,,"Traumatic Brain Injury is a recognized risk factor for Secondary Insult in neurointensive care, as supported by the evidence provided.",0.9,,,
33,relation,Hypotension,is related to,Poor Outcome,"Arterial hypotension, critically low blood pressure, is one of the most dangerous secondary insults and is related to poor outcome in patients.",accept_direct,,,,,"Hypotension is related to Poor Outcome, as evidenced by the text stating arterial hypotension is related to poor outcomes in critically ill patients.",0.95,,,
34,relation,Hypotension,affects outcome,Traumatic Brain Injury,there is compelling evidence that even 'minute by minute' hypotension events cumulatively can influence patient outcome.,reject,,,,,judge output unparseable; defaulted to reject,0.0,,,parse_error
35,relation,Hypotension,prognostic factor for,Head Injury,the cumulative duration of arterial hypotensive events is a prognostic factor for their clinical outcome following a head injury.,reject,,,,,judge output unparseable; defaulted to reject,0.0,,,parse_error
36,relation,Hypotension,associated with condition,Condition,"for with the medical management of sepsis, it has been shown that duration of hypotension before initiation",reject,,,,,The relationship 'Hypotension associated with Condition' is incorrect as 'Condition' is too generic and does not specifically relate to Hypotension; no valid relation supports this pairing.,0.85,,,
37,relation,Traumatic Brain Injury,has monitoring data,Hypotension,both systolic and mean arterial pressure should be monitored and considered in the definition of hypotension,revise,4.5,Traumatic Brain Injury,isMonitoredBy,Hypotension,The relation 'has monitoring data' is not appropriate; 'Traumatic Brain Injury' should be associated with 'Hypotension' via a monitoring parameter instead.,0.8,The relation 'has monitoring data' is incorrect; 'Traumatic Brain Injury' should be associated with 'Hypotension' via 'isMonitoredBy'.,0.9,
38,relation,Hypotension,is a condition of,Sepsis,"for with the medical management of sepsis, it has been shown that duration of hypotension before initiation",accept_indirect,,,,,"Hypotension is a condition that can lead to poor outcomes in critically ill patients, and Sepsis is a condition that can be influenced by Hypotension, establishing an indirect relationship.",0.8,,,
39,relation,Sepsis,receives therapy,Hypotension,it has been shown that with each hour delay in treatment of hypotension leads to an increase in in-hospital mortality.,revise,4.3,Sepsis,receivesTherapy,Baseline Therapy,Hypotension is not a therapy; it should be replaced with a valid therapy class such as Baseline Therapy or Secondary Insult Therapy.,0.85,Hypotension is not a therapy; it should be replaced with a valid therapy class like Baseline Therapy.,1.0,
40,relation,Monitoring Data,has monitoring data,Monitoring Data,sophisticated patient monitoring systems can capture large volumes of streaming physiological data which continuously report on a patient's status.,reject,,,,,The triple 'Monitoring Data has monitoring data Monitoring Data' is semantically incorrect as it implies a circular relationship without valid hierarchical or associative context.,0.7,,,low_evidence
41,relation,Intracranial Pressure (ICP),affects outcome,Hypotension,Impact of Intracranial Pressure (ICP) instability and hypotension on outcome in patients with severe head trauma.,accept_direct,,,,,"Intracranial Pressure (ICP) affects outcome in patients with Hypotension, which is clinically valid in neurointensive care.",0.95,,,
42,relation,Secondary Insult,worsens,Head Trauma,Measuring the burden of secondary insults in head-injured patients during intensive care.,reject,,,,,The relationship 'worsens' between 'Secondary Insult' and 'Head Trauma' is not clinically valid; secondary insults do not worsen head trauma directly.,0.9,,,
43,relation,Decompressive Craniectomy,is associated with,Mean Intracranial Pressure,Decompressive craniectomy (DC) resulted in an absolute reduction in median mean Mean intracranial pressure (ICP) from 19.5 group to 13.9 mmHg.,accept_direct,,,,,The relationship 'Decompressive Craniectomy is associated with Mean Intracranial Pressure' is clinically valid as the procedure directly impacts ICP measurements.,0.95,,,
44,relation,Decompressive Craniectomy,is associated with,Cerebrovascular Autoregulation,"A control varying effect on Cerebral Perfusion Pressure (CPP) was seen, as well as a trend of reduction in median Pressure Reactivity Index (PRx).",accept_direct,,,,,The relationship 'Decompressive Craniectomy is associated with Cerebrovascular Autoregulation' is clinically valid as both are relevant in neurointensive care contexts.,0.9,,,
45,relation,Decompressive Craniectomy,has monitoring data,Monitoring Data,"patient, injury and management variables including physiological monitoring data and administration of thiopental were analysed",accept_direct,,,,,Decompressive Craniectomy has monitoring data as it is a surgical procedure that requires monitoring of physiological parameters during and after the procedure.,0.9,,,
46,relation,Decompressive Craniectomy,is associated with,Intracranial Pressure (ICP),uncontrollable intracranial hypertension is a major cause of death in patients with severe traumatic brain injury.,accept_direct,,,,,"Decompressive Craniectomy is associated with Intracranial Pressure, as the procedure aims to relieve pressure on the brain, directly influencing ICP.",0.95,,,
47,relation,Decompressive Craniectomy,is treated with,Barbiturates,"Decompressive craniectomy (DC) was chosen as a next step, with or without first having applied third-tier medical therapy with barbiturates.",revise,4.4,Decompressive Craniectomy,isAdministeredDuring,Barbiturates,The relation 'is treated with' is not valid; it should be 'isAdministeredDuring' as Decompressive Craniectomy is a surgical procedure that can involve Barbiturates as a therapy.,0.85,The relation 'is treated with' is incorrect; it should be 'isAdministeredDuring' as Decompressive Craniectomy involves Barbiturates as a therapy.,1.0,
48,relation,Decompressive Craniectomy,affects outcome,Mortality,the results of RESCUEicp showed that Decompressive craniectomy (DC) resulted in lower mortality rates.,accept_direct,,,,,The relationship 'Decompressive Craniectomy affects Mortality' is supported by clinical evidence showing that this surgical procedure impacts mortality rates in TBI patients.,0.9,,,
49,relation,Monitoring,has outcome,Outcome,the outcome was captured at six months using the extended Glasgow Outcome Scale (GOSE).,accept_direct,,,,,Monitoring hasOutcome Outcome is a direct relationship as monitoring is essential for assessing patient outcomes.,0.95,,,
50,relation,Patient,has demographic data,Demographic Data,the collection of demographic data from traumatic brain injury (TBI) patients.,accept_direct,,,,,The triple 'Patient has demographic data Demographic Data' is semantically correct as demographic data is collected for patients in neurointensive care.,0.95,,,
51,relation,Patient,has surgical procedure,Surgical Procedure,the physiological vital functions are extensively monitored.,accept_direct,,,,,The triple 'Patient has surgical procedure Surgical Procedure' is semantically correct as it directly relates a patient to a surgical procedure performed during their ICU stay.,0.95,,,
52,relation,Patient,has monitoring data,Monitoring Data,"The Brain Monitoring with Information Technology (BrainIT) network provides a more standardised and higher resolution data collection mechanism for research groups, organisations and the device industry to conduct multi-centre trials of new health care technology in patients with traumatic brain injury.",accept_direct,,,,,The triple 'Patient hasMonitoringData Monitoring Data' is semantically correct as patients receive monitoring data to assess their physiological parameters during treatment.,0.95,,,
53,relation,Patient,receives therapy,Therapy,the physiological vital functions are extensively monitored.,accept_direct,,,,,The triple 'Patient receives therapy Therapy' is semantically correct as patients in neurointensive care receive various therapies classified under Therapy.,0.95,,,
54,relation,Therapy,targets condition,Condition,Therapeutic hypothermia reduces intracranial pressure and partial brain oxygen tension in patients with severe traumatic brain injury.,reject,,,,,The relation 'targetsCondition' does not hold between 'Therapy' and 'Condition' as defined; therapy does not target a condition directly.,0.9,,,
55,relation,Patient,has clinical assessment,Clinical Assessment,the physiological vital functions are extensively monitored.,accept_direct,,,,,The triple 'Patient hasClinicalAssessment Clinical Assessment' holds directly as clinical assessments are performed on patients in neurointensive care.,0.95,,,
56,relation,Patient,has outcome,Outcome,the physiological vital functions are extensively monitored.,accept_direct,,,,,The triple 'Patient hasOutcome Outcome' is semantically correct as patients have outcomes in neurointensive care contexts.,0.95,,,
57,relation,Patient,has laboratory value,Laboratory Values,the physiological vital functions are extensively monitored.,revise,4.4,Patient,hasLaboratoryValue,Laboratory Values,"The relation 'has laboratory value' should be 'hasLaboratoryValue' as it requires an analyte, not a panel; 'Laboratory Values' is a panel class.",0.9,"'has laboratory value' should be 'hasLaboratoryValue' as it requires an analyte, not a panel; 'Laboratory Values' is a panel class.",1.0,
58,relation,Patient,has nursing intervention,Nursing Intervention,"Routine nursing care, physiotherapy, or bedside clinical activities",accept_direct,,,,,The triple 'Patient has nursing intervention Nursing Intervention' is semantically correct as it directly relates the patient to the nursing interventions they receive in neurointensive care.,0.95,,,
59,relation,Patient,has session,Session,a live clinical environment to test the data collection systems.,revise,4.4,Patient,receivesTherapy,Session,The relation 'has session' is not valid; it should be 'Patient receivesTherapy Session' as 'Session' is not a therapy class.,0.8,"'has session' is incorrect; 'Session' is not a therapy class, it should be 'Patient receivesTherapy Session'.",1.0,
60,relation,Session,has timepoint,Timepoint,minute-by-minute physiological data from bedside monitors.,accept_direct,,,,,The relationship 'Session has timepoint Timepoint' is semantically correct as a session consists of discrete timepoints in monitoring.,0.95,,,
61,relation,Timepoint,has monitoring data,Observation,minute-by-minute physiological data from bedside monitors.,accept_direct,,,,,The relationship 'Timepoint hasMonitoringData Observation' is valid as a Timepoint directly associates with an Observation in the context of monitoring data.,0.95,,,
62,relation,Observation,measures parameter,Parameter,the physiological vital functions are extensively monitored.,accept_direct,,,,,The triple 'Observation measures Parameter' holds directly as Observation is a class for readings and Parameter is a class for physiological or clinical variables measured.,0.95,,,
63,relation,Observation,produced by sensor,Sensor,the physiological vital functions are extensively monitored.,accept_direct,,,,,The triple 'Observation producedBy Sensor' holds directly as it accurately describes the relationship between the classes Observation and Sensor.,0.95,,,
64,relation,Observation,has quality assessment,Data Quality Assessment,the physiological vital functions are extensively monitored.,accept_direct,,,,,The triple 'Observation hasQualityAssessment Data Quality Assessment' holds directly as it aligns with the definition of both classes in the context of monitoring data quality.,0.9,,,
65,relation,Data Quality Assessment,associated with condition,Condition,the physiological vital functions are extensively monitored.,revise,4.4,Data Quality Assessment,isAssociatedWith,Condition,The relation 'associated with' should be replaced with 'isAssociatedWith' to align with valid BrainIT predicates; 'Data Quality Assessment' does not directly relate to 'Condition'.,0.7,The relation 'associated with' should be replaced with 'isAssociatedWith' to align with valid BrainIT predicates.,0.9,low_evidence
66,relation,Data Quality Assessment,receives therapy,Therapy,the physiological vital functions are extensively monitored.,revise,4.5,Data Quality Assessment,isAssociatedWith,Therapy,The relation 'receivesTherapy' is incorrect as 'Data Quality Assessment' cannot receive therapy; it should be 'isAssociatedWith' or similar.,0.85,The relation 'receivesTherapy' is incorrect; 'Data Quality Assessment' should be 'isAssociatedWith' to reflect the correct relationship.,0.9,
67,relation,Arterial Hypotension,receives therapy,Barbiturates,administration of hyperosmolar molecules were used at the discretion of the managing teams.,revise,4.4,Arterial Hypotension,isAdministeredDuring,Barbiturates,"The relation 'receives therapy' is incorrect as 'Arterial Hypotension' is a condition, not a therapy; it should be 'isAdministeredDuring' instead.",0.9,The relation 'receives therapy' is incorrect as 'Arterial Hypotension' is a condition; it should be 'isAdministeredDuring' instead.,1.0,
68,relation,Brain Injury,is associated with,Traumatic Brain Injury,Decompressive craniectomy as a second/third-tier intervention in traumatic brain injury,accept_direct,,,,,The relationship 'Brain Injury is associated with Traumatic Brain Injury' is semantically correct as TBI is a specific type of brain injury.,0.95,,,
69,relation,CVP,has monitoring data,Monitoring Data,physiological monitoring data,revise,4.4,CVP,isMonitoredBy,Monitoring Data,The relation 'has monitoring data' should be 'isMonitoredBy' as CVP is a physiological parameter monitored by Monitoring Data.,0.9,The relation 'has monitoring data' should be 'isMonitoredBy' as CVP is a physiological parameter monitored by Monitoring Data.,1.0,
70,relation,Clinical Outcome,has outcome,Outcome,demonstrated a decrease in mortality with similar rates of favorable outcome,accept_direct,,,,,The relationship 'Clinical Outcome hasOutcome Outcome' holds directly as both classes are correctly defined in the neurointensive care context.,0.95,,,
71,relation,Cranial Injuries,is a type of,Injuries,the occurrence of arterial hypotension (systolic pressure less than 90 mmHg) and hypoxia (SaO2 below 90%) at baseline,reject,,,,,"The relationship 'Cranial Injuries is a type of Injuries' is semantically incorrect; cranial injuries are a specific subclass of injuries, not a type of them.",0.9,,,
72,relation,Disability,is a type of,Clinical Outcome,the outcome was unfavorable in 51.4% and favorable in 48.6%,reject,,,,,Disability is not a subclass or a direct type of Clinical Outcome; the relationship does not hold as stated.,0.9,,,
73,relation,Extracranial Injury,is a type of,Injuries,45.9% presented with an additional extracranial injury,revise,4.9,Extracranial Injury,subClassOf,Injuries,"The relation 'is a type of' is not valid; 'Extracranial Injury' should be a subclass of 'Injuries', thus it should be 'Extracranial Injury subClassOf Injuries'.",0.9,"The relation 'is a type of' indicates a subclass relationship, so it should be 'subClassOf' as per the domain context.",1.0,
74,relation,Intensive Care Management,is a type of,Condition,"In many neurointensive care centers, Decompressive craniectomy (DC) is being used in combination with other second/third-tier therapies.",reject,,,,,The relationship 'Intensive Care Management is a type of Condition' is incorrect as Intensive Care Management is not a medical condition but a management approach.,0.9,,,
75,relation,NIBP,is a type of,Monitoring Data,Mean arterial blood pressure (MAP) and Mean intracranial pressure (ICP),revise,4.9,NIBP,subClassOf,Monitoring Data,"NIBP is a subclass of Monitoring Data, so the relation should be subClassOf instead of is a type of.",0.9,"NIBP is a subclass of Monitoring Data, so the relation should be subClassOf instead of is a type of.",1.0,
76,relation,Pressure Reactivity Index (PRx),is a type of,Core Monitoring Parameter,Pressure Reactivity Index (PRx) is the moving correlation between mean arterial blood pressure (MAP) and Mean intracranial pressure (ICP).,revise,4.9,Pressure Reactivity Index (PRx),subClassOf,Derived Parameter,PRx is a derived parameter and should be classified as a subclass of Derived Parameter rather than Core Monitoring Parameter; relation should be subClassOf.,0.9,"PRx is a derived parameter, so it should be classified as a subclass of Derived Parameter instead of Core Monitoring Parameter.",1.0,
77,relation,Hypotension,is treated with,Noradrenaline,the time and dose of a bolus of Noradrenaline,revise,4.4,Hypotension,receivesTherapy,Noradrenaline,The relation 'is treated with' should be replaced with 'receivesTherapy' as Noradrenaline is a therapy used for treating Hypotension.,0.9,The relation 'is treated with' should be replaced with 'receivesTherapy' as Noradrenaline is a therapy used for treating Hypotension.,1.0,
78,relation,Cerebral Perfusion Pressure (CPP),targets condition,Respiratory Distress Syndrome,Cerebral Perfusion Pressure (CPP) value to target lies within the range of 50-70 mm Hg.,revise,4.5,Cerebral Perfusion Pressure,affectsOutcome,Respiratory Distress Syndrome,"The relation 'targetsCondition' is not appropriate; 'Cerebral Perfusion Pressure' should be linked to 'Respiratory Distress Syndrome' via a different relation, such as 'affectsOutcome'.",0.7,The relation 'targetsCondition' is incorrect; 'Cerebral Perfusion Pressure' affects the outcome of 'Respiratory Distress Syndrome'.,0.9,low_evidence
79,relation,Traumatic Brain Injury,applies treatment,Osmotics,#2 - Hyperosmolar therapy,revise,4.4,Traumatic Brain Injury,receivesTherapy,Osmotics,"The relation 'applies treatment' is not valid; it should be 'receivesTherapy' as Traumatic Brain Injury is a condition that receives therapy, specifically Osmotics.",0.85,"The relation 'applies treatment' should be 'receivesTherapy' as TBI is a condition that receives therapy, specifically Osmotics.",1.0,
80,relation,Cerebrovascular Autoregulation,receives therapy,Cerebral Perfusion Pressure (CPP),the presence (or not) of cerebral autoregulation,revise,4.5,Cerebrovascular Autoregulation,isInfluencedBy,Cerebral Perfusion Pressure,Cerebrovascular Autoregulation does not receive therapy; it should be related to a therapy like CPP through a valid relation such as 'isInfluencedBy'.,0.8,Cerebrovascular Autoregulation does not receive therapy; it should be related to CPP through 'isInfluencedBy'.,0.9,
81,relation,Intracranial Pressure (ICP),receives therapy,Partial Pressure of Brain Tissue Oxygen,There is a statistically significant (p < 0.001) non-linear effect of Intracranial Pressure (ICP) on Regression model of partial pressure of brain tissue oxygen (PbtO2).,revise,4.3,Intracranial Pressure,isMonitoredBy,Partial Pressure of Brain Tissue Oxygen,"The relation 'receives therapy' is incorrect as 'Partial Pressure of Brain Tissue Oxygen' is a physiological parameter, not a therapy; it should be replaced with a valid therapy class.",0.8,"Intracranial Pressure is a physiological parameter that is monitored by Partial Pressure of Brain Tissue Oxygen, correcting the relation to reflect accurate monitoring.",0.9,
82,relation,Traumatic Brain Injury,has clinical assessment,GOSe Outcome,Monitoring of Intracranial Pressure (ICP) has also been shown to have better functional outcomes.,accept_direct,,,,,The triple 'Traumatic Brain Injury has clinical assessment GOSe Outcome' holds directly as GOSe Outcome is a clinical assessment for TBI.,0.95,,,
83,relation,Partial Pressure of Brain Tissue Oxygen,is measured at,Measurement Time,Partial pressure of brain tissue oxygen over intracranial pressure stratified by days in Intensive Care Unit (ICU),accept_direct,,,,,The relationship 'Partial Pressure of Brain Tissue Oxygen is measured at Measurement Time' holds directly as both are valid classes in the context of monitoring parameters.,0.95,,,
84,relation,Intracranial Pressure (ICP),receives therapy,PbrO2,an overall increase in Regression model of partial pressure of brain tissue oxygen (PbtO2) of 5.2% for a 10 mmHg increase in Intracranial Pressure (ICP),revise,4.4,Intracranial Pressure,isMonitoredBy,PbrO2,"The relation 'receives therapy' is incorrect as PbrO2 is a parameter, not a therapy; it should be replaced with a valid therapy class.",0.85,"The relation 'receives therapy' is incorrect; PbrO2 is a parameter monitored by Intracranial Pressure, so it should be 'isMonitoredBy'.",0.9,
85,relation,Partial Pressure of Carbon Dioxide,receives therapy,PbrO2,a decrease of 0.16% from a unit increase in Mean Arterial Pressure (MAP) and a Regression model of partial pressure of brain tissue oxygen (PbtO2) decrease of 0.16% from a unit increase in PaCO2,revise,4.3,PbrO2,receivesTherapy,Baseline Therapy,Partial Pressure of Carbon Dioxide is not a Therapy; it should be replaced with a valid therapy class for the relation 'receivesTherapy'.,0.8,Partial Pressure of Carbon Dioxide is not a therapy; it should be replaced with a valid therapy class like Baseline Therapy.,0.9,
86,relation,Intracranial Pressure (ICP),has outcome,Outcome,median extended Glasgow outcome scale of 7.00,revise,4.5,Intracranial Pressure (ICP),affectsOutcome,Outcome,"The relation 'has outcome' is not appropriate; 'Intracranial Pressure (ICP)' should be related to 'Outcome' via 'affectsOutcome' instead, as ICP influences patient outcomes.",0.9,"The relation 'hasOutcome' is incorrect; 'Intracranial Pressure (ICP)' influences 'Outcome', so it should be 'affectsOutcome'.",1.0,
87,relation,Intracranial Hypertension,receives therapy,Cerebral Perfusion Pressure (CPP),the impact of autoregulation on Regression model of partial pressure of brain tissue oxygen (PbtO2) cannot be directly assessed.,revise,4.5,Intracranial Hypertension,isMonitoredBy,Cerebral Perfusion Pressure,The relation 'receives therapy' is incorrect as 'Cerebral Perfusion Pressure (CPP)' is not a therapy; it should be replaced with a valid therapy class like 'Baseline Therapy'.,0.9,"The relation 'receives therapy' is incorrect; 'Cerebral Perfusion Pressure' is monitored, not a therapy.",1.0,
88,relation,Hypotension,is associated with,Traumatic Brain Injury,guarding against hypotensive conditions in Traumatic Brain Injury (TBI) patients.,accept_direct,,,,,The relationship 'Hypotension is associated with Traumatic Brain Injury' is clinically valid as both are conditions relevant in neurointensive care.,0.9,,,
89,relation,Intracranial Hypertension,receives therapy,Traumatic Brain Injury,episodes of increased intracranial pressure (ICP) and worse clinical outcomes,revise,4.5,Intracranial Hypertension,isTreatedWith,Traumatic Brain Injury,The relation 'receives therapy' is incorrect as 'Intracranial Hypertension' should be linked to a specific therapy rather than being treated as a therapy itself.,0.85,"The relation 'receives therapy' is incorrect; 'Intracranial Hypertension' should be linked to a specific therapy, hence 'isTreatedWith' is appropriate.",0.9,
90,relation,Cerebral Perfusion Pressure (CPP),assesses,Intracranial Hypertension,the ability to tolerate elevated intracranial pressures is reduced.,accept_direct,,,,,"Cerebral Perfusion Pressure (CPP) assesses Intracranial Hypertension, as CPP is critical for evaluating brain perfusion and its relationship to elevated intracranial pressure in TBI patients.",0.9,,,
91,relation,Cerebral Perfusion Pressure (CPP),is associated with,Intracranial Pressure (ICP),Role of Cerebral Perfusion Pressure (CPP),accept_direct,,,,,Cerebral Perfusion Pressure (CPP) is associated with Intracranial Pressure (ICP) as both are critical parameters in neurological assessments.,0.9,,,
92,relation,Intracranial Pressure (ICP),associated with condition,Mortality,"when Cerebral Perfusion Pressure (CPP) was below 50 mmHg, almost all The BESTIntracranial pressure (ICP) insults were associated with worse outcome",reject,,,,,judge output unparseable; defaulted to reject,0.0,,,parse_error
93,relation,Intracranial Pressure (ICP),predicts outcome,Outcome Score,"Above 20 mmHg, the vast majority of insults are clearly deleterious with the exception of those lasting less than 37 min in adults.",accept_indirect,,,,,"Intracranial Pressure predicts Outcome Score indirectly through the relationship of ICP influencing cerebral perfusion, which affects neurological outcomes.",0.7,,,low_evidence
94,relation,Mean Arterial Pressure (MAP),triggers intervention,Hypotension,our analysis shows that most events are triggered by a drop in mean arterial pressure.,revise,4.5,Mean Arterial Pressure (MAP),isARiskFactorFor,Hypotension,The relation 'triggers intervention' is not valid; it should be 'isARiskFactorFor' since MAP is a risk factor for hypotension.,0.85,"The relation 'triggers intervention' is incorrect; MAP is a risk factor for hypotension, so it should be 'isARiskFactorFor'.",1.0,
95,relation,Brain Injury,has monitoring data,Arterial Hypotension,The brain monitoring with information technology (BrainIT) database contains 199 patients,revise,4.4,Brain Injury,isMonitoredBy,Arterial Hypotension,The relation 'has monitoring data' is not appropriate; 'Brain Injury' should be associated with monitoring parameters instead. A valid relation could be 'isMonitoredBy'.,0.8,"The relation 'has monitoring data' is incorrect; 'Brain Injury' should be associated with monitoring parameters, hence 'isMonitoredBy' is appropriate.",1.0,
96,relation,Hypotension,relates to clinical outcome,Brain Injury,arterial hypotension consistently relate to clinical outcome,revise,4.4,Hypotension,affectsOutcome,Brain Injury,The relation 'relates to clinical outcome' should be changed to 'affectsOutcome' to correctly represent the relationship between Hypotension and Brain Injury.,0.9,The relation 'relates to clinical outcome' should be changed to 'affectsOutcome' to accurately represent the relationship between Hypotension and Brain Injury.,1.0,
97,relation,Dsg,has monitoring data,Hypotensive,to scan the BrainIT database for hypotensive events;,revise,4.4,Dsg,isMonitoredBy,Hypotensive,"The relation 'has monitoring data' should be 'isMonitoredBy' as Dsg is an application monitoring hypotensive events, not possessing monitoring data itself.",0.85,"The relation 'has monitoring data' should be 'isMonitoredBy' as Dsg is monitoring hypotensive events, not possessing monitoring data.",1.0,
98,relation,Secondary Insult Grades,defines,Hypotensive,the Edinburgh University Secondary Insult Grades (EUSIG) definition.,reject,,,,,The relationship 'Secondary Insult Grades defines Hypotensive' is semantically incorrect; 'Secondary Insult Grades' does not define a condition but rather categorizes events related to hypotension.,0.85,,,
99,relation,Cerebral Perfusion Pressure (CPP),calculates,Mean Arterial Pressure (MAP),"which uses cerebral perfusion pressure (CPP), which of course uses Java-Based Software BPm in its calculation.",accept_indirect,,,,,"Cerebral Perfusion Pressure (CPP) calculates Mean Arterial Pressure (MAP) indirectly through physiological principles of blood flow and pressure dynamics, making the relationship valid via a traceable chain.",0.85,,,
100,relation,Intracranial Pressure (ICP),receives therapy,Outcome,Impact of Intracranial Pressure (ICP) instability and hypotension on outcome in patients with severe head trauma.,revise,4.5,Intracranial Pressure (ICP),affectsOutcome,Outcome,The relation 'receives therapy' is incorrect as 'Outcome' is not a therapy; it should be replaced with a valid therapy class.,0.9,"The relation 'receives therapy' is incorrect; 'Intracranial Pressure (ICP)' affects 'Outcome', which is a valid relationship.",0.9,
101,relation,Cerebral Perfusion Pressure (CPP),is measured by,Mean Arterial Pressure (MAP),its role in calculating Cerebral Perfusion Pressure (CPP),accept_indirect,,,,,"Cerebral Perfusion Pressure (CPP) is calculated from Mean Arterial Pressure (MAP) via the relation 'calculatesFrom', making the relationship indirect.",0.85,,,
102,relation,Treatment Data,informs,Clinical Practice,Accurate and comprehensive treatment data,accept_direct,,,,,The triple 'Treatment Data informs Clinical Practice' is semantically correct as treatment data directly influences clinical practices in patient care.,0.9,,,
103,relation,Clinical Reminders,enhances,Guideline Adherence,clinical reminders (automated interventions),revise,4.5,Clinical Reminders,isAssociatedWith,Guideline Adherence,The relation 'enhances' is not a valid BrainIT predicate; it should be replaced with 'isAssociatedWith' to correctly link Clinical Reminders and Guideline Adherence.,0.9,The relation 'enhances' should be replaced with 'isAssociatedWith' to correctly link Clinical Reminders and Guideline Adherence.,1.0,
104,relation,Guideline Adherence,has outcome,Outcome,Several studies have been conducted that show dropping mortality rates and improved long-term outcomes since the adoption and spread of use of these guidelines.,accept_direct,,,,,The triple 'Guideline Adherence hasOutcome Outcome' is semantically correct as it directly relates a clinical practice to a patient outcome measure.,0.9,,,
105,relation,Guideline Adherence,is measured by,Clinical Practice,"This work attempts to leverage those advantages by providing a 'near real-time' ability to monitor clinical guideline adherence, as well as providing measurable quantitative feedback.",reject,,,,,The relationship 'Guideline Adherence is measured by Clinical Practice' is semantically incorrect as guideline adherence cannot be measured by the application of clinical practice; they are distinct concepts.,0.85,,,
106,relation,Heart Failure,is treated with,Guideline Adherence,"There are many reasons for non-adherence, but these can be broken down into two broad categories: being unwilling to adhere to a guideline and being unable to adhere.",reject,,,,,Heart Failure is not a subclass of Guideline Adherence; the relationship 'is treated with' does not apply between these classes.,0.7,,,low_evidence
107,relation,EUSIG Grade,is a type of,Secondary Insult Grades,the classification of pressure events using Edinburgh University Secondary Insult Grades (EUSIG) parameters has a well-established precedent,revise,4.4,EUSIG Grade,isAdministeredDuring,Secondary Insult Grades,"The relation 'is a type of' should be changed to 'isAdministeredDuring' as EUSIG Grade is a classification related to secondary insults, not a type of Secondary Insult Grades.",0.85,"EUSIG Grade is related to secondary insults, so the relation should be isAdministeredDuring instead of is a type of.",1.0,
108,relation,Heart Rate,has monitoring data,Monitoring Data,Heart Rate (specifying source: Electrocardiogram (ECG) or Pulse Oximetry),revise,4.4,Heart Rate,isMonitoredBy,Monitoring Data,The relation 'has monitoring data' should be 'isMonitoredBy' as Heart Rate is a parameter monitored by Monitoring Data.,0.9,The relation 'has monitoring data' should be 'isMonitoredBy' as Heart Rate is a parameter monitored by Monitoring Data.,1.0,
109,relation,Respiration Rate,has monitoring data,Impedance Plethmography,Respiration Rate (sources: impedance plethmography or ventilator),revise,4.4,Respiration Rate,isMonitoredBy,Impedance Plethmography,Respiration Rate is a physiological parameter and should be related to a monitoring method; 'hasMonitoringData' should be replaced with 'isMonitoredBy' for Impedance Plethmography.,0.9,The relation 'hasMonitoringData' should be changed to 'isMonitoredBy' as it accurately reflects the monitoring relationship.,1.0,
110,relation,Respiration Rate,has monitoring data,Ventilator,Respiration Rate (sources: impedance plethmography or ventilator),revise,4.4,Respiration Rate,isMonitoredBy,Ventilator,"The relation 'hasMonitoringData' is not appropriate as 'Ventilator' is a device, not monitoring data; it should be 'isMonitoredBy'.",0.9,The relation 'hasMonitoringData' is incorrect as 'Ventilator' is a device; it should be 'isMonitoredBy'.,1.0,
111,relation,Mean Arterial Pressure (MAP),has monitoring data,Monitoring Data,Mean Arterial Pressure,accept_direct,,,,,Mean Arterial Pressure (MAP) has monitoring data as it is a core monitoring parameter in neurointensive care.,0.95,,,
112,relation,SaO2,has monitoring data,Monitoring Data,Pulse Oximetry (SaO2),revise,4.9,SaO2,subClassOf,Monitoring Data,The relation 'has monitoring data' is not valid; 'SaO2' should be classified as a subclass of 'Monitoring Data' instead of having a direct relationship.,0.9,"The relation 'has monitoring data' indicates a subclass relationship, as 'SaO2' is a type of 'Monitoring Data'.",1.0,
113,relation,Temperature,has monitoring data,Monitoring Data,Temperature (sources: rectal=oesophageal= bladder=skin),accept_direct,,,,,Temperature has monitoring data as it is a physiological parameter used to assess patient conditions in neurointensive care.,0.95,,,
114,relation,EtCO2,has monitoring data,Monitoring Data,End-Tidal CO2 (EtCO2),revise,4.5,EtCO2,isMonitoredBy,Monitoring Data,The relation 'has monitoring data' should be 'isMonitoredBy' as EtCO2 is a parameter monitored within the Monitoring Data class.,0.9,The relation 'has monitoring data' should be 'isMonitoredBy' as EtCO2 is a parameter monitored within the Monitoring Data class.,1.0,
115,relation,Jugular Venous Oxygen Saturation,has monitoring data,Monitoring Data,Jugular Venous Oxygen Saturation (SjO2),revise,4.9,Jugular Venous Oxygen Saturation,subClassOf,Monitoring Data,The relation 'has monitoring data' is not appropriate; 'Jugular Venous Oxygen Saturation' should be classified as a subclass of 'Monitoring Data' instead.,0.85,"Jugular Venous Oxygen Saturation is a specific measurement that falls under the category of Monitoring Data, thus it should be a subclass.",1.0,
116,relation,Transcranial Doppler,has monitoring data,Monitoring Data,Transcranial Doppler (TCD),accept_direct,,,,,Transcranial Doppler hasMonitoringData Monitoring Data is a direct relationship as TCD is a method used to collect monitoring data.,0.95,,,
117,relation,PbrO2,has monitoring data,Monitoring Data,Brain Tissue Oxygen (PbrO2),revise,4.4,PbrO2,isMonitoredBy,Monitoring Data,The relation 'has monitoring data' should be changed to 'isMonitoredBy' as PbrO2 is a parameter monitored by Monitoring Data.,0.9,The relation 'has monitoring data' should be 'isMonitoredBy' as PbrO2 is a parameter monitored by Monitoring Data.,1.0,
118,relation,GCS Assessment,has monitoring data,Monitoring Data,Glasgow Coma Scale (GCS) scores,accept_direct,,,,,The triple 'GCS Assessment hasMonitoringData Monitoring Data' holds directly as GCS Assessment is a clinical assessment that utilizes monitoring data.,0.95,,,
119,relation,Hypotension,targets condition,Vasopressors,arterial pressors may be given to treat systemic hypotension,accept_direct,,,,,The relationship 'Hypotension targets condition Vasopressors' is semantically correct as vasopressors are used to treat hypotension in critical care settings.,0.9,,,
120,relation,Intracranial Pressure (ICP),targets condition,Vasopressors,to treat reduced cerebral perfusion pressure (CPP) secondary to raised Intracranial Pressure (ICP),revise,4.4,Intracranial Pressure,isMonitoredBy,Vasopressors,The relation 'targetsCondition' is not appropriate; 'Intracranial Pressure' should be linked to 'Vasopressors' via 'isMonitoredBy' as it is a monitoring parameter.,0.85,"Intracranial Pressure should be linked to Vasopressors via isMonitoredBy as it is a monitoring parameter, not a target condition.",1.0,
121,relation,Cerebral Perfusion Pressure (CPP),receives therapy,Respiratory Distress Syndrome,"aggressive management of Cerebral Perfusion Pressure (CPP) > 70 mmHg, although reducing the incidence of jugular venous desaturations < 50%, increased the incidence of acute respiratory distress syndrome and worsened neurological outcome.",revise,4.3,Cerebral Perfusion Pressure,receivesTherapy,Baseline Therapy,"Cerebral Perfusion Pressure (CPP) is not a therapy; the object should be replaced with a valid therapy class, such as Baseline Therapy or Secondary Insult Therapy.",0.85,Respiratory Distress Syndrome is not a therapy; it should be replaced with a valid therapy class like Baseline Therapy.,0.9,
122,relation,Brain Injury,has monitoring data,Monitoring Data,"collection of admission, monitoring, treatment and outcome data from patients with brain injury.",accept_direct,,,,,The triple 'Brain Injury hasMonitoringData Monitoring Data' is semantically correct as monitoring data is collected for patients with brain injury.,0.95,,,
123,relation,Brain Injury,has outcome,Outcome Data,"collection of admission, monitoring, treatment and outcome data from patients with brain injury.",accept_direct,,,,,The triple 'Brain Injury hasOutcome Outcome Data' is semantically correct as brain injury outcomes are indeed assessed and recorded in outcome data.,0.95,,,
124,relation,Brain Injury,is managed by,Management,"aid health authorities to monitor, maintain and raise intra and trans-national standards in the management of patients with brain injury.",revise,4.5,Brain Injury,receivesTherapy,Management,"The relation 'is managed by' does not fit; it should be 'receivesTherapy' since 'Management' is a process, not a class. 'Brain Injury' should receive therapy.",0.85,"'Brain Injury' should 'receiveTherapy' as 'Management' is a process, not a class, thus requiring a direct relationship.",1.0,
125,relation,Patient,has monitoring data,Observation,pd:Patient as a ssn:FeatureOfInterest,accept_direct,,,,,The relationship 'Patient hasMonitoringData Observation' holds directly as monitoring data is a recorded measurement relevant to the patient.,0.95,,,
126,relation,Timepoint,is associated with,Reading,Each Timepoint is associated with a set of Readings,accept_direct,,,,,The triple 'Timepoint is associated with Reading' holds directly as each Timepoint corresponds to a set of Readings.,0.95,,,
127,relation,Sensor,produced by sensor,Reading,the machines/sensors that produced them,reject,,,,,The relation 'produced by sensor' does not hold between Sensor and Reading; Reading is not a subclass or direct relation of Sensor.,0.9,,,
128,relation,Sepsis,is associated with,Outcome Data,Improving the standards and resolution for multicentre data collection will also impact upon the assessment of new medical technology of relevance to the medical device industry.,accept_indirect,,,,,"Sepsis is associated with Outcome Data through the relationship that both are involved in the assessment of treatment results, linking condition and outcome indirectly.",0.8,,,
129,relation,Arterial Pressors,targets condition,Arterial Hypotension,targets condition(Hypotension → Vasopressors),accept_direct,,,,,"The relationship 'Arterial Pressors targets Condition Arterial Hypotension' is valid as arterial pressors are used to treat low blood pressure in patients, directly linking the two classes.",0.95,,,
130,relation,Clinical Research Form,has clinical assessment,Clinical Assessment,has clinical assessment(Patient → Clinical Assessment),accept_direct,,,,,The triple 'Clinical Research Form has clinical assessment Clinical Assessment' holds directly as the form is used to record clinical assessments.,0.95,,,
131,relation,End-tidal Carbon Dioxide,has monitoring data,Monitoring Data,has monitoring data(EtCO2 → Monitoring Data),accept_direct,,,,,"End-tidal Carbon Dioxide is a measurement that falls under Monitoring Data, which is correctly represented by the relation has monitoring data.",0.95,,,
132,relation,Error,is associated with,Monitoring Data,monitoring indicates condition(Monitoring Data → Condition),accept_direct,,,,,The relationship 'Error is associated with Monitoring Data' is semantically correct as errors can arise from monitoring data in clinical settings.,0.9,,,
133,relation,Injuries,has outcome,Outcome Data,has outcome(Brain Injury → Outcome Data),revise,4.6,Brain Injury,hasOutcome,Outcome Data,"Injuries is not a valid class; it should be Brain Injury, and the relation should be hasOutcome instead of has outcome.",0.9,"Injuries should be corrected to Brain Injury as per the domain context, which specifies the correct class label.",1.0,
134,relation,Intensive Care Management,is managed by,Management,is managed by(Brain Injury → Management),revise,4.5,Intensive Care Management,receivesTherapy,Management,The relation 'is managed by' is not appropriate; 'Intensive Care Management' should 'receivesTherapy' from 'Management' as it pertains to administering care.,0.85,The relation 'is managed by' should be 'receivesTherapy' as it pertains to administering care.,0.9,
135,relation,NIBP,has monitoring data,Monitoring Data,has monitoring data(Mean Arterial Pressure → Monitoring Data),revise,4.9,NIBP,subClassOf,Monitoring Data,The relation 'has monitoring data' is not appropriate; 'NIBP' should be classified as a subclass of 'Monitoring Data' instead.,0.9,"NIBP is a specific type of Monitoring Data, aligning with the subclass pattern in the domain context.",1.0,
136,relation,Provenance,has monitoring data,Monitoring Data,has monitoring data(Patient → Monitoring Data),accept_direct,,,,,Provenance hasMonitoringData Monitoring Data is a direct relationship where provenance refers to the source of monitoring data collected from patients.,0.9,,,
137,relation,Substance Abuse,targets condition,Condition,targets condition(Hypotension → Vasopressors),reject,,,,,"Substance Abuse does not target Condition as defined; Condition refers specifically to a type of stroke, which is unrelated to Substance Abuse.",0.9,,,
138,relation,Adverse Event,is associated with,Clinical Outcome,[inferred] cluster completion,accept_direct,,,,,The relationship 'Adverse Event is associated with Clinical Outcome' is semantically correct as adverse events can impact clinical outcomes directly.,0.9,,,
139,relation,Clinical Outcome,affects outcome,Adverse Event,[inferred] cluster completion,accept_direct,,,,,The relationship 'Clinical Outcome affects outcome Adverse Event' is semantically correct as adverse events can impact clinical outcomes directly.,0.9,,,
140,relation,Clinical Reminders,triggers intervention,Patient Interventions,[inferred] cluster completion,revise,4.4,Clinical Reminders,hasNursingIntervention,Patient Interventions,The relation 'triggers intervention' does not fit; 'Clinical Reminders' should 'hasNursingIntervention' instead to align with the ontology's valid relations.,0.9,The relation 'triggers intervention' should be 'hasNursingIntervention' to align with valid BrainIT relations.,1.0,
141,relation,Clinical Research Form,has monitoring data,Monitoring Data,[inferred] cluster completion,revise,4.5,Clinical Research Form,isMonitoredBy,Monitoring Data,The relation 'has monitoring data' should be replaced with 'isMonitoredBy' as Monitoring Data is a type of data collected to assess physiological parameters.,0.9,The relation 'has monitoring data' should be 'isMonitoredBy' as Monitoring Data assesses physiological parameters.,1.0,
142,relation,Data Quality Assessment,assesses,Physiological Data,[inferred] cluster completion,reject,,,,,The relationship 'assesses' does not hold between 'Data Quality Assessment' and 'Physiological Data'; they are not directly related in the context of the ontology.,0.85,,,
143,relation,Error,is related to,Monitoring Data,[inferred] cluster completion,revise,4.4,Error,isAssociatedWith,Monitoring Data,The relation 'is related to' should be replaced with 'isAssociatedWith' to accurately reflect the connection between Error and Monitoring Data in the context of neurointensive care.,0.9,The relation 'is related to' should be replaced with 'isAssociatedWith' to accurately reflect the connection between Error and Monitoring Data.,1.0,
144,relation,Injuries,is a risk factor for,Adverse Event,[inferred] cluster completion,reject,,,,,The relationship 'Injuries is a risk factor for Adverse Event' is semantically incorrect as injuries do not directly correlate with adverse events in this context.,0.85,,,
145,relation,Monitoring Data,has quality assessment,Data Quality Assessment,[inferred] cluster completion,accept_direct,,,,,The triple 'Monitoring Data hasQualityAssessment Data Quality Assessment' holds directly as the quality assessment is a valid evaluation of monitoring data.,0.9,,,
146,relation,Outcome Data,is related to,Clinical Outcome,[inferred] cluster completion,accept_direct,,,,,The relationship 'Outcome Data is related to Clinical Outcome' holds directly as both classes pertain to the results of medical interventions in neurointensive care.,0.9,,,
147,relation,Patient Interventions,is administered during,Therapy,[inferred] cluster completion,revise,4.5,Patient Interventions,receivesTherapy,Therapy,The relation 'is administered during' is not appropriate; it should be 'receivesTherapy' as Patient Interventions are a type of Therapy.,0.85,The relation 'is administered during' is incorrect; 'Patient Interventions' should 'receiveTherapy' as they are a type of Therapy.,1.0,
148,relation,Physiological Data,is monitored by,Monitoring Data,[inferred] cluster completion,accept_direct,,,,,"Physiological Data is monitored by Monitoring Data directly, as both classes are defined in the BrainIT ontology.",1.0,,,
149,relation,Possible Error,is associated with,Monitoring Data,[inferred] cluster completion,accept_direct,,,,,Possible Error is associated with Monitoring Data as it reflects the quality of data collected during patient monitoring.,0.9,,,
150,relation,Probable Error,is associated with,Monitoring Data,[inferred] cluster completion,accept_direct,,,,,The triple 'Probable Error is associated with Monitoring Data' is semantically correct as Probable Error relates directly to the assessment of Monitoring Data.,0.9,,,
151,relation,Substance Abuse,is a risk factor for,Injuries,[inferred] cluster completion,reject,,,,,Substance Abuse is not a recognized risk factor for Injuries within the neurointensive care context; the relationship is clinically implausible.,0.9,,,
152,relation,Treatment Data,is related to,Patient Interventions,[inferred] cluster completion,revise,4.4,Treatment Data,isAssociatedWith,Patient Interventions,The relation 'is related to' is not a valid BrainIT predicate; it should be replaced with 'isAssociatedWith' to reflect the connection between Treatment Data and Patient Interventions.,0.85,The relation 'is related to' is incorrect; it should be 'isAssociatedWith' to accurately reflect the connection between Treatment Data and Patient Interventions.,1.0,
153,relation,Acute Respiratory Distress Syndrome,is associated with,Sepsis,[inferred] cluster completion,accept_direct,,,,,Acute Respiratory Distress Syndrome is associated with Sepsis as both are recognized medical conditions that can occur together in clinical practice.,0.9,,,
154,relation,Acute Respiratory Distress Syndrome,affects outcome,Respiratory Distress Syndrome,[inferred] cluster completion,revise,4.5,Acute Respiratory Distress Syndrome,isARiskFactorFor,Respiratory Distress Syndrome,The relation 'affects outcome' is not appropriate; 'Acute Respiratory Distress Syndrome' should be linked to 'Outcome' via 'isARiskFactorFor' instead.,0.8,The relation 'affects outcome' is incorrect; 'Acute Respiratory Distress Syndrome' should be linked to 'Outcome' via 'isARiskFactorFor'.,1.0,
155,relation,Adrenaline,is treated with,Hypotension,[inferred] cluster completion,revise,4.4,Adrenaline,receivesTherapy,Hypotension,"The relation 'is treated with' should be replaced with 'receivesTherapy' as Hypotension is a condition that receives therapy, specifically Adrenaline.",0.85,"The relation 'is treated with' should be 'receivesTherapy' as Hypotension is a condition that receives therapy, specifically Adrenaline.",1.0,
156,relation,Adrenaline,is influenced by,Noradrenaline,[inferred] cluster completion,reject,,,,,The relationship 'Adrenaline is influenced by Noradrenaline' is semantically incorrect; these are both hormones and do not have a direct influence relationship as stated.,0.9,,,
157,relation,Arterial Hypotension,is a risk factor for,Septic Shock,[inferred] cluster completion,accept_direct,,,,,"Arterial Hypotension is a recognized risk factor for Septic Shock, aligning with clinical understanding of conditions in neurointensive care.",0.95,,,
158,relation,Arterial Hypotension,is associated with,Heart Failure,[inferred] cluster completion,reject,,,,,The relationship 'is associated with' does not hold between 'Arterial Hypotension' and 'Heart Failure' as they are not directly related conditions in the neurointensive care context.,0.85,,,
159,relation,Arterial Pressors,is administered during,Hypotension,[inferred] cluster completion,accept_direct,,,,,The relationship 'Arterial Pressors is administered during Hypotension' is clinically valid as arterial pressure agents are used to treat hypotension.,0.95,,,
160,relation,Heart Failure,is related to,Hypertension,[inferred] cluster completion,reject,,,,,Heart Failure and Hypertension are not directly related in the neurointensive care context; the relationship does not hold clinically or ontologically.,0.9,,,
161,relation,Heart Failure,affects outcome,Sepsis,[inferred] cluster completion,reject,,,,,Heart Failure and Sepsis are not directly related in the context of neurointensive care; the relationship 'affects outcome' does not hold between these two conditions.,0.85,,,
162,relation,Hypertension,is a risk factor for,Heart Failure,[inferred] cluster completion,accept_direct,,,,,"Hypertension is a recognized risk factor for Heart Failure, aligning with clinical understanding of the relationship between these conditions.",0.95,,,
163,relation,Hypertension,is associated with,Acute Respiratory Distress Syndrome,[inferred] cluster completion,accept_indirect,,,,,Hypertension is associated with Acute Respiratory Distress Syndrome indirectly through their roles as conditions that can influence each other in clinical scenarios.,0.85,,,
164,relation,Hypotension,is a risk factor for,Septic Shock,[inferred] cluster completion,accept_direct,,,,,"Hypotension is a condition that is clinically recognized as a risk factor for Septic Shock, aligning with standard medical understanding.",0.95,,,
165,relation,Hypotension,is treated with,Vasopressors,[inferred] cluster completion,revise,4.4,Hypotension,receivesTherapy,Vasopressors,The relation 'is treated with' should be replaced with 'receivesTherapy' as Vasopressors is a therapy used for treating Hypotension.,0.9,The relation 'is treated with' should be 'receivesTherapy' as Vasopressors is a therapy for treating Hypotension.,1.0,
166,relation,Mean Arterial Pressure (MAP),is monitored by,Hypotension,[inferred] cluster completion,revise,4.4,Mean Arterial Pressure,hasMonitoringData,Hypotension,The relation 'is monitored by' should be revised to 'hasMonitoringData' since MAP is a monitoring parameter and Hypotension is a condition.,0.85,The relation 'is monitored by' should be 'hasMonitoringData' since MAP is a monitoring parameter for Hypotension.,1.0,
167,relation,Noradrenaline,is treated with,Hypotension,[inferred] cluster completion,revise,4.4,Noradrenaline,receivesTherapy,Hypotension,The relation 'is treated with' should be replaced with 'receivesTherapy' as Noradrenaline is a therapy used to treat Hypotension.,0.9,The relation 'is treated with' should be 'receivesTherapy' as Noradrenaline is a therapy used to treat Hypotension.,1.0,
168,relation,Noradrenaline,is influenced by,Adrenaline,[inferred] cluster completion,reject,,,,,Noradrenaline and Adrenaline are not directly related in the context of neurointensive care; the relationship 'is influenced by' does not apply here.,0.9,,,
169,relation,Respiratory Distress Syndrome,worsens,Acute Respiratory Distress Syndrome,[inferred] cluster completion,reject,,,,,The relationship 'worsens' does not hold between 'Respiratory Distress Syndrome' and 'Acute Respiratory Distress Syndrome'; they are not hierarchically related or directly associated in the context of neurointensive care.,0.9,,,
170,relation,Sepsis,is associated with,Hypotension,[inferred] cluster completion,accept_direct,,,,,"Sepsis is associated with Hypotension as both are recognized conditions in critical care, and the relationship is clinically valid.",0.95,,,
171,relation,Septic Shock,is a risk factor for,Hypotension,[inferred] cluster completion,accept_direct,,,,,"Septic Shock is a recognized risk factor for Hypotension in critically ill patients, making the relationship valid.",0.95,,,
172,relation,Vasopressors,is administered during,Hypotension,[inferred] cluster completion,accept_direct,,,,,Vasopressors is administered during Hypotension is a valid direct relationship in the context of critical care.,0.95,,,
173,relation,Brain Injury,is a risk factor for,Traumatic Brain Injury,[inferred] cluster completion,accept_direct,,,,,"Brain Injury is a recognized risk factor for Traumatic Brain Injury, aligning with clinical definitions.",0.95,,,
174,relation,Brain Injury,affects outcome,Mortality,[inferred] cluster completion,accept_direct,,,,,The relationship 'Brain Injury affects Outcome' is clinically valid as brain injuries can directly impact mortality outcomes in TBI patients.,0.95,,,
175,relation,Cranial Injuries,is associated with,Brain Injury,[inferred] cluster completion,accept_direct,,,,,"Cranial Injuries is associated with Brain Injury as both are related to trauma and neurological deficits, making the relationship clinically valid.",0.95,,,
176,relation,Demographic Data,has demographic data,Patient,[inferred] cluster completion,revise,4.6,Demographic Data,hasDemographicData,Patient,The relation 'has demographic data' should be 'hasDemographicData' to match the correct naming convention for the relationship between Patient and Demographic Data.,0.9,The relation 'has demographic data' should be 'hasDemographicData' to match the correct naming convention for the relationship.,1.0,
177,relation,Extracranial Injury,is related to,Brain Injury,[inferred] cluster completion,accept_direct,,,,,The relationship 'Extracranial Injury is related to Brain Injury' is clinically valid as extracranial injuries can complicate brain injuries.,0.9,,,
178,relation,Guideline Adherence,calculates,Guideline,[inferred] cluster completion,revise,4.5,Guideline Adherence,informs,Guideline,"The relation 'calculates' is not appropriate; 'Guideline Adherence' should 'informs' the 'Guideline' instead, as it reflects the relationship of adherence to guidelines.",0.85,The relation 'calculates' should be 'informs' as it accurately reflects the relationship between Guideline Adherence and Guideline.,1.0,
179,relation,Head Injury,is associated with,Brain Injury,[inferred] cluster completion,accept_direct,,,,,The relationship 'Head Injury is associated with Brain Injury' is clinically valid as head injuries can lead to brain injuries.,0.95,,,
180,relation,Head Trauma,is monitored by,Mortality,[inferred] cluster completion,reject,,,,,"The relationship 'is monitored by' does not hold between 'Head Trauma' and 'Mortality', as mortality is not a monitoring method or sensor.",0.9,,,
181,relation,Mortality,affects outcome,Traumatic Brain Injury,[inferred] cluster completion,accept_direct,,,,,Mortality affects outcome is a direct relationship as mortality is a known outcome of Traumatic Brain Injury.,0.95,,,
182,relation,Neurological Injury,is a risk factor for,Traumatic Brain Injury,[inferred] cluster completion,accept_direct,,,,,"Neurological Injury is a recognized risk factor for Traumatic Brain Injury in clinical literature, supporting the direct relationship between these classes.",0.95,,,
183,relation,Patient,receives therapy,Traumatic Brain Injury,[inferred] cluster completion,revise,4.3,Patient,receivesTherapy,Baseline Therapy,The object 'Traumatic Brain Injury' is not a therapy; it should be replaced with a valid therapy subclass like 'Baseline Therapy' or 'Secondary Insult Therapy'.,0.9,Traumatic Brain Injury is not a therapy; it should be replaced with a valid therapy subclass like 'Baseline Therapy'.,1.0,
184,relation,Traumatic Brain Injury,is influenced by,Guideline,[inferred] cluster completion,accept_indirect,,,,,"The relationship 'Traumatic Brain Injury is influenced by Guideline' holds indirectly through 'Guideline informs clinical practice, which influences treatment of Traumatic Brain Injury'.",0.85,,,
185,relation,Traumatic Intracranial Hypertension,is a condition of,Head Trauma,[inferred] cluster completion,accept_direct,,,,,The triple 'Traumatic Intracranial Hypertension is a condition of Head Trauma' holds directly as both are valid classes in the neurointensive care domain.,0.95,,,
186,relation,Anterior Fossa Repair,has surgical procedure,Surgical Procedure,[inferred] cluster completion,revise,4.9,Anterior Fossa Repair,isATypeOf,Surgical Procedure,The relation 'has surgical procedure' should be replaced with 'isATypeOf' as 'Anterior Fossa Repair' is a specific type of 'Surgical Procedure'.,0.9,The relation 'has surgical procedure' should be 'isATypeOf' as 'Anterior Fossa Repair' is a specific type of 'Surgical Procedure'.,1.0,
187,relation,CT Scan Assessment,assesses,Clinical Assessment,[inferred] cluster completion,accept_direct,,,,,CT Scan Assessment assesses Clinical Assessment directly as both are valid classes in the BrainIT ontology related to clinical evaluations.,0.95,,,
188,relation,Clinical Assessment,has outcome,Coma,[inferred] cluster completion,reject,,,,,The relationship 'Clinical Assessment has outcome Coma' is incorrect; Clinical Assessment does not directly relate to an outcome but rather assesses conditions like Coma.,0.9,,,
189,relation,Coma,is associated with,Clinical Assessment,[inferred] cluster completion,accept_direct,,,,,The relationship 'Coma is associated with Clinical Assessment' is semantically correct as coma requires clinical evaluation.,0.95,,,
190,relation,Extra Ventricular Drain Placement,has surgical procedure,Surgical Procedure,[inferred] cluster completion,revise,4.5,Extra Ventricular Drain Placement,isAdministeredDuring,Surgical Procedure,The relation 'has surgical procedure' should be 'isAdministeredDuring' as it correctly reflects the relationship between 'Extra Ventricular Drain Placement' and 'Surgical Procedure'.,0.85,The relation 'has surgical procedure' should be 'isAdministeredDuring' as it correctly reflects the relationship between 'Extra Ventricular Drain Placement' and 'Surgical Procedure'.,1.0,
191,relation,Intensive Care Management,has monitoring data,Laboratory Values,[inferred] cluster completion,revise,4.4,Intensive Care Management,isMonitoredBy,Laboratory Values,The relation 'hasMonitoringData' should be 'isMonitoredBy' since 'Laboratory Values' are monitored data in ICU management.,0.9,The relation 'hasMonitoringData' should be 'isMonitoredBy' since 'Laboratory Values' are monitored data in ICU management.,1.0,
192,relation,Laboratory Values,is monitored by,Intensive Care Management,[inferred] cluster completion,revise,4.4,Laboratory Values,hasLaboratoryValue,Intensive Care Management,The relation 'is monitored by' should be 'hasLaboratoryValue' since 'Laboratory Values' are specific analytes that fall under the broader category of 'Intensive Care Management'.,0.8,The relation 'is monitored by' should be 'hasLaboratoryValue' as Laboratory Values are specific analytes under Intensive Care Management.,1.0,
193,relation,Nursing Intervention,has nursing intervention,Routine Nursing Care,[inferred] cluster completion,accept_direct,,,,,"Routine Nursing Care is a subclass of Nursing Intervention, and the relationship 'has nursing intervention' holds directly.",0.95,,,
194,relation,Physiotherapy,receives therapy,Nursing Intervention,[inferred] cluster completion,revise,4.7,Nursing Intervention,hasNursingIntervention,Physiotherapy,"The relation 'receives therapy' is incorrect as 'Physiotherapy' is a type of 'Nursing Intervention', not the other way around; it should be 'Nursing Intervention hasNursingIntervention Physiotherapy'.",0.9,"The relation 'receives therapy' is incorrect as 'Physiotherapy' is a type of 'Nursing Intervention', thus it should be 'Nursing Intervention hasNursingIntervention Physiotherapy'.",1.0,
195,relation,Transcranial Doppler,measures parameter,Laboratory Values,[inferred] cluster completion,reject,,,,,judge output unparseable; defaulted to reject,0.0,,,parse_error
196,relation,Barbiturates,is administered during,Management,[inferred] cluster completion,revise,4.5,Barbiturates,receivesTherapy,Management,The relation 'is administered during' should be replaced with 'receivesTherapy' as Barbiturates is a type of therapy and Management is not a valid object for this relation.,0.8,The relation 'is administered during' should be 'receivesTherapy' as Barbiturates is a type of therapy and Management is not valid for this relation.,1.0,
197,relation,Cerebrovascular Autoregulation,affects outcome,Partial Pressure of Brain Tissue Oxygen,[inferred] cluster completion,revise,4.5,Cerebrovascular Autoregulation,targetsCondition,Mortality,The relation 'affects outcome' is inappropriate; 'Cerebrovascular Autoregulation' should be linked to a specific outcome like 'Mortality' or 'GOSe Outcome' instead.,0.85,Cerebrovascular Autoregulation should be linked to a specific outcome like Mortality instead of the generic relation affectsOutcome.,0.9,
198,relation,Condition,is related to,Hypoperfusion,[inferred] cluster completion,accept_indirect,,,,,Condition is related to Secondary Insult via the chain: Condition → isAConditionOf → Secondary Insult → isAssociatedWith → Hypoperfusion.,0.85,,,
199,relation,Decompressive Craniectomy,has surgical procedure,Evacuation of Mass Lesion,[inferred] cluster completion,revise,4.4,Decompressive Craniectomy,isATypeOf,Surgical Procedure,The relation 'has surgical procedure' is incorrect; it should be 'isATypeOf' as Decompressive Craniectomy is a type of surgical procedure.,0.85,The relation 'has surgical procedure' is incorrect; it should be 'isATypeOf' as Decompressive Craniectomy is a type of surgical procedure.,1.0,
200,relation,Hypoperfusion,is a risk factor for,Condition,[inferred] cluster completion,reject,,,,,Hypoperfusion is not a recognized risk factor for the condition defined as a type of stroke; the relationship does not hold clinically or semantically.,0.85,,,
201,relation,Hypothermia Therapy,reduces,Partial Pressure of Brain Tissue Oxygen,[inferred] cluster completion,accept_direct,,,,,Hypothermia Therapy reduces Partial Pressure of Brain Tissue Oxygen is a valid direct relationship in the context of TBI treatment and monitoring.,0.9,,,
202,relation,Jugular Venous Desaturation,is associated with,Jugular Venous Oxygen Saturation,[inferred] cluster completion,accept_direct,,,,,"Jugular Venous Desaturation is associated with Jugular Venous Oxygen Saturation, indicating a direct clinical relationship between the condition and the measurement.",0.95,,,
203,relation,Jugular Venous Oxygen Saturation,assesses,Hypoperfusion,[inferred] cluster completion,accept_direct,,,,,Jugular Venous Oxygen Saturation assesses Hypoperfusion directly as it measures cerebral oxygenation related to blood flow.,0.95,,,
204,relation,Management,is influenced by,Baseline Therapy,[inferred] cluster completion,revise,4.5,Management,receivesTherapy,Baseline Therapy,"The relation 'is influenced by' should be replaced with 'receivesTherapy' as Management is a process that receives therapy, while Baseline Therapy is a type of therapy.",0.8,"Management should receive therapy, so the relation 'is influenced by' is incorrect and should be 'receivesTherapy'.",0.9,
205,relation,Partial Pressure of Brain Tissue Oxygen,is monitored by,Jugular Venous Oxygen Saturation,[inferred] cluster completion,revise,4.4,Partial Pressure of Brain Tissue Oxygen,isMeasuredBy,Jugular Venous Oxygen Saturation,"The relation 'is monitored by' is incorrect; 'Partial Pressure of Brain Tissue Oxygen' should be monitored by a valid monitoring method, not another parameter.",0.85,The relation 'is monitored by' is incorrect; 'Partial Pressure of Brain Tissue Oxygen' should be measured by a valid monitoring method.,1.0,
206,relation,PbrO2,measures parameter,Partial Pressure of Brain Tissue Oxygen,[inferred] cluster completion,revise,4.9,PbrO2,subClassOf,Physiological Data,The relation 'measures parameter' is not valid; PbrO2 should be a subclass of Physiological Data instead of being related to a parameter. The correct relation should reflect subclass hierarchy.,0.85,"PbrO2 should be a subclass of Physiological Data, reflecting the subclass hierarchy as per the domain context.",1.0,
207,relation,SaO2,is measured by,Jugular Venous Oxygen Saturation,[inferred] cluster completion,reject,,,,,"The relationship 'SaO2 is measured by Jugular Venous Oxygen Saturation' is incorrect; SaO2 is a parameter, not a measurement method, and cannot be measured by another parameter.",0.7,,,low_evidence
208,relation,Secondary Brain Injury,worsens,Secondary Insult,[inferred] cluster completion,accept_direct,,,,,The relationship 'Secondary Brain Injury worsens Secondary Insult' is clinically valid as secondary brain injuries can exacerbate secondary insults in TBI patients.,0.95,,,
209,relation,Secondary Insult,is influenced by,Secondary Brain Injury,[inferred] cluster completion,accept_direct,,,,,The relationship 'is influenced by' holds directly between 'Secondary Insult' and 'Secondary Brain Injury' as both are related to complications following a primary brain injury.,0.9,,,
210,relation,Secondary Insult Grades,defines,Secondary Insult,[inferred] cluster completion,revise,4.5,Secondary Insult Grades,isAConditionOf,Secondary Insult,The relation 'defines' should be replaced with 'isAConditionOf' as 'Secondary Insult Grades' classifies hypotensive events related to 'Secondary Insult'.,0.7,The relation 'defines' should be 'isAConditionOf' as 'Secondary Insult Grades' classifies hypotensive events related to 'Secondary Insult'.,1.0,low_evidence
211,relation,Secondary Insult Therapy,is treated with,Secondary Insult Treatment,[inferred] cluster completion,revise,4.5,Secondary Insult Therapy,receivesTherapy,Secondary Insult Treatment,The relation 'is treated with' should be replaced with 'receivesTherapy' as 'Secondary Insult Treatment' is a therapy class.,0.9,The relation 'is treated with' should be 'receivesTherapy' as 'Secondary Insult Treatment' is a therapy class.,1.0,
212,relation,Derived Parameter,has monitoring data,Parameter,[inferred] cluster completion,revise,4.9,Derived Parameter,subClassOf,Observation,"The relation 'has monitoring data' is not appropriate; 'Derived Parameter' should be a subclass of 'Observation' instead, aligning with the hierarchy of monitoring data.",0.85,"Derived Parameter should be a subclass of Observation, aligning with the hierarchy of monitoring data.",1.0,
213,relation,Heart Rate,is monitored by,Sensor,[inferred] cluster completion,accept_direct,,,,,Heart Rate is monitored by Sensor is a direct relationship as Heart Rate is a physiological parameter that can be recorded by a sensor.,0.95,,,
214,relation,Machine,produced by sensor,Sensor,[inferred] cluster completion,revise,4.5,Machine,isAdministeredDuring,Sensor,The relation 'produced by' should be 'isAdministeredDuring' as it better reflects the relationship between Machine and Sensor in the context of monitoring data.,0.85,The relation 'produced by' should be 'isAdministeredDuring' to accurately reflect the relationship in the context of monitoring data.,0.9,
215,relation,Measurement Time,has timepoint,Timepoint,[inferred] cluster completion,accept_direct,,,,,The triple 'Measurement Time has timepoint Timepoint' holds directly as it describes the relationship between a measurement time and its associated timepoint in monitoring.,0.95,,,
216,relation,NIBP,has monitoring data,Parameter,[inferred] cluster completion,revise,4.4,NIBP,isMonitoredBy,Parameter,The relation 'has monitoring data' is inappropriate; it should be 'isMonitoredBy' as NIBP is a parameter monitored in the context of physiological data.,0.9,"The relation 'has monitoring data' is incorrect; 'NIBP' is a parameter that is monitored, so it should be 'isMonitoredBy'.",1.0,
217,relation,Observation,is measured at,Measurement Time,[inferred] cluster completion,accept_direct,,,,,Observation is measured at Measurement Time is a direct and valid relationship between the classes defined in the ontology.,0.95,,,
218,relation,Peripheral Temperature,has monitoring data,Temperature,[inferred] cluster completion,revise,4.4,Peripheral Temperature,isMonitoredBy,Temperature,The relation 'has monitoring data' should be replaced with 'isMonitoredBy' as Peripheral Temperature is a monitoring parameter for Temperature.,0.9,The relation 'has monitoring data' should be 'isMonitoredBy' as Peripheral Temperature is a monitoring parameter for Temperature.,1.0,
219,relation,Reading,is measured by,Observation,[inferred] cluster completion,revise,4.4,Reading,measuresParameter,Observation,The relation 'is measured by' should be 'measuresParameter' as Reading is a type of Observation that measures a Parameter.,0.9,The relation 'is measured by' should be 'measuresParameter' as Reading is a type of Observation that measures a Parameter.,1.0,
220,relation,Respiration Rate,is monitored by,Sensor,[inferred] cluster completion,accept_direct,,,,,The triple 'Respiration Rate is monitored by Sensor' holds directly as Respiration Rate is a physiological parameter monitored by a sensor.,1.0,,,
221,relation,Temperature,has monitoring data,Parameter,[inferred] cluster completion,revise,4.5,Temperature,isMonitoredBy,Parameter,The relation 'has monitoring data' is incorrect; it should be 'isMonitoredBy' as Temperature is a monitoring parameter and Parameter is a general class.,0.9,The relation 'has monitoring data' is incorrect; it should be 'isMonitoredBy' as Temperature is monitored by Parameter.,1.0,
222,relation,Biochemistry,has laboratory value,Glucose,[inferred] cluster completion,revise,4.9,Glucose,subClassOf,Biochemistry,Biochemistry is a panel and Glucose is an analyte; the relationship should be subClassOf instead of has laboratory value.,0.9,"Glucose is an analyte and Biochemistry is its panel, following the analyte→panel subclass pattern in the preamble.",1.0,
223,relation,Biochemistry,has laboratory value,Potassium,[inferred] cluster completion,revise,4.9,Potassium,isATypeOf,Biochemistry,"The relation 'has laboratory value' should be 'isATypeOf' since Potassium is a subclass of the analyte Biochemistry, aligning with the analyte→panel subclass pattern.",0.9,"Potassium→Biochemistry is the analyte→panel subclass pattern in the preamble, so relation should be subClassOf.",1.0,
224,relation,Biochemistry,has laboratory value,Sodium,[inferred] cluster completion,revise,4.9,Sodium,subClassOf,Biochemistry,"The relationship 'has laboratory value' is incorrect; Sodium should be classified as a subclass of Biochemistry, following the analyte→panel pattern in the preamble.",0.9,"Sodium→Biochemistry is the analyte→panel subclass pattern in the preamble, so relation should be subClassOf.",1.0,
225,relation,Cardiac Output,is monitored by,Monitoring,[inferred] cluster completion,revise,4.5,Cardiac Output,hasMonitoringData,Monitoring,The relation 'is monitored by' should be 'hasMonitoringData' as it aligns with the monitoring context of Cardiac Output and Monitoring Data.,0.9,The relation 'is monitored by' should be 'hasMonitoringData' as it aligns with the monitoring context of Cardiac Output and Monitoring.,1.0,
226,relation,Fluids,is managed by,Monitoring,[inferred] cluster completion,revise,4.5,Fluids,hasMonitoringData,Monitoring,"The relation 'is managed by' does not fit; 'Fluids' should 'hasMonitoringData' related to 'Monitoring' instead, as monitoring is a method of observing fluids.",0.8,The relation 'is managed by' is incorrect; 'Fluids' should have 'hasMonitoringData' related to 'Monitoring' as monitoring pertains to fluids.,1.0,
227,relation,Glucose,assesses,Biochemistry,[inferred] cluster completion,revise,4.4,Glucose,hasLaboratoryValue,Biochemistry,The relationship 'assesses' is not appropriate; Glucose should be linked to 'hasLaboratoryValue' with Biochemistry as the panel class.,0.85,The relation 'assesses' is incorrect; 'Glucose' should be linked to 'hasLaboratoryValue' with 'Biochemistry' as the panel class.,1.0,
228,relation,Haematocrit,has laboratory value,Haematology,[inferred] cluster completion,revise,4.4,Haematocrit,hasLaboratoryValue,Haematology,"Haematocrit is a subclass of Laboratory Values, not a direct relationship with Haematology; the relation should be hasLaboratoryValue instead of has laboratory value.",0.85,"The relation should be hasLaboratoryValue instead of has laboratory value, as Haematocrit is a subclass of Laboratory Values.",1.0,
229,relation,Haematology,has laboratory value,Haematocrit,[inferred] cluster completion,revise,4.9,Haematology,subClassOf,Laboratory Values,"Haematology should be a subclass of Laboratory Values, making the relationship subclass-shaped; it should be 'Haematocrit subClassOf Haematology'.",0.9,"Haematology is a subclass of Laboratory Values, as per the domain context conventions.",1.0,
230,relation,Haematology,has laboratory value,Haemoglobin,[inferred] cluster completion,revise,4.9,Haematology,subClassOf,Laboratory Values,"Haematology should be a subclass of Laboratory Values, not directly related to Haemoglobin; the correct relation is subClassOf.",0.8,"Haematology should be a subclass of Laboratory Values according to the domain context, indicating a hierarchy relationship.",1.0,
231,relation,Monitoring,is associated with,Cardiac Output,[inferred] cluster completion,accept_direct,,,,,"Monitoring is associated with Cardiac Output as monitoring encompasses the observation of physiological parameters, including cardiac output.",0.95,,,
232,relation,Monitoring,is associated with,Fluids,[inferred] cluster completion,accept_indirect,,,,,Monitoring is associated with Fluids through the chain: Monitoring → hasMonitoringData → Therapy → receivesTherapy → Fluids.,0.85,,,
233,relation,Monitoring,is associated with,Sedation,[inferred] cluster completion,accept_direct,,,,,The relationship 'Monitoring is associated with Sedation' is semantically correct as monitoring is relevant to managing sedation levels in critically ill patients.,0.9,,,
234,relation,Potassium,assesses,Biochemistry,[inferred] cluster completion,revise,4.4,Potassium,hasLaboratoryValue,Biochemistry,The relationship 'assesses' should be replaced with 'hasLaboratoryValue' as Potassium is a laboratory analyte and Biochemistry is a panel.,0.9,The relation 'assesses' should be 'hasLaboratoryValue' as Potassium is a laboratory analyte and Biochemistry is a panel.,1.0,
235,relation,Sedation,is monitored by,Monitoring,[inferred] cluster completion,revise,4.4,Sedation,hasMonitoringData,Monitoring,"The relation 'is monitored by' should be 'hasMonitoringData' as Sedation is a therapy and Monitoring is a data class, not a monitoring method.",0.85,The relation 'is monitored by' should be 'hasMonitoringData' as Sedation is a therapy and Monitoring is a data class.,1.0,
236,relation,Sodium,assesses,Biochemistry,[inferred] cluster completion,revise,4.9,Sodium,subClassOf,Biochemistry,"Sodium is a subclass of Biochemistry, thus the relationship should be subClassOf instead of assesses.",0.85,"Sodium is a subclass of Biochemistry, as per the domain context indicating analytes are subclasses of their respective panels.",1.0,
237,relation,Disability,affects outcome,GOSe Outcome,[inferred] cluster completion,accept_direct,,,,,Disability affects GOSe Outcome directly as it is a recognized relationship in assessing patient outcomes after brain injuries.,0.95,,,
238,relation,GCS Assessment,assesses,Disability,[inferred] cluster completion,accept_direct,,,,,"GCS Assessment directly assesses Disability, as it evaluates the level of consciousness and neurological status related to daily living activities.",0.95,,,
239,relation,GCS Assessment,is related to,Motor Impairment,[inferred] cluster completion,accept_direct,,,,,GCS Assessment is directly related to Motor Impairment as both pertain to assessing neurological status in brain injury patients.,0.95,,,
240,relation,GOSe Outcome,is influenced by,Disability,[inferred] cluster completion,revise,4.5,GOSe Outcome,affectsOutcome,Disability,The relation 'is influenced by' should be replaced with 'affectsOutcome' as GOSe Outcome is an outcome and Disability is a condition related to it.,0.9,The relation 'is influenced by' should be 'affectsOutcome' as GOSe Outcome is an outcome and Disability is a related condition.,1.0,
241,relation,GOSe Outcome,is associated with,Outcome Score,[inferred] cluster completion,accept_direct,,,,,GOSe Outcome is associated with Outcome Score as both relate to assessing patient outcomes after brain injury.,0.9,,,
242,relation,Motor Impairment,is a risk factor for,Disability,[inferred] cluster completion,accept_direct,,,,,"Motor Impairment is a recognized risk factor for Disability in brain injury patients, supporting the direct relationship.",0.9,,,
243,relation,Outcome Score,correlates with,GOSe Outcome,[inferred] cluster completion,accept_indirect,,,,,"Outcome Score correlates with GOSe Outcome via the relationship that both assess neurological outcomes after brain injury, making the correlation valid through intermediate concepts.",0.85,,,
244,relation,Pupil Assessment,is associated with,Motor Impairment,[inferred] cluster completion,accept_direct,,,,,"Pupil Assessment is associated with Motor Impairment, as unequal pupil sizes can indicate neurological issues affecting muscle control.",0.85,,,
245,relation,Cerebral Perfusion Pressure (CPP),is a risk factor for,Intracranial Hypertension,[inferred] cluster completion,accept_direct,,,,,"Cerebral Perfusion Pressure (CPP) is a recognized risk factor for Intracranial Hypertension in TBI patients, directly linking the two classes.",0.95,,,
246,relation,Cerebral Perfusion Pressure (CPP),assesses,Mean Cerebral Perfusion Pressure,[inferred] cluster completion,accept_indirect,,,,,Cerebral Perfusion Pressure (CPP) indirectly assesses Mean Cerebral Perfusion Pressure through the relationship of measuring parameters related to cerebral blood flow.,0.85,,,
247,relation,CVP,is monitored by,Intracranial Hypertension,[inferred] cluster completion,revise,4.4,CVP,isMonitoredBy,Intracranial Hypertension,CVP is a physiological parameter and should be related to Intracranial Hypertension via a monitoring relationship; the relation should be 'isMonitoredBy'.,0.85,The relation 'is monitored by' should be corrected to 'isMonitoredBy' to adhere to BrainIT ontology conventions.,1.0,
248,relation,Intracranial Pressure (ICP),is influenced by,Mean Cerebral Perfusion Pressure,[inferred] cluster completion,accept_direct,,,,,The relationship 'Intracranial Pressure (ICP) is influenced by Mean Cerebral Perfusion Pressure' is clinically valid as ICP is affected by cerebral perfusion pressure.,0.9,,,
249,relation,Intracranial Pressure (ICP),has monitoring data,Cerebral Perfusion Pressure (CPP),[inferred] cluster completion,revise,4.4,Intracranial Pressure,isMonitoredBy,Cerebral Perfusion Pressure,The relation 'has monitoring data' is not valid; it should be 'isMonitoredBy' as ICP is monitored by CPP.,0.9,The relation 'has monitoring data' should be 'isMonitoredBy' as ICP is monitored by CPP.,1.0,
250,relation,Intracranial Hypertension,worsens,Outcome,[inferred] cluster completion,accept_direct,,,,,The relationship 'Intracranial Hypertension worsens Outcome' is clinically valid as elevated intracranial pressure can lead to poorer patient outcomes.,0.95,,,
251,relation,Intracranial Hypertension,is a condition of,Intracranial Pressure (ICP),[inferred] cluster completion,accept_direct,,,,,Intracranial Hypertension is a condition that directly relates to Intracranial Pressure as it is characterized by elevated pressure within the skull.,0.95,,,
252,relation,Mean Cerebral Perfusion Pressure,calculates,Cerebral Perfusion Pressure (CPP),[inferred] cluster completion,accept_direct,,,,,Mean Cerebral Perfusion Pressure calculates Cerebral Perfusion Pressure (CPP) as it is the difference between mean arterial pressure and intracranial pressure.,0.95,,,
253,relation,Mean Cerebral Perfusion Pressure,is related to,Intracranial Pressure (ICP),[inferred] cluster completion,accept_direct,,,,,Mean Cerebral Perfusion Pressure is directly related to Intracranial Pressure as both are critical parameters in neurological assessments.,0.9,,,
254,relation,Mean Intracranial Pressure,is measured by,Intracranial Pressure (ICP),[inferred] cluster completion,accept_direct,,,,,Mean Intracranial Pressure is measured by Intracranial Pressure (ICP) as both are valid parameters in neurointensive care.,0.95,,,
255,relation,Pressure Reactivity Index (PRx),assesses,Intracranial Pressure (ICP),[inferred] cluster completion,accept_direct,,,,,Pressure Reactivity Index (PRx) directly assesses Intracranial Pressure (ICP) as part of neurological assessments.,0.95,,,
256,relation,Carbon Dioxide,is monitored by,End-tidal Carbon Dioxide,[inferred] cluster completion,accept_direct,,,,,The relationship 'Carbon Dioxide is monitored by End-tidal Carbon Dioxide' holds directly as End-tidal Carbon Dioxide is a measurement used to assess Carbon Dioxide levels.,0.95,,,
257,relation,Carbon Dioxide,has laboratory value,Partial Pressure of Carbon Dioxide,[inferred] cluster completion,revise,4.4,Carbon Dioxide,isMonitoredBy,Partial Pressure of Carbon Dioxide,"The relation 'has laboratory value' should be 'isMonitoredBy' since Carbon Dioxide is monitored by its Partial Pressure, aligning with the monitoring data structure.",0.85,The relation 'has laboratory value' should be 'isMonitoredBy' as Carbon Dioxide is monitored by its Partial Pressure.,1.0,
258,relation,End-tidal Carbon Dioxide,assesses,Carbon Dioxide,[inferred] cluster completion,accept_direct,,,,,End-tidal Carbon Dioxide assesses Carbon Dioxide directly as it is used to evaluate respiratory function.,0.95,,,
259,relation,End-tidal Carbon Dioxide,is associated with,Partial Pressure of Carbon Dioxide,[inferred] cluster completion,accept_indirect,,,,,End-tidal Carbon Dioxide is associated with Partial Pressure of Carbon Dioxide via the chain: measuresParameter → assesses → Physiological Data → hasMonitoringData → Monitoring Data.,0.85,,,
260,relation,Partial Pressure of Carbon Dioxide,has laboratory value,Carbon Dioxide,[inferred] cluster completion,revise,4.9,Partial Pressure of Carbon Dioxide,subClassOf,Laboratory Values,The relation 'has laboratory value' is incorrect; 'Partial Pressure of Carbon Dioxide' should be classified as a subclass of 'Laboratory Values' instead of having a laboratory value.,0.9,Partial Pressure of Carbon Dioxide should be a subclass of Laboratory Values according to the ontology conventions.,1.0,
261,relation,Partial Pressure of Carbon Dioxide,correlates with,End-tidal Carbon Dioxide,[inferred] cluster completion,accept_direct,,,,,"Partial Pressure of Carbon Dioxide correlates with End-tidal Carbon Dioxide as both are measures related to carbon dioxide levels in the blood and exhaled air, respectively.",0.9,,,
262,hierarchy,Decompressive Craniectomy,subClassOf,Surgical Procedure,Decompressive craniectomy (DC) is a surgical technique originally described by Kocher in 1901.,accept_direct,,,,,Decompressive Craniectomy is a valid subclass of Surgical Procedure as it is a recognized neurosurgical procedure in the context of neurointensive care.,0.9,,,
263,hierarchy,Secondary Insult,subClassOf,Insult,One of the most critical types of systemic secondary insult is arterial hypotension.,accept_direct,,,,,The triple 'Secondary Insult subClassOf Insult' is semantically correct as 'Secondary Insult' is a subclass of 'Insult' in the neurointensive care context.,0.95,,,
264,hierarchy,Vasopressors,subClassOf,Baseline Therapy,[inferred] Vasopressors is a subclass of Baseline Therapy (deterministic hierarchy checklist).,reject,,,,,"Vasopressors is not a subclass of Baseline Therapy; it is a specific type of Secondary Insult Therapy used to manage blood pressure, not standard ICU therapy.",0.9,,,
265,hierarchy,Secondary Insult,subClassOf,Condition,[inferred] Secondary Insult is a subclass of Condition (deterministic hierarchy checklist).,reject,,,,,The triple 'Secondary Insult subClassOf Condition' is incorrect; 'Condition' is a generic superclass and does not directly include 'Secondary Insult' as a subclass.,0.9,,,
266,hierarchy,Core Monitoring Parameter,subClassOf,Monitoring Data,[inferred] Chain-of-Layer: Core Monitoring Parameter is organized under Monitoring Data,accept_direct,,,,,Core Monitoring Parameter is a direct subclass of Monitoring Data as per the defined hierarchy in the BrainIT ontology.,1.0,,,
267,hierarchy,Heart Rate,subClassOf,Core Monitoring Parameter,[inferred] Chain-of-Layer: Heart Rate is organized under Core Monitoring Parameter,accept_direct,,,,,Heart Rate is a subclass of Core Monitoring Parameter as per the established hierarchy in the BrainIT ontology.,1.0,,,
268,hierarchy,Mean Arterial Pressure (MAP),subClassOf,Core Monitoring Parameter,[inferred] Chain-of-Layer: Mean Arterial Pressure (MAP) is organized under Core Monitoring Parameter,accept_direct,,,,,Mean Arterial Pressure (MAP) is a valid subclass of Core Monitoring Parameter as per the domain context.,0.95,,,
269,hierarchy,Mean Intracranial Pressure,subClassOf,Core Monitoring Parameter,[inferred] Chain-of-Layer: Mean Intracranial Pressure is organized under Core Monitoring Parameter,accept_direct,,,,,"Mean Intracranial Pressure is a subclass of Core Monitoring Parameter, as it is a specific measure used in monitoring brain injuries.",1.0,,,
270,hierarchy,Mean Cerebral Perfusion Pressure,subClassOf,Core Monitoring Parameter,[inferred] Chain-of-Layer: Mean Cerebral Perfusion Pressure is organized under Core Monitoring Parameter,revise,4.1,Mean Cerebral Perfusion Pressure,subClassOf,Physiological Data,"Mean Cerebral Perfusion Pressure should be a subclass of Physiological Data rather than Core Monitoring Parameter, as it is a specific measure derived from other parameters.",0.85,Mean Cerebral Perfusion Pressure should be subclassed under Physiological Data as it is a specific measure derived from other parameters.,0.9,
271,hierarchy,Pressure Reactivity Index (PRx),subClassOf,Core Monitoring Parameter,[inferred] Chain-of-Layer: Pressure Reactivity Index (PRx) is organized under Core Monitoring Parameter,accept_direct,,,,,"Pressure Reactivity Index (PRx) is a subclass of Core Monitoring Parameter as it assesses brain blood flow regulation, fitting the hierarchy directly.",0.95,,,
272,hierarchy,Monitoring Time,subClassOf,Monitoring Data,[inferred] Chain-of-Layer: Monitoring Time is organized under Monitoring Data,accept_direct,,,,,"Monitoring Time is a subclass of Monitoring Data, which is a direct subclass relationship.",1.0,,,
273,hierarchy,Baseline Therapy,subClassOf,Therapy,[inferred] Chain-of-Layer: Baseline Therapy is organized under Therapy,accept_direct,,,,,"Baseline Therapy is a subclass of Therapy, confirming the hierarchy relationship directly as stated.",1.0,,,
274,hierarchy,Barbiturates,subClassOf,Secondary Insult Therapy,[inferred] Chain-of-Layer: Barbiturates is organized under Baseline Therapy,reject,,,,,"Barbiturates is not a subclass of Secondary Insult Therapy; it is a type of Baseline Therapy, which contradicts the hierarchy.",0.9,,,
275,hierarchy,Traumatic Brain Injury,subClassOf,Condition,[inferred] Chain-of-Layer: Traumatic Brain Injury is organized under Condition,reject,,,,,"The definition of 'Condition' incorrectly describes a type of stroke, while 'Traumatic Brain Injury' is a specific type of brain injury, not a subclass of 'Condition'.",0.9,,,
276,hierarchy,Sepsis,subClassOf,Condition,[inferred] Chain-of-Layer: Sepsis is organized under Condition,reject,,,,,"Sepsis is not a subclass of Condition as defined; Condition refers specifically to types of strokes, which does not include Sepsis.",0.9,,,
277,hierarchy,Septic Shock,subClassOf,Condition,[inferred] Chain-of-Layer: Septic Shock is organized under Condition,reject,,,,,"Septic Shock is not a subclass of Condition as defined; Condition is incorrectly described as a type of stroke, which is unrelated to Septic Shock.",0.7,,,low_evidence
278,hierarchy,GCS Assessment,subClassOf,Clinical Assessment,[inferred] Chain-of-Layer: GCS Assessment is organized under Outcome,accept_direct,,,,,GCS Assessment is a subclass of Clinical Assessment as it is a structured clinical evaluation used in neurointensive care.,0.95,,,
279,hierarchy,Guideline Adherence,subClassOf,Guideline,[inferred] Chain-of-Layer: Guideline Adherence is organized under Guideline,revise,4.4,Guideline Adherence,isAssociatedWith,Guideline,The relation 'subClassOf' should be replaced with 'isAConditionOf' as Guideline Adherence is a specific type of Guideline in clinical practice.,0.8,The relation 'subClassOf' should be 'isAssociatedWith' as Guideline Adherence is a specific type of Guideline in clinical practice.,0.9,
280,hierarchy,Cerebrovascular Autoregulation,subClassOf,Condition,[inferred] Cerebrovascular Autoregulation is a subclass of Condition (deterministic hierarchy checklist).,reject,,,,,"Cerebrovascular Autoregulation is not a subclass of Condition; it is a physiological mechanism, not a medical condition like stroke.",0.9,,,
281,hierarchy,Haematocrit,subClassOf,Haematology,the physiological vital functions are extensively monitored.,revise,4.9,Haematocrit,subClassOf,Haematology,"Haematocrit is a subclass of Haematology, so the relation should be subClassOf instead of subClassOf.",0.9,"Haematocrit is a subclass of Haematology, so the relation should be subClassOf instead of subClassOf.",1.0,
282,hierarchy,TCD,subClassOf,Optional Monitoring Parameter,the physiological vital functions are extensively monitored.,revise,4.1,TCD,subClassOf,Core Monitoring Parameter,"The relation 'subClassOf' is correct, but 'TCD' should be a subclass of 'Core Monitoring Parameter' instead of 'Optional Monitoring Parameter' based on the monitoring hierarchy.",0.9,TCD should be a subclass of Core Monitoring Parameter based on the monitoring hierarchy.,1.0,
283,hierarchy,Optional Monitoring Parameter,subClassOf,Monitoring Data,the physiological vital functions are extensively monitored.,revise,4.9,Optional Monitoring Parameter,subClassOf,Monitoring Data,The relationship 'Optional Monitoring Parameter subClassOf Monitoring Data' should be 'Optional Monitoring Parameter subClassOf Monitoring Data' as it fits the subclass pattern outlined in the preamble.,0.9,The relationship 'Optional Monitoring Parameter subClassOf Monitoring Data' fits the subclass pattern outlined in the preamble.,1.0,
284,hierarchy,Intracranial Pressure (ICP),subClassOf,Core Monitoring Parameter,the physiological vital functions are extensively monitored.,accept_direct,,,,,"Intracranial Pressure (ICP) is a specific type of Core Monitoring Parameter, making the subclass relationship valid.",0.95,,,
285,hierarchy,Removal of Foreign Body,subClassOf,Surgical Procedure,the physiological vital functions are extensively monitored.,accept_direct,,,,,"Removal of Foreign Body is a subclass of Surgical Procedure, which is directly supported by the definitions provided in the domain context.",1.0,,,
286,hierarchy,Peripheral Temperature,subClassOf,Optional Monitoring Parameter,the physiological vital functions are extensively monitored.,accept_direct,,,,,Peripheral Temperature is a valid subclass of Optional Monitoring Parameter as defined in the BrainIT ontology.,0.95,,,
287,hierarchy,Sodium,subClassOf,Biochemistry,the physiological vital functions are extensively monitored.,revise,4.9,Sodium,subClassOf,Biochemistry,"Sodium is an analyte and should be a subclass of Biochemistry, following the analyte→panel subclass pattern in the preamble; relation should be subClassOf.",0.9,"Sodium→Biochemistry is the analyte→panel subclass pattern in the preamble, so relation should be subClassOf.",1.0,
288,hierarchy,Fluids,subClassOf,Baseline Therapy,the physiological vital functions are extensively monitored.,revise,4.7,Fluids,receivesTherapy,Baseline Therapy,"The triple suggests Fluids is a subclass of Baseline Therapy, but it should be Fluids subClassOf Therapy, as Fluids is a type of therapy, not a subclass of Baseline Therapy.",0.9,Fluids should not be a subclass of Baseline Therapy; it should have a direct relationship indicating it receives therapy.,0.9,
289,hierarchy,Extra Ventricular Drain Placement,subClassOf,Surgical Procedure,the physiological vital functions are extensively monitored.,revise,4.9,Extra Ventricular Drain Placement,subClassOf,Surgical Procedure,"Extra Ventricular Drain Placement should be classified as a subclass of Surgical Procedure, not as a direct subclass relationship; revise to subClassOf.",0.9,"Extra Ventricular Drain Placement should be a subclass of Surgical Procedure, as per the hierarchy classification in the domain context.",1.0,
290,hierarchy,EtCO2,subClassOf,Optional Monitoring Parameter,the physiological vital functions are extensively monitored.,revise,4.9,EtCO2,subClassOf,Monitoring Data,EtCO2 should be classified as a subclass of Monitoring Data rather than an Optional Monitoring Parameter; the relation should be subClassOf.,0.9,"EtCO2 should be classified as a subclass of Monitoring Data, as per the hierarchy context provided.",1.0,
291,hierarchy,SjO2,subClassOf,Optional Monitoring Parameter,the physiological vital functions are extensively monitored.,revise,4.9,SjO2,subClassOf,Optional Monitoring Parameter,"SjO2 is a subclass of Optional Monitoring Parameter, so the relation should be subClassOf instead of subClassOf.",0.9,"SjO2 is a subclass of Optional Monitoring Parameter, aligning with the hierarchy established in the domain context.",1.0,
292,hierarchy,Blood Gases,subClassOf,Laboratory Values,the physiological vital functions are extensively monitored.,revise,4.9,Blood Gases,subClassOf,Laboratory Values,"Blood Gases should be subClassOf Laboratory Values as analytes belong to their respective panels, according to the preamble.",0.9,"Blood Gases should be subClassOf Laboratory Values as analytes belong to their respective panels, according to the preamble.",1.0,
293,hierarchy,Haemoglobin,subClassOf,Haematology,the physiological vital functions are extensively monitored.,revise,4.9,Haemoglobin,subClassOf,Laboratory Values,"Haemoglobin is a valid subclass of Laboratory Values, not Haematology; the relation should be subClassOf instead of subClassOf.",0.8,"Haemoglobin is a valid subclass of Laboratory Values according to the domain context, so the relation should be subClassOf.",1.0,
294,hierarchy,Glucose,subClassOf,Biochemistry,the physiological vital functions are extensively monitored.,revise,4.9,Glucose,subClassOf,Biochemistry,"Glucose is a specific analyte and should be a subclass of Biochemistry, not a subclass relationship; the correct relation is subClassOf.",0.9,"Glucose is an analyte and should be a subclass of Biochemistry, as per the preamble guidelines.",1.0,
295,hierarchy,Anterior Fossa Repair,subClassOf,Surgical Procedure,the physiological vital functions are extensively monitored.,accept_direct,,,,,Anterior Fossa Repair is a subclass of Surgical Procedure as it is a specific type of neurosurgical procedure performed in ICU settings.,0.9,,,
296,hierarchy,Secondary Insult Treatment,subClassOf,Secondary Insult Therapy,the physiological vital functions are extensively monitored.,accept_direct,,,,,"Secondary Insult Treatment is a subclass of Secondary Insult Therapy, which is a valid hierarchy relationship in the neurointensive care domain.",0.9,,,
297,hierarchy,NIBP,subClassOf,Optional Monitoring Parameter,the physiological vital functions are extensively monitored.,accept_direct,,,,,"NIBP is a subclass of Optional Monitoring Parameter, which is a valid hierarchy relationship in the BrainIT Ontology.",0.95,,,
298,hierarchy,Hypotension,subClassOf,Condition,the physiological vital functions are extensively monitored.,reject,,,,,"Hypotension is not a subclass of Condition; it is a specific medical condition, while the definition provided incorrectly describes Condition as a type of stroke.",0.85,,,
299,hierarchy,Haematology,subClassOf,Laboratory Values,the physiological vital functions are extensively monitored.,revise,4.9,Laboratory Values,subClassOf,Haematology,Haematology should be a subclass of Laboratory Values as it pertains to blood tests; the relation should be subClassOf instead of subClassOf.,0.9,"Laboratory Values should be a subclass of Haematology as it pertains to blood tests, following the subclass pattern in the preamble.",0.9,
300,hierarchy,Sedation,subClassOf,Baseline Therapy,the physiological vital functions are extensively monitored.,revise,4.9,Baseline Therapy,subClassOf,Sedation,"The relationship 'Sedation subClassOf Baseline Therapy' is incorrect; Sedation is a subclass of Baseline Therapy, not the other way around.",0.9,"Sedation is a subclass of Baseline Therapy, which is the correct hierarchy according to the domain context.",1.0,
301,hierarchy,CT Scan Assessment,subClassOf,Clinical Assessment,the physiological vital functions are extensively monitored.,revise,4.9,CT Scan Assessment,subClassOf,Clinical Assessment,CT Scan Assessment should be subClassOf Clinical Assessment as it is a specific type of clinical evaluation; the relation should be subClassOf instead of subClassOf.,0.9,"CT Scan Assessment is a specific type of Clinical Assessment, so the relation should be subClassOf.",1.0,
302,hierarchy,Hypotension,subClassOf,Septic Shock,Duration of hypotension before initiation of effective antimicrobial therapy is the critical determinant of survival in human septic shock.,reject,,,,,"Hypotension is not a subclass of Septic Shock; they are distinct conditions, and the relationship does not hold directly or indirectly.",0.85,,,
303,hierarchy,Hypoperfusion,subClassOf,Cerebrovascular Autoregulation,secondary ischemic damage from associated hypoperfusion.,revise,4.9,Hypoperfusion,subClassOf,Condition,"Hypoperfusion should be a subclass of Condition, while Cerebrovascular Autoregulation is not a condition but a mechanism; the relation should be subClassOf instead of subClassOf.",0.8,"Hypoperfusion should be a subclass of Condition as per the domain context, correcting the hierarchy relation.",1.0,
304,hierarchy,Cardiac Output,subClassOf,Optional Monitoring Parameter,Domain-scope scaffolding: Cardiac Output is a known subclass of Optional Monitoring Parameter in the BrainIT domain.,accept_direct,,,,,"Cardiac Output is a known subclass of Optional Monitoring Parameter in the BrainIT domain, directly aligning with the hierarchy relationship stated in the triple.",0.95,,,
305,hierarchy,Nutrition,subClassOf,Baseline Therapy,Domain-scope scaffolding: Nutrition is a known subclass of Baseline Therapy in the BrainIT domain.,accept_direct,,,,,"Nutrition is a known subclass of Baseline Therapy in the BrainIT domain, confirming the direct subclass relationship.",0.95,,,
306,hierarchy,Pupil Assessment,subClassOf,Clinical Assessment,Domain-scope scaffolding: Pupil Assessment is a known subclass of Clinical Assessment in the BrainIT domain.,accept_direct,,,,,"Pupil Assessment is a known subclass of Clinical Assessment in the BrainIT domain, as confirmed by the evidence provided.",0.95,,,
307,hierarchy,Potassium,subClassOf,Biochemistry,Domain-scope scaffolding: Potassium is a known subclass of Biochemistry in the BrainIT domain.,revise,4.9,Potassium,subClassOf,Biochemistry,"Potassium is a valid subclass of Biochemistry, but the relation should be subClassOf instead of subClassOf, as it represents an analyte within the biochemistry panel.",0.9,"Potassium is an analyte within the Biochemistry panel, so the relation should be subClassOf according to the preamble.",1.0,
308,hierarchy,Possible Error,subClassOf,Data Quality Assessment,Domain-scope scaffolding: Possible Error is a known subclass of Data Quality Assessment in the BrainIT domain.,accept_direct,,,,,Possible Error is a known subclass of Data Quality Assessment in the BrainIT domain.,0.95,,,
309,hierarchy,Hypertension,subClassOf,Condition,Schema-inferred: Hypertension is a subclass of Condition.,reject,,,,,"Hypertension is not a subclass of Condition; the definition incorrectly describes it as a type of stroke, which it is not.",0.9,,,
310,hierarchy,Biochemistry,subClassOf,Laboratory Values,Schema-inferred: Biochemistry is a subclass of Laboratory Values.,revise,4.9,Laboratory Values,subClassOf,Biochemistry,The relation 'subClassOf' is incorrect; 'Biochemistry' should be a subclass of 'Laboratory Values' as per the analyte→panel subclass pattern listed in the preamble.,0.9,Biochemistry should be a subclass of Laboratory Values as per the analyte→panel subclass pattern in the preamble.,1.0,
311,hierarchy,Arterial Pressors,subClassOf,Secondary Insult Therapy,Schema-inferred: Arterial Pressors is a subclass of Secondary Insult Therapy.,accept_direct,,,,,"Arterial Pressors is a subclass of Secondary Insult Therapy, which is a valid hierarchy relationship in the neurointensive care domain.",1.0,,,
312,hierarchy,Secondary Insult Therapy,subClassOf,Therapy,Schema-inferred: Secondary Insult Therapy is a subclass of Therapy.,accept_direct,,,,,The triple 'Secondary Insult Therapy subClassOf Therapy' is semantically correct as it directly follows the hierarchical structure defined in the BrainIT ontology.,1.0,,,
313,hierarchy,Intracranial Hypertension,subClassOf,Secondary Insult,Schema-inferred: Intracranial Hypertension is a subclass of Secondary Insult.,accept_direct,,,,,"Intracranial Hypertension is a subclass of Secondary Insult, as both are valid classes in the neurointensive care domain.",1.0,,,
314,hierarchy,Jugular Venous Desaturation,subClassOf,Secondary Insult,Schema-inferred: Jugular Venous Desaturation is a subclass of Secondary Insult.,accept_direct,,,,,Jugular Venous Desaturation is a subclass of Secondary Insult as it represents a secondary complication in TBI patients.,0.95,,,
315,hierarchy,GOSe Outcome,subClassOf,Outcome,Schema-inferred: GOSe Outcome is a subclass of Outcome.,accept_direct,,,,,"GOSe Outcome is a subclass of Outcome, which is directly supported by the provided evidence.",0.95,,,
316,hierarchy,CVP,subClassOf,Optional Monitoring Parameter,Schema-inferred: Central Venous Pressure is a subclass of Optional Monitoring Parameter.,revise,4.1,CVP,subClassOf,Physiological Data,"CVP is a subclass of Physiological Data, not Optional Monitoring Parameter; the relation should be subClassOf.",0.9,"CVP is a subclass of Physiological Data, as per the domain context, so the target should be changed accordingly.",1.0,
317,hierarchy,Acute Respiratory Distress Syndrome,subClassOf,Secondary Insult,Schema-inferred: Acute Respiratory Distress Syndrome is a subclass of Secondary Insult.,reject,,,,,"Acute Respiratory Distress Syndrome is not a subclass of Secondary Insult; they are distinct conditions, and the relationship does not hold.",0.9,,,
318,hierarchy,Traumatic Brain Injury,subClassOf,Brain Injury,Traumatic brain injury (TBI) is a leading cause of death and long-term disability worldwide.,accept_direct,,,,,"Traumatic Brain Injury is a subclass of Brain Injury, directly aligning with the definitions provided.",0.95,,,
319,hierarchy,Condition,subClassOf,Mortality,"Clinical management of this population is focused on minimising tivity, disease severity and mortality is related to the partial pressure of any secondary injury, such as ischemia or raised intracranial pressure brain tissue oxygen (PbtO2) .",reject,,,,,"Condition and Mortality are not hierarchically related; Mortality is not a subclass of Condition, nor is Condition a subclass of Mortality.",0.9,,,
320,hierarchy,Arterial Hypotension,subClassOf,Secondary Insult,[inferred] Arterial Hypotension is a subclass of Secondary Insult (deterministic hierarchy checklist).,accept_direct,,,,,Arterial Hypotension is a subclass of Secondary Insult as both are valid classes in the neurointensive care context.,0.95,,,
321,hierarchy,Brain Injury,subClassOf,Condition,[inferred] Chain-of-Layer: Brain Injury is organized under Condition,reject,,,,,"The definition of 'Condition' incorrectly specifies 'stroke', which does not align with the authoritative label; 'Brain Injury' is not a subclass of 'Condition'.",0.9,,,
322,hierarchy,Secondary Brain Injury,subClassOf,Brain Injury,[inferred] Chain-of-Layer: Secondary Brain Injury is organized under Brain Injury,accept_direct,,,,,"Secondary Brain Injury is a subclass of Brain Injury, aligning with the established hierarchy in the domain context.",1.0,,,
323,hierarchy,Cerebrovascular Autoregulation,subClassOf,Secondary Insult,[inferred] Chain-of-Layer: Cerebrovascular Autoregulation is organized under Secondary Insult,reject,,,,,"Cerebrovascular Autoregulation is not a subclass of Secondary Insult; it describes a physiological mechanism, not an additional injury or complication.",0.9,,,
324,hierarchy,Adverse Event,subClassOf,Condition,[inferred] Chain-of-Layer: Adverse Event is organized under Condition,reject,,,,,The relationship 'Adverse Event subClassOf Condition' is incorrect; 'Adverse Event' is not a subclass of 'Condition' in the context of neurointensive care.,0.9,,,
325,hierarchy,Heart Rate,subClassOf,Physiological Data,[inferred] Chain-of-Layer: Heart Rate is organized under Physiological Data,accept_direct,,,,,"Heart Rate is a subclass of Physiological Data, which aligns with the established hierarchy in the domain context.",1.0,,,
326,hierarchy,Mean Arterial Pressure (MAP),subClassOf,Physiological Data,[inferred] Chain-of-Layer: Mean Arterial Pressure (MAP) is organized under Physiological Data,accept_direct,,,,,Mean Arterial Pressure (MAP) is a subclass of Physiological Data as per the domain context.,1.0,,,
327,hierarchy,Intracranial Pressure (ICP),subClassOf,Physiological Data,[inferred] Chain-of-Layer: ICP is organized under Physiological Data,accept_direct,,,,,Intracranial Pressure (ICP) is a subclass of Physiological Data as per the hierarchy established in the domain context.,0.95,,,
328,hierarchy,Cerebral Perfusion Pressure (CPP),subClassOf,Physiological Data,[inferred] Chain-of-Layer: CPP is organized under Physiological Data,accept_direct,,,,,Cerebral Perfusion Pressure (CPP) is a subclass of Physiological Data as it reflects a physiological parameter relevant to neurointensive care.,0.95,,,
329,hierarchy,Carbon Dioxide,subClassOf,Physiological Data,[inferred] Chain-of-Layer: Carbon Dioxide is organized under Physiological Data,revise,4.9,Carbon Dioxide,subClassOf,Physiological Data,"Carbon Dioxide is a subclass of Physiological Data, so the relation should be subClassOf instead of subClassOf.",0.9,"The relation should be subClassOf as Carbon Dioxide is a subclass of Physiological Data, per the domain context.",1.0,
330,hierarchy,PbrO2,subClassOf,Physiological Data,[inferred] Chain-of-Layer: Pbro2 is organized under Physiological Data,revise,4.9,PbrO2,subClassOf,Physiological Data,PbrO2 is a subclass of Physiological Data; the relation should be subClassOf instead of subClassOf.,0.9,The relation should be subClassOf as PbrO2 is a specific type of Physiological Data.,1.0,
331,hierarchy,Partial Pressure of Brain Tissue Oxygen,subClassOf,Physiological Data,[inferred] Chain-of-Layer: Partial Pressure of Brain Tissue Oxygen is organized under Physiological Data,accept_direct,,,,,Partial Pressure of Brain Tissue Oxygen is a subclass of Physiological Data as per the established hierarchy in the domain context.,0.95,,,
332,hierarchy,Partial Pressure of Carbon Dioxide,subClassOf,Physiological Data,[inferred] Chain-of-Layer: Partial Pressure of Carbon Dioxide is organized under Physiological Data,accept_direct,,,,,Partial Pressure of Carbon Dioxide is a valid subclass of Physiological Data as it reflects a physiological parameter.,0.9,,,
333,hierarchy,Hypothermia Therapy,subClassOf,Baseline Therapy,[inferred] Chain-of-Layer: Hypothermia Therapy is organized under Therapy,revise,4.9,Hypothermia Therapy,subClassOf,Baseline Therapy,"Hypothermia Therapy is a subclass of Therapy, but the definition of Baseline Therapy is incorrect; it should not define a state of carbon dioxide levels. Change relation to subClassOf.",0.8,The relation should be subClassOf as Hypothermia Therapy is a type of Baseline Therapy according to the domain context.,1.0,
334,hierarchy,Patient Interventions,subClassOf,Therapy,[inferred] Chain-of-Layer: Patient Interventions is organized under Therapy,accept_direct,,,,,"Patient Interventions is a subclass of Therapy, which aligns with the hierarchy defined in the BrainIT ontology.",1.0,,,
335,hierarchy,Guideline Adherence,subClassOf,Clinical Practice,[inferred] Chain-of-Layer: Guideline Adherence is organized under Clinical Practice,accept_direct,,,,,The triple Guideline Adherence subClassOf Clinical Practice is semantically correct as it directly reflects the hierarchical relationship defined in the ontology.,1.0,,,
336,hierarchy,Clinical Reminders,subClassOf,Clinical Practice,[inferred] Chain-of-Layer: Clinical Reminders is organized under Clinical Practice,accept_direct,,,,,Clinical Reminders is a subclass of Clinical Practice as per the hierarchy established in the ontology.,1.0,,,
337,hierarchy,Outcome Score,subClassOf,Outcome,[inferred] Chain-of-Layer: Outcome Score is organized under Outcome,accept_direct,,,,,"Outcome Score is a subclass of Outcome, which is directly supported by the domain context.",1.0,,,
338,hierarchy,Mortality,subClassOf,Outcome,[inferred] Mortality is a subclass of Outcome (deterministic hierarchy checklist).,accept_direct,,,,,"Mortality is a subclass of Outcome, directly aligning with the defined hierarchy in the BrainIT ontology.",1.0,,,
339,hierarchy,Pressure Reactivity Index (PRx),subClassOf,Derived Parameter,derived index reflecting cerebrovascular pressure reactivity,accept_direct,,,,,Pressure Reactivity Index (PRx) is a subclass of Derived Parameter as it is a specific monitoring parameter computed from other measured parameters.,0.95,,,
340,hierarchy,Physiotherapy,subClassOf,Nursing Intervention,[inferred] Physiotherapy is a subclass of Nursing Intervention.,accept_direct,,,,,Physiotherapy is a subclass of Nursing Intervention as stated in the evidence and aligns with the ontology structure.,0.95,,,
341,hierarchy,ICP Sensor Placement,subClassOf,Surgical Procedure,placement of ICP monitoring sensor,revise,4.7,ICP Sensor Placement,isAssociatedWith,Surgical Procedure,"The relation 'subClassOf' is incorrect; 'ICP Sensor Placement' should be a specific type of 'Surgical Procedure', not a subclass of it.",0.9,"ICP Sensor Placement should be directly associated with Surgical Procedure, not a subclass of it.",0.9,
342,hierarchy,White Blood Cell Count,subClassOf,Haematology,[inferred] White Blood Cell Count is a subclass of Haematology.,revise,4.9,White Blood Cell Count,subClassOf,Laboratory Values,"White Blood Cell Count is a valid subclass of Laboratory Values, not Haematology; the relation should be subClassOf instead of subClassOf.",0.85,"White Blood Cell Count is a valid subclass of Laboratory Values, so the relation should be subClassOf instead of subClassOf.",1.0,
343,hierarchy,Analgesia,subClassOf,Baseline Therapy,[inferred] Analgesia is a subclass of Baseline Therapy.,accept_direct,,,,,Analgesia is a subclass of Baseline Therapy as stated in the domain context.,1.0,,,
344,hierarchy,Noradrenaline,subClassOf,Vasopressors,[inferred] Noradrenaline is a subclass of Vasopressors.,accept_direct,,,,,"Noradrenaline is a subclass of Vasopressors, which is a direct hierarchical relationship in the context of neurointensive care.",0.95,,,
345,hierarchy,Anti-pyretics,subClassOf,Baseline Therapy,[inferred] Anti-pyretics is a subclass of Baseline Therapy.,accept_direct,,,,,"Anti-pyretics is a subclass of Baseline Therapy, which is consistent with the established hierarchy in the BrainIT ontology.",0.95,,,
346,hierarchy,Paralysis,subClassOf,Baseline Therapy,[inferred] Paralysis is a subclass of Baseline Therapy.,reject,,,,,Paralysis is not a subclass of Baseline Therapy; it is a specific intervention rather than a standard therapy type.,0.9,,,
347,hierarchy,Anti-hypertensives,subClassOf,Baseline Therapy,[inferred] Anti-hypertensives is a subclass of Baseline Therapy.,revise,4.9,Anti-hypertensives,subClassOf,Baseline Therapy,"The relation 'subClassOf' is incorrect; 'Anti-hypertensives' should be classified as a subclass of 'Baseline Therapy' directly, not as a subclass relationship.",0.9,The relation 'subClassOf' is appropriate as 'Anti-hypertensives' is classified as a subclass of 'Baseline Therapy' according to the domain context.,1.0,
348,hierarchy,Osmotics,subClassOf,Secondary Insult Therapy,[inferred] Osmotics is a subclass of Secondary Insult Therapy.,accept_direct,,,,,"Osmotics is a subclass of Secondary Insult Therapy, which is a valid hierarchy relationship in the neurointensive care domain.",1.0,,,
349,hierarchy,Skull Fracture Elevation,subClassOf,Surgical Procedure,[inferred] Skull Fracture Elevation is a subclass of Surgical Procedure.,accept_direct,,,,,"Skull Fracture Elevation is a subclass of Surgical Procedure, which is consistent with the hierarchy in the preamble.",1.0,,,
350,hierarchy,Cerebral Perfusion Pressure (CPP),subClassOf,Derived Parameter,Cerebral Perfusion Pressure (CPP) management,revise,4.1,Cerebral Perfusion Pressure,subClassOf,Physiological Data,"Cerebral Perfusion Pressure (CPP) should be classified as a subclass of Physiological Data, not Derived Parameter, as it is a key monitored physiological parameter.",0.9,Cerebral Perfusion Pressure should be a subclass of Physiological Data as it is a key monitored physiological parameter.,1.0,
351,hierarchy,Patient Transport,subClassOf,Nursing Intervention,[inferred] Patient Transport is a subclass of Nursing Intervention.,revise,4.9,Patient Transport,subClassOf,Nursing Intervention,"Patient Transport is a valid subclass of Nursing Intervention, but the relation should be subClassOf instead of the current hierarchy label.",0.9,The relation should be subClassOf as Patient Transport is a valid subclass of Nursing Intervention per the domain context.,1.0,
352,hierarchy,Systemic Hypotension,subClassOf,Secondary Insult,[inferred] Systemic Hypotension is a subclass of Secondary Insult.,revise,4.8,Secondary Insult,subClassOf,Systemic Hypotension,"Systemic Hypotension should be a subclass of Secondary Insult, not the other way around; the relationship needs to be corrected to subClassOf.",0.9,"The relationship should be reversed as Systemic Hypotension is a type of Secondary Insult, indicating a subclass relationship.",0.9,
353,hierarchy,Ventilation,subClassOf,Baseline Therapy,[inferred] Ventilation is a subclass of Baseline Therapy.,revise,4.9,Ventilation,subClassOf,Baseline Therapy,"The relationship should be subClassOf as Ventilation is a specific type of Baseline Therapy, aligning with the subclass hierarchy in the domain context.",0.9,"Ventilation is a specific type of Baseline Therapy, aligning with the subclass hierarchy in the domain context.",1.0,
354,hierarchy,Routine Nursing Care,subClassOf,Nursing Intervention,routine nursing care,accept_direct,,,,,"Routine Nursing Care is a subclass of Nursing Intervention, which is directly supported by the domain context.",0.95,,,
355,hierarchy,Antibiotics,subClassOf,Baseline Therapy,[inferred] Antibiotics is a subclass of Baseline Therapy.,revise,4.9,Baseline Therapy,subClassOf,Antibiotics,"The triple should be 'Antibiotics subClassOf Baseline Therapy' as antibiotics are a type of baseline therapy, not a subclass of it.",0.9,"Antibiotics are a type of Baseline Therapy, so the relation should be subClassOf as per the domain context.",0.9,
356,hierarchy,Hypotension,subClassOf,Secondary Insult,Hypotension is a recognized secondary insult after traumatic brain injury (TBI).,accept_direct,,,,,"Hypotension is a recognized secondary insult after traumatic brain injury (TBI), making the subclass relationship valid.",0.95,,,
357,hierarchy,Steroids,subClassOf,Secondary Insult Therapy,Domain-scope scaffolding: Steroids is a known subclass of Secondary Insult Therapy in the BrainIT domain.,accept_direct,,,,,"Steroids is a known subclass of Secondary Insult Therapy in the BrainIT domain, confirming the hierarchy relationship directly.",0.95,,,
358,hierarchy,Arterial Hypotension,subClassOf,Systemic Hypotension,Schema-inferred: Arterial Hypotension is a subclass of Systemic Hypotension.,revise,4.9,Systemic Hypotension,subClassOf,Arterial Hypotension,"The relationship should be subClassOf as Arterial Hypotension is a subclass of Systemic Hypotension, not the other way around.",0.9,"The relationship should be subClassOf as Arterial Hypotension is a subclass of Systemic Hypotension, not the other way around.",1.0,
359,hierarchy,PbrO2,subClassOf,Optional Monitoring Parameter,Schema-inferred: Brain Tissue Oxygen is a subclass of Optional Monitoring Parameter.,accept_direct,,,,,PbrO2 is a subclass of Optional Monitoring Parameter as it represents a specific monitoring parameter related to brain oxygenation.,0.95,,,
360,hierarchy,Electrocardiogram (ECG),subClassOf,Monitoring Data,"Minute by minute monitoring data This is the minimum minute by minute monitoring data required for inclusion in the Brain Monitoring with Information Technology (BrainIT) Database and include: Heart Rate (specifying source: Electrocardiogram (ECG) or Pulse Oximetry), Respiration Rate (sources: impedance plethmography or ventilator), Mean Arterial Pressure, mean Intracranial Pressure (ICP), Pulse Oximetry (SaO2) and Temperature (sources: rectal=oesophageal= bladder=skin.) I.",accept_direct,,,,,Electrocardiogram (ECG) is a subclass of Monitoring Data as it is a method used to collect physiological monitoring data.,0.9,,,
361,hierarchy,Respiration Rate,subClassOf,Core Monitoring Parameter,"Minute by minute monitoring data This is the minimum minute by minute monitoring data required for inclusion in the Brain Monitoring with Information Technology (BrainIT) Database and include: Heart Rate (specifying source: Electrocardiogram (ECG) or Pulse Oximetry), Respiration Rate (sources: impedance plethmography or ventilator), Mean Arterial Pressure, mean Intracranial Pressure (ICP), Pulse Oximetry (SaO2) and Temperature (sources: rectal=oesophageal= bladder=skin.) I.",accept_direct,,,,,Respiration Rate is a subclass of Core Monitoring Parameter as it is a physiological parameter used for monitoring respiratory function.,0.95,,,
362,hierarchy,Mean Arterial Pressure (MAP),subClassOf,Monitoring Data,"Minute by minute monitoring data This is the minimum minute by minute monitoring data required for inclusion in the Brain Monitoring with Information Technology (BrainIT) Database and include: Heart Rate (specifying source: Electrocardiogram (ECG) or Pulse Oximetry), Respiration Rate (sources: impedance plethmography or ventilator), Mean Arterial Pressure, mean Intracranial Pressure (ICP), Pulse Oximetry (SaO2) and Temperature (sources: rectal=oesophageal= bladder=skin.) I.",accept_direct,,,,,Mean Arterial Pressure (MAP) is a subclass of Monitoring Data as it is a specific monitored physiological parameter.,0.95,,,
363,hierarchy,SaO2,subClassOf,Monitoring Data,"Minute by minute monitoring data This is the minimum minute by minute monitoring data required for inclusion in the Brain Monitoring with Information Technology (BrainIT) Database and include: Heart Rate (specifying source: Electrocardiogram (ECG) or Pulse Oximetry), Respiration Rate (sources: impedance plethmography or ventilator), Mean Arterial Pressure, mean Intracranial Pressure (ICP), Pulse Oximetry (SaO2) and Temperature (sources: rectal=oesophageal= bladder=skin.) I.",accept_direct,,,,,SaO2 is a subclass of Monitoring Data as it is a specific parameter used to assess physiological status in patients.,0.95,,,
364,hierarchy,Temperature,subClassOf,Core Monitoring Parameter,"Minute by minute monitoring data This is the minimum minute by minute monitoring data required for inclusion in the Brain Monitoring with Information Technology (BrainIT) Database and include: Heart Rate (specifying source: Electrocardiogram (ECG) or Pulse Oximetry), Respiration Rate (sources: impedance plethmography or ventilator), Mean Arterial Pressure, mean Intracranial Pressure (ICP), Pulse Oximetry (SaO2) and Temperature (sources: rectal=oesophageal= bladder=skin.) I.",accept_direct,,,,,Temperature is a valid subclass of Core Monitoring Parameter as it is a physiological parameter used for monitoring.,0.95,,,
365,hierarchy,Reading,subClassOf,Observation,define pd:Reading as a subclass of ssn:ObservationValue,accept_direct,,,,,Reading is a subclass of Observation as defined in the domain context; the relationship holds directly.,1.0,,,
366,hierarchy,Parameter,subClassOf,Observation,pd:Parameter (representing things that were recorded) as a subclass of ssn:Property,revise,4.9,Observation,subClassOf,Parameter,The relation 'subClassOf' is incorrect; 'Parameter' should be a subclass of 'Observation' as per the hierarchy in the domain context.,0.9,The relation 'subClassOf' should be reversed as 'Parameter' is a subclass of 'Observation' per the domain context.,0.9,
367,hierarchy,Machine,subClassOf,Sensor,defined mms:Machine as a subclass of ssn:Platform,accept_direct,,,,,"Machine is a subclass of Sensor as defined in the preamble, which states that Machine is a subclass of Platform, aligning with Sensor.",0.9,,,
368,hierarchy,SaO2,subClassOf,Core Monitoring Parameter,[inferred] Chain-of-Layer: Sao2 is organized under Core Monitoring Parameter,accept_direct,,,,,SaO2 is a subclass of Core Monitoring Parameter as it is a standard parameter used for monitoring oxygen saturation in the blood.,0.95,,,
369,hierarchy,Cerebral Perfusion Pressure (CPP),subClassOf,Core Monitoring Parameter,[inferred] Chain-of-Layer: Cerebral Perfusion Pressure (CPP) is organized under Core Monitoring Parameter,accept_direct,,,,,Cerebral Perfusion Pressure (CPP) is a subclass of Core Monitoring Parameter as it is a specific parameter used to monitor brain perfusion.,0.95,,,
370,hierarchy,CVP,subClassOf,Core Monitoring Parameter,[inferred] Chain-of-Layer: CVP is organized under Core Monitoring Parameter,accept_direct,,,,,CVP is a physiological parameter that directly subclasses Core Monitoring Parameter as per the established ontology hierarchy.,0.95,,,
371,hierarchy,Head Injury,subClassOf,Brain Injury,[inferred] Chain-of-Layer: Head Injury is organized under Brain Injury,accept_direct,,,,,"Head Injury is a subclass of Brain Injury as defined in the ontology, confirming the hierarchical relationship directly.",1.0,,,
372,hierarchy,Neurological Injury,subClassOf,Brain Injury,[inferred] Chain-of-Layer: Neurological Injury is organized under Brain Injury,accept_direct,,,,,"Neurological Injury is a subclass of Brain Injury, which is a direct hierarchical relationship in the neurointensive care context.",0.95,,,
373,hierarchy,Coma,subClassOf,Brain Injury,[inferred] Chain-of-Layer: Coma is organized under Brain Injury,accept_direct,,,,,Coma is a subclass of Brain Injury as per the defined hierarchy in the domain context.,1.0,,,
374,hierarchy,Hypertension,subClassOf,Secondary Insult,[inferred] Chain-of-Layer: Hypertension is organized under Secondary Insult,revise,4.1,Hypertension,subClassOf,Condition,"Hypertension should be a subclass of Condition, not Secondary Insult; the correct relation is subClassOf.",0.9,"Hypertension should be a subclass of Condition, not Secondary Insult, as per the domain context hierarchy.",1.0,
375,hierarchy,Respiratory Distress Syndrome,subClassOf,Secondary Insult,[inferred] Chain-of-Layer: Respiratory Distress Syndrome is organized under Secondary Insult,reject,,,,,Respiratory Distress Syndrome is not a subclass of Secondary Insult; it is a distinct condition and does not fit the subclass relationship defined in the ontology.,0.9,,,
376,hierarchy,Sepsis,subClassOf,Secondary Insult,[inferred] Chain-of-Layer: Sepsis is organized under Secondary Insult,revise,4.1,Sepsis,subClassOf,Insult,"Sepsis is a valid subclass of Condition, but it should be subClassOf Insult instead of Secondary Insult; revise the target class to Insult.",0.9,"Sepsis is a valid subclass of Condition and should be subClassOf Insult, which is more general than Secondary Insult.",1.0,
377,hierarchy,Adrenaline,subClassOf,Therapy,[inferred] Chain-of-Layer: Adrenaline is organized under Therapy,accept_direct,,,,,"Adrenaline is a valid subclass of Therapy as it is used in medical treatments, aligning with the definition of Therapy in the BrainIT ontology.",0.95,,,
378,hierarchy,Noradrenaline,subClassOf,Therapy,[inferred] Chain-of-Layer: Noradrenaline is organized under Therapy,revise,4.2,Noradrenaline,subClassOf,Baseline Therapy,"Noradrenaline is a specific treatment and should be a subclass of Baseline Therapy, not Therapy; revise to subClassOf Baseline Therapy.",0.9,"Noradrenaline is a specific treatment that should be a subclass of Baseline Therapy, not Therapy.",1.0,
379,hierarchy,Derived Parameter,subClassOf,Monitoring Data,[inferred] Derived Parameter is a subclass of Monitoring Data.,accept_direct,,,,,"Derived Parameter is a subclass of Monitoring Data, which is consistent with the domain context.",1.0,,,
380,hierarchy,Probable Error,subClassOf,Data Quality Assessment,a reading outside its acceptable range with no contextual clinical explanation,revise,4.7,Probable Error,isAssociatedWith,Data Quality Assessment,"Probable Error should be a subclass of Data Quality Assessment, not a direct subclass relationship; the definition implies it is a specific type of data quality issue.",0.85,Probable Error should not be a subclass of Data Quality Assessment; it should have a direct relationship instead.,0.9,
381,hierarchy,Bedside Intervention,subClassOf,Nursing Intervention,"Line insertion/renewal, transducer calibration, x-ray",revise,4.9,Bedside Intervention,subClassOf,Nursing Intervention,Bedside Intervention is a valid subclass of Nursing Intervention; the relation should be subClassOf instead of the current hierarchy triple.,0.9,The relation should be subClassOf as Bedside Intervention is a valid subclass of Nursing Intervention per the domain context.,1.0,
382,hierarchy,Cerebral Perfusion Pressure (CPP),subClassOf,Parameter,Cerebral perfusion pressure (CPP 1/4 Blood Pressure (BP)-ICP) monitoring is a good example.,revise,4.1,Cerebral Perfusion Pressure,subClassOf,Monitoring Data,"Cerebral Perfusion Pressure (CPP) should be a subclass of Monitoring Data, not a Parameter, as it is a specific monitored value.",0.9,"Cerebral Perfusion Pressure should be a subclass of Monitoring Data, as it is a specific monitored value.",1.0,
383,hierarchy,Brain Temperature,subClassOf,Optional Monitoring Parameter,Domain-scope scaffolding: Brain Temperature is a known subclass of Optional Monitoring Parameter in the BrainIT domain.,accept_direct,,,,,"Brain Temperature is a known subclass of Optional Monitoring Parameter in the BrainIT domain, confirming the hierarchy relationship.",1.0,,,
384,hierarchy,Microdialysis,subClassOf,Optional Monitoring Parameter,Domain-scope scaffolding: Microdialysis is a known subclass of Optional Monitoring Parameter in the BrainIT domain.,accept_direct,,,,,"Microdialysis is a known subclass of Optional Monitoring Parameter, confirming the direct subclass relationship.",0.95,,,
385,hierarchy,Evacuation of Mass Lesion,subClassOf,Surgical Procedure,Domain-scope scaffolding: Evacuation of Mass Lesion is a known subclass of Surgical Procedure in the BrainIT domain.,accept_direct,,,,,"Evacuation of Mass Lesion is a known subclass of Surgical Procedure in the BrainIT domain, as stated in the evidence.",1.0,,,
386,hierarchy,Adrenaline,subClassOf,Vasopressors,Schema-inferred: Adrenaline is a subclass of Vasopressors.,revise,4.9,Adrenaline,subClassOf,Vasopressors,"Adrenaline is a valid subclass of Therapy, while Vasopressors is a subclass of Therapy; the relation should be subClassOf instead of subClassOf.",0.9,"Adrenaline is a valid subclass of Therapy, and Vasopressors is also a subclass of Therapy, so the relation should be subClassOf.",1.0,
