triple_index,kind,subject,relation,object,evidence,verdict,revise_subtype,suggested_subject,suggested_relation,suggested_object,justification,confidence,stage_b_justification,stage_b_confidence,flags
0,relation,Decompressive Craniectomy,has outcome,Outcome,The outcome was captured at six months using the extended Glasgow Outcome Scale (GOSE).,accept_direct,,,,,Decompressive Craniectomy hasOutcome Outcome is valid as the procedure directly results in a patient outcome measure.,0.9,,,
1,relation,Traumatic Brain Injury,targets condition,Intracranial Pressure (ICP),one of the cornerstones of brain-protective strategies is to reduce and control intracranial pressure (ICP),accept_direct,,,,,"Traumatic Brain Injury targets condition Intracranial Pressure is valid as ICP is a critical parameter in TBI management, directly linking the two classes.",0.9,,,
2,relation,Intracranial Hypertension,is associated with,Mortality,Uncontrollable intracranial hypertension is a major cause of death in patients with severe traumatic brain injury.,accept_direct,,,,,"Intracranial Hypertension is associated with Mortality as it is a major cause of death in severe traumatic brain injury patients, directly linking the two classes.",0.9,,,
3,relation,Intracranial Hypertension,targets condition,Decompressive Craniectomy,patients with intracranial hypertension treated conservatively were excluded.,accept_direct,,,,,"Intracranial Hypertension targets condition Decompressive Craniectomy as it is a surgical procedure used to relieve intracranial pressure, directly related to the condition.",0.9,,,
4,relation,GCS Assessment,assesses,Motor Impairment,The Glasgow Motors Score was used for assessing motor impairment.,accept_direct,,,,,GCS Assessment assesses Motor Impairment directly as it evaluates neurological status post-brain injury.,0.9,,,
5,relation,Secondary Insult,is associated with,Hypotension,"Hypoxia and arterial hypotension were found in 10.0% and 6.1%, respectively.",accept_direct,,,,,Secondary Insult is associated with Hypotension as both are valid subclasses of Condition and the relationship is clinically plausible.,0.9,,,
6,relation,Traumatic Brain Injury,has outcome,Outcome,A more extensive description is provided in the Supplementary Appendix.,accept_direct,,,,,Traumatic Brain Injury hasOutcome Outcome is a direct relationship as TBI is a condition that affects patient outcomes.,0.9,,,
7,relation,Traumatic Brain Injury,is treated with,Decompressive Craniectomy,Decompressive craniectomy (DC) as a last-tier intervention,accept_direct,,,,,Traumatic Brain Injury is treated with Decompressive Craniectomy is a direct and clinically valid relationship between the classes.,0.95,,,
8,relation,Decompressive Craniectomy,is monitored by,Intracranial Pressure (ICP),Mean intracranial pressure (ICP) pre-Decompressive craniectomy (DC),accept_indirect,,,,,Decompressive Craniectomy indirectly relates to ICP via the monitoring of intracranial pressure during the procedure; the relationship is true through the monitoring process.,0.85,,,
9,relation,Intracranial Pressure (ICP),is influenced by,Cerebral Perfusion Pressure (CPP),Mean intracranial pressure (ICP)/Cerebral Perfusion Pressure (CPP),accept_direct,,,,,"Intracranial Pressure (ICP) is influenced by Cerebral Perfusion Pressure (CPP) as both are critical parameters in neurological assessments, establishing a direct relationship.",0.9,,,
10,relation,Decompressive Craniectomy,is administered during,Barbiturates,Decompressive craniectomy (DC) + thiopental can be referring to barbiturate administration,accept_indirect,,,,,"Decompressive Craniectomy is associated with Barbiturates through the chain: Decompressive Craniectomy is a Surgical Procedure → Barbiturates are used for sedation, which can occur during the procedure.",0.7,,,low_evidence
11,relation,Decompressive Craniectomy,targets condition,Traumatic Intracranial Hypertension,Decompressive craniectomy (DC) in a patient-tailored combination with other second and third-tier therapies should maintain its place in the management of severe traumatic intracranial hypertension.,reject,,,,,judge output unparseable; defaulted to reject,0.0,,,parse_error
12,relation,Decompressive Craniectomy,hasClinicalAssessment,GOSe Outcome,outcome was only evaluated in terms of robust extended Glasgow Outcome Scores,revise,4.4,Decompressive Craniectomy,assesses,GOSe Outcome,The relation 'hasClinicalAssessment' should be replaced with 'assesses' since GOSe Outcome is an assessment of the outcome related to Decompressive Craniectomy.,0.9,hasClinicalAssessment should be changed to assesses as GOSe Outcome is an assessment of the outcome related to Decompressive Craniectomy.,1.0,
13,relation,Decompressive Craniectomy,reduces,Mean Intracranial Pressure,it effectively reduces Mean intracranial pressure (ICP),accept_direct,,,,,"Decompressive Craniectomy reduces Mean Intracranial Pressure, as the evidence states it effectively reduces ICP, a core monitoring parameter.",0.95,,,
14,relation,Intracranial Pressure (ICP),has monitoring data,Traumatic Brain Injury,The BESTIntracranial pressure (ICP) monitoring is still considered to provide important information to detect and prevent secondary injury after severe Traumatic brain injury (TBI).,accept_direct,,,,,"Intracranial Pressure (ICP) is a core monitoring parameter that has monitoring data related to Traumatic Brain Injury (TBI), as both are explicitly linked in the domain context.",0.95,,,
15,relation,Intracranial Hypertension,isInfluencedBy,Secondary Insult Therapy,"Intracranial pressures above 20 mmHg lasting longer than 37 min in adults, and longer than 8 min in children, are associated with worse outcomes.",accept_direct,,,,,"Intracranial Hypertension is influenced by Secondary Insult Therapy, as therapies are designed to manage conditions like intracranial hypertension in neurointensive care.",0.9,,,
16,relation,Cerebral Perfusion Pressure (CPP),has clinical assessment,Intracranial Hypertension,"When the cerebral perfusion pressure is below 50 mmHg, all intracranial pressure insults, regardless of duration, are associated with worse outcome.",revise,4.4,Cerebral Perfusion Pressure,isMonitoredBy,Intracranial Hypertension,The relation 'has clinical assessment' should be 'isMonitoredBy' as CPP is monitored by clinical assessments related to intracranial hypertension.,0.85,The relation 'has clinical assessment' should be 'isMonitoredBy' as CPP is monitored by clinical assessments related to intracranial hypertension.,1.0,
17,relation,Intracranial Pressure (ICP),has monitoring data,Monitoring Data,The BESTIntracranial pressure (ICP) and mean arterial blood pressure (MAP) monitoring data,accept_direct,,,,,"Intracranial Pressure (ICP) is a Core Monitoring Parameter, and Monitoring Data is the class for all monitored values, making the relationship direct.",0.95,,,
18,relation,Traumatic Brain Injury,has monitoring data,Monitoring Data,"The present study autoregulation is intact, the transition curve shifts to the right.",accept_direct,,,,,The relationship 'Traumatic Brain Injury has monitoring data Monitoring Data' is valid as monitoring data is collected for TBI patients in the neurointensive care context.,0.9,,,
19,relation,Traumatic Brain Injury,is associated with,Secondary Brain Injury,"Cerebrovascular pressure autoregulation is often impaired in severe Traumatic brain injury (TBI), and such impairment is such as the relationship between physiological thresholds and outcome.",accept_direct,,,,,"Traumatic Brain Injury is associated with Secondary Brain Injury as a direct consequence of the primary injury, which aligns with clinical understanding.",0.95,,,
20,relation,Cerebral Perfusion Pressure (CPP),assesses,Traumatic Brain Injury,"One would expect such change in recommendation to be followed, and hence to lead to alterations in Cerebral Perfusion Pressure (CPP) policy across centres.",accept_direct,,,,,Cerebral Perfusion Pressure (CPP) assesses Traumatic Brain Injury as it directly evaluates the risk of secondary injury in TBI patients.,0.95,,,
21,relation,Cerebral Perfusion Pressure (CPP),has monitoring data,Monitoring Data,Cerebral perfusion pressure (CPP 1/4 Blood Pressure (BP)-ICP) monitoring is a good example.,accept_direct,,,,,"Cerebral Perfusion Pressure (CPP) is a Core Monitoring Parameter, which is a subclass of Monitoring Data as per the preamble.",0.95,,,
22,relation,Vasopressors,receives therapy,Cerebral Perfusion Pressure (CPP),the non-beneficial effect of keeping Cerebral Perfusion Pressure (CPP) above 70 mmHg by administering high doses of vasopressors.,revise,4.4,Vasopressors,isAdministeredDuring,Cerebral Perfusion Pressure,Vasopressors should not 'receive therapy'; they are a type of therapy. The relation should be 'isAdministeredDuring' or similar.,0.9,"Vasopressors are a type of therapy, so the relation should be isAdministeredDuring instead of receives therapy.",1.0,
23,relation,Cerebral Perfusion Pressure (CPP),correlates with,Mean Arterial Pressure (MAP),Cerebral Perfusion Pressure (CPP) strongly correlated with Mean Arterial Pressure (MAP).,accept_direct,,,,,Cerebral Perfusion Pressure (CPP) correlates with Mean Arterial Pressure (MAP) as both are core monitoring parameters related to blood flow and pressure in neurointensive care.,0.95,,,
24,relation,Cerebral Perfusion Pressure (CPP),receives therapy,Intracranial Pressure (ICP),it is influenced by Intracranial Pressure (ICP) variability,revise,4.4,Cerebral Perfusion Pressure,isAssociatedWith,Intracranial Pressure,Cerebral Perfusion Pressure (CPP) is not a therapy; it should be associated with a therapy instead of receiving one. The relation 'receivesTherapy' is incorrect.,0.9,"Cerebral Perfusion Pressure should be associated with Intracranial Pressure, not receiving therapy, as per the context of their relationship.",0.9,
25,relation,Cerebral Perfusion Pressure (CPP),receives therapy,Mean Arterial Pressure (MAP),Mean Arterial Pressure (MAP) variability including,revise,4.4,Cerebral Perfusion Pressure,isMonitoredBy,Mean Arterial Pressure,"Cerebral Perfusion Pressure (CPP) should not receive therapy; it is a parameter that is monitored, not a therapy itself. The relation should be changed to 'isMonitoredBy'.",0.7,"Cerebral Perfusion Pressure should be monitored, not receive therapy, thus the relation should be isMonitoredBy.",1.0,low_evidence
26,relation,Cerebral Perfusion Pressure (CPP),associates with,Acute Respiratory Distress Syndrome,acute respiratory distress syndrome (ARDS) reportedly associated with vasopressors,accept_indirect,,,,,"Cerebral Perfusion Pressure (CPP) is associated with Acute Respiratory Distress Syndrome (ARDS) via the pathway of secondary complications in TBI patients, linking CPP to secondary insults.",0.7,,,low_evidence
27,relation,Cerebral Perfusion Pressure (CPP),follows,Guideline,the Brain Trauma Foundation (BTF) guidelines issued this year,accept_indirect,,,,,Cerebral Perfusion Pressure (CPP) is informed by guidelines through clinical practice; the relationship is indirect via the concept of clinical recommendations.,0.7,,,low_evidence
28,relation,Guideline Adherence,affectsOutcome,Traumatic Brain Injury,Guideline adherence and outcomes in severe adult traumatic brain injury,accept_indirect,,,,,Guideline Adherence affects Outcome indirectly via clinical practice impacting treatment protocols for Traumatic Brain Injury outcomes.,0.7,,,low_evidence
29,relation,Traumatic Brain Injury,is a risk factor for,Secondary Insult,Traumatically brain injured (TBI) patients are at risk from secondary insults.,accept_direct,,,,,"Traumatic Brain Injury is a risk factor for Secondary Insult, as TBI patients are at risk from secondary insults according to the evidence provided.",0.9,,,
30,relation,Hypotension,is related to,Poor Outcome,"Arterial hypotension, critically low blood pressure, is one of the most dangerous secondary insults and is related to poor outcome in patients.",accept_direct,,,,,"Hypotension is related to Poor Outcome, as stated in the evidence; this relationship is clinically valid in neurointensive care.",0.9,,,
31,relation,Hypotension,affects outcome,Traumatic Brain Injury,there is compelling evidence that even 'minute by minute' hypotension events cumulatively can influence patient outcome.,accept_direct,,,,,Hypotension affects outcome directly as it is a recognized condition that can influence patient outcomes in TBI cases.,0.9,,,
32,relation,Hypotension,prognostic factor for,Head Injury,the cumulative duration of arterial hypotensive events is a prognostic factor for their clinical outcome following a head injury.,reject,,,,,judge output unparseable; defaulted to reject,0.0,,,parse_error
33,relation,Traumatic Brain Injury,has monitoring data,Hypotension,both systolic and mean arterial pressure should be monitored and considered in the definition of hypotension,accept_indirect,,,,,'Traumatic Brain Injury hasMonitoringData Hypotension' is true via 'Hypotension isAConditionOf Monitoring Data' and 'Monitoring Data measuresParameter Traumatic Brain Injury'.,0.7,,,low_evidence
34,relation,Hypotension,is a condition of,Sepsis,"for with the medical management of sepsis, it has been shown that duration of hypotension before initiation",accept_indirect,,,,,"Hypotension is a condition that can lead to poor outcomes in sepsis, establishing an indirect relationship through the concept of critical illness.",0.85,,,
35,relation,Sepsis,receives therapy,Hypotension,it has been shown that with each hour delay in treatment of hypotension leads to an increase in in-hospital mortality.,revise,4.3,Sepsis,receivesTherapy,Fluid Resuscitation,The relation 'receivesTherapy' requires the object to be a Therapy; 'Hypotension' should be replaced with a valid therapy such as 'Fluid Resuscitation'.,0.9,"Hypotension is not a therapy; Fluid Resuscitation is a valid therapy for Sepsis, correcting the endpoint type.",1.0,
36,relation,Intracranial Pressure (ICP),affects outcome,Hypotension,Impact of Intracranial Pressure (ICP) instability and hypotension on outcome in patients with severe head trauma.,accept_direct,,,,,"Intracranial Pressure (ICP) affects outcome in patients, and Hypotension is a condition that can lead to poor outcomes, making the relationship valid.",0.95,,,
37,relation,Secondary Insult,worsens,Head Trauma,Measuring the burden of secondary insults in head-injured patients during intensive care.,accept_indirect,,,,,Secondary Insult worsens Head Trauma indirectly via the relationship of both being associated with the broader category of Brain Injury.,0.7,,,low_evidence
38,relation,Decompressive Craniectomy,is associated with,Mean Intracranial Pressure,Decompressive craniectomy (DC) resulted in an absolute reduction in median mean Mean intracranial pressure (ICP) from 19.5 group to 13.9 mmHg.,accept_direct,,,,,Decompressive Craniectomy is associated with Mean Intracranial Pressure as it directly relates to managing brain injuries in neurointensive care.,0.9,,,
39,relation,Decompressive Craniectomy,is associated with,Cerebrovascular Autoregulation,"A control varying effect on Cerebral Perfusion Pressure (CPP) was seen, as well as a trend of reduction in median Pressure Reactivity Index (PRx).",accept_indirect,,,,,Decompressive Craniectomy is associated with Cerebrovascular Autoregulation via the chain: Surgical Procedure → isAssociatedWith → Condition (Secondary Insult).,0.7,,,low_evidence
40,relation,Decompressive Craniectomy,has monitoring data,Monitoring Data,"patient, injury and management variables including physiological monitoring data and administration of thiopental were analysed",accept_direct,,,,,Decompressive Craniectomy has monitoring data as it is a surgical procedure that involves monitoring physiological parameters during treatment.,0.9,,,
41,relation,Decompressive Craniectomy,is associated with,Intracranial Pressure (ICP),uncontrollable intracranial hypertension is a major cause of death in patients with severe traumatic brain injury.,accept_direct,,,,,Decompressive Craniectomy is associated with Intracranial Pressure (ICP) as it directly influences cerebral perfusion in neurointensive care.,0.9,,,
42,relation,Decompressive Craniectomy,is treated with,Barbiturates,"Decompressive craniectomy (DC) was chosen as a next step, with or without first having applied third-tier medical therapy with barbiturates.",revise,4.4,Decompressive Craniectomy,isAdministeredDuring,Barbiturates,The relation 'is treated with' should be changed to 'isAdministeredDuring' as Decompressive Craniectomy is a surgical procedure that can be administered alongside Barbiturates.,0.85,The relation 'is treated with' should be 'isAdministeredDuring' as it correctly reflects the administration of Barbiturates during the procedure.,1.0,
43,relation,Decompressive Craniectomy,affects outcome,Mortality,the results of RESCUEicp showed that Decompressive craniectomy (DC) resulted in lower mortality rates.,reject,,,,,judge output unparseable; defaulted to reject,0.0,,,parse_error
44,relation,Monitoring,has outcome,Outcome,the outcome was captured at six months using the extended Glasgow Outcome Scale (GOSE).,accept_direct,,,,,"Monitoring hasOutcome Outcome is a direct relationship as both classes are defined in the domain context, with Outcome being a measure of patient outcomes.",0.9,,,
45,relation,Patient,has demographic data,Demographic Data,the collection of demographic data from traumatic brain injury (TBI) patients.,accept_direct,,,,,Patient hasDemographicData Demographic Data is a direct relationship as demographic data is collected for patients in neurointensive care.,0.9,,,
46,relation,Patient,has surgical procedure,Surgical Procedure,the physiological vital functions are extensively monitored.,accept_direct,,,,,The triple 'Patient has surgical procedure Surgical Procedure' is semantically correct as it directly links a patient to a surgical procedure performed during ICU stay.,0.9,,,
47,relation,Patient,has monitoring data,Monitoring Data,"The Brain Monitoring with Information Technology (BrainIT) network provides a more standardised and higher resolution data collection mechanism for research groups, organisations and the device industry to conduct multi-centre trials of new health care technology in patients with traumatic brain injury.",accept_direct,,,,,Patient hasMonitoringData Monitoring Data is a direct relationship as Monitoring Data is collected from patients to assess physiological parameters during treatment.,0.95,,,
48,relation,Patient,receives therapy,Therapy,the physiological vital functions are extensively monitored.,reject,,,,,"The relation 'receives therapy' is incorrect as 'Therapy' is a class, not a specific therapy instance; it should specify a subclass of Therapy instead.",0.9,,,
49,relation,Patient,has clinical assessment,Clinical Assessment,the physiological vital functions are extensively monitored.,accept_direct,,,,,The relationship 'Patient hasClinicalAssessment Clinical Assessment' holds directly as Clinical Assessment is a valid class that evaluates the Patient's condition.,0.9,,,
50,relation,Patient,has outcome,Outcome,the physiological vital functions are extensively monitored.,accept_direct,,,,,The relationship 'Patient hasOutcome Outcome' is valid as outcomes are directly associated with patients in the neurointensive care context.,0.95,,,
51,relation,Patient,has laboratory value,Laboratory Values,the physiological vital functions are extensively monitored.,accept_direct,,,,,The triple 'Patient has laboratory value Laboratory Values' is correct as patients receive laboratory values during ICU management.,0.95,,,
52,relation,Patient,has nursing intervention,Nursing Intervention,"Routine nursing care, physiotherapy, or bedside clinical activities",accept_direct,,,,,Patient hasNursingIntervention Nursing Intervention is valid as nursing interventions are part of patient care in neurointensive care.,0.9,,,
53,relation,Patient,hasMonitoringData,Session,a live clinical environment to test the data collection systems.,accept_direct,,,,,Patient hasMonitoringData Session is a direct relationship as sessions are part of monitoring data for patients in neurointensive care.,0.95,,,
54,relation,Session,has timepoint,Timepoint,minute-by-minute physiological data from bedside monitors.,accept_direct,,,,,"Session has timepoint is a direct relationship between the classes Session and Timepoint, as timepoints are discrete moments in the monitoring session.",0.95,,,
55,relation,Timepoint,has monitoring data,Observation,minute-by-minute physiological data from bedside monitors.,accept_direct,,,,,Timepoint hasMonitoringData Observation is valid as Timepoint relates directly to the recorded Observation at that moment in monitoring.,0.9,,,
56,relation,Observation,measures parameter,Parameter,the physiological vital functions are extensively monitored.,accept_direct,,,,,Observation measuresParameter Parameter is a valid direct relationship as Observation encompasses physiological readings and Parameter refers to the variables measured.,0.95,,,
57,relation,Observation,produced by sensor,Sensor,the physiological vital functions are extensively monitored.,accept_direct,,,,,"Observation is produced by Sensor, as Sensors are used to record physiological parameters, aligning with the domain context.",0.9,,,
58,relation,Observation,has quality assessment,Data Quality Assessment,the physiological vital functions are extensively monitored.,accept_direct,,,,,Observation has quality assessment Data Quality Assessment is a valid relationship as Data Quality Assessment evaluates the quality of monitored Observations.,0.9,,,
59,relation,Data Quality Assessment,associated with condition,Condition,the physiological vital functions are extensively monitored.,accept_indirect,,,,,Data Quality Assessment is associated with Condition indirectly through the chain: Data Quality Assessment → assesses → Observation → measuresParameter → Patient → hasCondition → Condition.,0.7,,,low_evidence
60,relation,Data Quality Assessment,isAssociatedWith,Therapy,the physiological vital functions are extensively monitored.,accept_indirect,,,,,Data Quality Assessment is associated with Therapy via monitoring data assessments and their impact on treatment efficacy.,0.7,,,low_evidence
61,relation,Arterial Hypotension,isAssociatedWith,Barbiturates,administration of hyperosmolar molecules were used at the discretion of the managing teams.,accept_indirect,,,,,"Arterial Hypotension is a condition that can be treated with Barbiturates, which are used in the management of seizures and sedation, creating an indirect association.",0.8,,,
62,relation,Brain Injury,is associated with,Traumatic Brain Injury,Decompressive craniectomy as a second/third-tier intervention in traumatic brain injury,accept_direct,,,,,"Brain Injury is associated with Traumatic Brain Injury as TBI is a subclass of Brain Injury, making the relationship valid directly.",0.9,,,
63,relation,CVP,has monitoring data,Monitoring Data,physiological monitoring data,accept_direct,,,,,"CVP has monitoring data Monitoring Data is valid as CVP is a physiological parameter that is monitored, aligning with the hierarchical relationship in the preamble.",0.9,,,
64,relation,Clinical Outcome,has outcome,Outcome,demonstrated a decrease in mortality with similar rates of favorable outcome,accept_direct,,,,,Clinical Outcome hasOutcome Outcome is a valid relationship as both classes are correctly defined in the context of patient health measures.,0.9,,,
65,relation,Cranial Injuries,is a type of,Injuries,the occurrence of arterial hypotension (systolic pressure less than 90 mmHg) and hypoxia (SaO2 below 90%) at baseline,accept_direct,,,,,"Cranial Injuries is a subclass of Injuries, as cranial injuries are a specific type of physical damage resulting from trauma.",0.95,,,
66,relation,NIBP,is a type of,Monitoring Data,Mean arterial blood pressure (MAP) and Mean intracranial pressure (ICP),accept_direct,,,,,NIBP is a subclass of Monitoring Data as it is an optional parameter for monitoring physiological parameters listed in the preamble.,0.95,,,
67,relation,Pressure Reactivity Index (PRx),is a type of,Core Monitoring Parameter,Pressure Reactivity Index (PRx) is the moving correlation between mean arterial blood pressure (MAP) and Mean intracranial pressure (ICP).,accept_direct,,,,,"Pressure Reactivity Index (PRx) is a subclass of Core Monitoring Parameter as it assesses brain function in relation to intracranial pressure, aligning with the preamble's definitions.",0.95,,,
68,relation,Hypotension,is treated with,Noradrenaline,the time and dose of a bolus of Noradrenaline,accept_direct,,,,,Hypotension is treated with Noradrenaline is a valid clinical relationship as Noradrenaline is used to increase blood pressure in cases of hypotension.,0.9,,,
69,relation,Traumatic Brain Injury,receivesTherapy,Osmotics,#2 - Hyperosmolar therapy,revise,4.4,Traumatic Brain Injury,isAdministeredDuring,Osmotics,"Osmotics is a subclass of Secondary Insult Therapy, not a direct therapy; revise relation to 'isAdministeredDuring' or similar.",0.9,The relation 'receivesTherapy' is incorrect as Osmotics is a subclass of Secondary Insult Therapy; it should be 'isAdministeredDuring'.,1.0,
70,relation,Cerebrovascular Autoregulation,receives therapy,Cerebral Perfusion Pressure (CPP),the presence (or not) of cerebral autoregulation,revise,4.4,Cerebrovascular Autoregulation,affectsOutcome,Cerebral Perfusion Pressure,Cerebrovascular Autoregulation is not a therapy; it should be associated with a therapy like CPP via a valid relation such as 'affectsOutcome'.,0.7,Cerebrovascular Autoregulation is not a therapy; it should affect the outcome related to Cerebral Perfusion Pressure.,1.0,low_evidence
71,relation,Intracranial Pressure (ICP),receivesTherapy,Barbiturates,There is a statistically significant (p < 0.001) non-linear effect of Intracranial Pressure (ICP) on Regression model of partial pressure of brain tissue oxygen (PbtO2).,revise,4.4,Intracranial Pressure (ICP),isMonitoredBy,Barbiturates,The relation 'receivesTherapy' is incorrectly used; 'Intracranial Pressure' should not receive therapy directly; it should be replaced with a valid therapy class like 'Barbiturates'.,0.9,"Intracranial Pressure is monitored during therapy with Barbiturates, correcting the incorrect relation 'receivesTherapy'.",0.9,
72,relation,Traumatic Brain Injury,has clinical assessment,GOSe Outcome,Monitoring of Intracranial Pressure (ICP) has also been shown to have better functional outcomes.,reject,,,,,judge output unparseable; defaulted to reject,0.0,,,parse_error
73,relation,Partial Pressure of Brain Tissue Oxygen,is measured at,Measurement Time,Partial pressure of brain tissue oxygen over intracranial pressure stratified by days in Intensive Care Unit (ICU),accept_direct,,,,,Partial Pressure of Brain Tissue Oxygen is measured at Measurement Time directly as both are valid classes in the BrainIT ontology.,0.9,,,
74,relation,Intracranial Pressure (ICP),isMonitoredBy,PbrO2,an overall increase in Regression model of partial pressure of brain tissue oxygen (PbtO2) of 5.2% for a 10 mmHg increase in Intracranial Pressure (ICP),accept_direct,,,,,The relationship 'Intracranial Pressure isMonitoredBy PbrO2' is valid as both are parameters related to monitoring in neurointensive care.,0.9,,,
75,relation,Partial Pressure of Carbon Dioxide,affectsOutcome,PbrO2,a decrease of 0.16% from a unit increase in Mean Arterial Pressure (MAP) and a Regression model of partial pressure of brain tissue oxygen (PbtO2) decrease of 0.16% from a unit increase in PaCO2,accept_indirect,,,,,"Partial Pressure of Carbon Dioxide indirectly affects PbrO2 through its role in assessing respiratory function and cerebral oxygenation, linking via physiological parameters.",0.7,,,low_evidence
76,relation,Intracranial Pressure (ICP),has outcome,Outcome,median extended Glasgow outcome scale of 7.00,accept_indirect,,,,,The relationship 'Intracranial Pressure hasOutcome Outcome' holds indirectly via 'ICP influences cerebral perfusion' leading to 'Outcome'.,0.8,,,
77,relation,Intracranial Hypertension,receives therapy,Cerebral Perfusion Pressure (CPP),the impact of autoregulation on Regression model of partial pressure of brain tissue oxygen (PbtO2) cannot be directly assessed.,revise,4.3,Intracranial Hypertension,isAssociatedWith,Cerebral Perfusion Pressure,"Intracranial Hypertension should not 'receive therapy'; it should be replaced with a valid therapy class such as 'Cerebral Perfusion Pressure' which is a parameter, not a therapy.",0.7,Intracranial Hypertension should not 'receive therapy'; it should be associated with the parameter Cerebral Perfusion Pressure.,0.9,low_evidence
78,relation,Hypotension,is associated with,Traumatic Brain Injury,guarding against hypotensive conditions in Traumatic Brain Injury (TBI) patients.,accept_direct,,,,,"Hypotension is associated with Traumatic Brain Injury as both are conditions listed in the preamble, confirming the relationship directly.",0.9,,,
79,relation,Intracranial Hypertension,isTreatedWith,Traumatic Brain Injury,episodes of increased intracranial pressure (ICP) and worse clinical outcomes,revise,4.4,Intracranial Hypertension,affectsOutcome,Traumatic Brain Injury,The relation 'isTreatedWith' should be 'affectsOutcome' as Intracranial Hypertension is a condition that can worsen outcomes in Traumatic Brain Injury.,0.85,The relation 'isTreatedWith' should be 'affectsOutcome' as Intracranial Hypertension worsens outcomes in Traumatic Brain Injury.,1.0,
80,relation,Cerebral Perfusion Pressure (CPP),assesses,Intracranial Hypertension,the ability to tolerate elevated intracranial pressures is reduced.,accept_direct,,,,,"Cerebral Perfusion Pressure (CPP) assesses Intracranial Hypertension as it relates to evaluating the risk of secondary injury in TBI patients, which is clinically valid.",0.9,,,
81,relation,Cerebral Perfusion Pressure (CPP),is associated with,Intracranial Pressure (ICP),Role of Cerebral Perfusion Pressure (CPP),accept_direct,,,,,"Cerebral Perfusion Pressure (CPP) is associated with Intracranial Pressure (ICP) as both are critical parameters in neurological assessments, reflecting their direct relationship in the neurointensive care context.",0.95,,,
82,relation,Intracranial Pressure (ICP),associated with condition,Mortality,"when Cerebral Perfusion Pressure (CPP) was below 50 mmHg, almost all The BESTIntracranial pressure (ICP) insults were associated with worse outcome",accept_indirect,,,,,"Intracranial Pressure (ICP) is associated with cerebral perfusion, which influences Mortality through outcomes related to TBI.",0.85,,,
83,relation,Mean Arterial Pressure (MAP),triggers intervention,Hypotension,our analysis shows that most events are triggered by a drop in mean arterial pressure.,revise,4.4,Mean Arterial Pressure,isARiskFactorFor,Hypotension,The relation 'triggers intervention' should be replaced with 'isARiskFactorFor' as MAP is a risk factor for hypotension.,0.85,The relation 'triggers intervention' should be 'isARiskFactorFor' as MAP is a risk factor for hypotension.,1.0,
84,relation,Brain Injury,isMonitoredBy,Arterial Hypotension,The brain monitoring with information technology (BrainIT) database contains 199 patients,reject,,,,,"The relation 'isMonitoredBy' implies that 'Arterial Hypotension' is a monitoring method, which it is not; it is a condition, hence the triple is semantically incorrect.",0.9,,,
85,relation,Hypotension,relates to clinical outcome,Brain Injury,arterial hypotension consistently relate to clinical outcome,accept_indirect,,,,,Hypotension relates to clinical outcome via the chain: Hypotension affects Outcome → Brain Injury is a type of Outcome.,0.7,,,low_evidence
86,relation,Dsg,has monitoring data,Hypotensive,to scan the BrainIT database for hypotensive events;,accept_direct,,,,,"Dsg hasMonitoringData Hypotensive is valid as Hypotensive is a condition monitored in the BrainIT database, directly linking the application to the condition.",0.9,,,
87,relation,Cerebral Perfusion Pressure (CPP),calculates,Mean Arterial Pressure (MAP),"which uses cerebral perfusion pressure (CPP), which of course uses Java-Based Software BPm in its calculation.",accept_direct,,,,,CPP calculates MAP is a valid relationship as CPP is derived from MAP in the context of cerebral perfusion assessment.,0.9,,,
88,relation,Intracranial Pressure (ICP),affectsOutcome,Outcome,Impact of Intracranial Pressure (ICP) instability and hypotension on outcome in patients with severe head trauma.,accept_direct,,,,,"Intracranial Pressure (ICP) affects Outcome, as the relationship is clinically valid in assessing patient outcomes in neurointensive care.",0.9,,,
89,relation,Cerebral Perfusion Pressure (CPP),is measured by,Mean Arterial Pressure (MAP),its role in calculating Cerebral Perfusion Pressure (CPP),accept_indirect,,,,,"Cerebral Perfusion Pressure (CPP) is calculated from Mean Arterial Pressure (MAP) through the relationship of monitoring parameters, hence the indirect connection.",0.85,,,
90,relation,Treatment Data,informs,Clinical Practice,Accurate and comprehensive treatment data,accept_direct,,,,,Treatment Data informs Clinical Practice as treatment data directly influences the application of medical knowledge and skills in patient care.,0.95,,,
91,relation,Clinical Reminders,enhances,Guideline Adherence,clinical reminders (automated interventions),accept_direct,,,,,Clinical Reminders enhances Guideline Adherence as it directly supports adherence to clinical guidelines through automated notifications.,0.9,,,
92,relation,Guideline Adherence,has outcome,Outcome,Several studies have been conducted that show dropping mortality rates and improved long-term outcomes since the adoption and spread of use of these guidelines.,accept_direct,,,,,Guideline Adherence hasOutcome Outcome is a valid relationship as both classes are defined in the context of patient outcomes and clinical practice.,0.9,,,
93,relation,Guideline Adherence,assesses,Clinical Practice,"This work attempts to leverage those advantages by providing a 'near real-time' ability to monitor clinical guideline adherence, as well as providing measurable quantitative feedback.",revise,4.4,Guideline Adherence,isMonitoredBy,Clinical Practice,The relation 'assesses' should be replaced with 'isMonitoredBy' as 'Guideline Adherence' is monitored within 'Clinical Practice'.,0.7,The relation 'assesses' should be 'isMonitoredBy' as 'Guideline Adherence' is monitored within 'Clinical Practice'.,1.0,low_evidence
94,relation,Heart Rate,has monitoring data,Monitoring Data,Heart Rate (specifying source: Electrocardiogram (ECG) or Pulse Oximetry),accept_direct,,,,,Heart Rate is a Core Monitoring Parameter and Monitoring Data is the top-level class for all monitored values; the relationship holds directly as per the preamble.,0.9,,,
95,relation,Respiration Rate,has monitoring data,Impedance Plethmography,Respiration Rate (sources: impedance plethmography or ventilator),accept_direct,,,,,"Respiration Rate is a Core Monitoring Parameter and Impedance Plethmography is a valid method for monitoring it, thus the relationship holds directly.",0.95,,,
96,relation,Respiration Rate,has monitoring data,Ventilator,Respiration Rate (sources: impedance plethmography or ventilator),accept_direct,,,,,Respiration Rate is a Core Monitoring Parameter and Ventilator is a Monitoring Data class; the relationship 'has monitoring data' holds directly between them.,0.95,,,
97,relation,Mean Arterial Pressure (MAP),has monitoring data,Monitoring Data,Mean Arterial Pressure,accept_direct,,,,,Mean Arterial Pressure (MAP) is a Core Monitoring Parameter and thus directly hasMonitoringData Monitoring Data as per the hierarchical structure in the preamble.,0.9,,,
98,relation,SaO2,has monitoring data,Monitoring Data,Pulse Oximetry (SaO2),accept_direct,,,,,SaO2 is a Core Monitoring Parameter and thus directly hasMonitoringData Monitoring Data as per the hierarchical relationship in the preamble.,0.95,,,
99,relation,Temperature,has monitoring data,Monitoring Data,Temperature (sources: rectal=oesophageal= bladder=skin),accept_direct,,,,,"Temperature hasMonitoringData MonitoringData is valid as Temperature is a physiological parameter that is monitored, fitting the hierarchical relationship.",0.95,,,
100,relation,EtCO2,has monitoring data,Monitoring Data,End-Tidal CO2 (EtCO2),accept_direct,,,,,EtCO2 is a Core Monitoring Parameter and thus directly hasMonitoringData Monitoring Data as per the hierarchical relationship in the preamble.,0.95,,,
101,relation,Jugular Venous Oxygen Saturation,has monitoring data,Monitoring Data,Jugular Venous Oxygen Saturation (SjO2),accept_direct,,,,,"Jugular Venous Oxygen Saturation is a valid subclass of Monitoring Data, as it is a physiological parameter used for monitoring.",0.95,,,
102,relation,Transcranial Doppler,has monitoring data,Monitoring Data,Transcranial Doppler (TCD),accept_direct,,,,,Transcranial Doppler hasMonitoringData Monitoring Data is valid as TCD is a method that collects monitoring data on physiological parameters.,0.9,,,
103,relation,PbrO2,has monitoring data,Monitoring Data,Brain Tissue Oxygen (PbrO2),reject,,,,,judge output unparseable; defaulted to reject,0.0,,,parse_error
104,relation,GCS Assessment,has monitoring data,Monitoring Data,Glasgow Coma Scale (GCS) scores,accept_direct,,,,,GCS Assessment has monitoring data Monitoring Data is a direct relationship as GCS is a clinical assessment that utilizes monitoring data for evaluation.,0.9,,,
105,relation,Hypotension,targets condition,Vasopressors,arterial pressors may be given to treat systemic hypotension,accept_direct,,,,,Hypotension targets condition Vasopressors is valid as vasopressors are used to treat hypotension in critical care settings.,0.9,,,
106,relation,Intracranial Pressure (ICP),isARiskFactorFor,Vasopressors,to treat reduced cerebral perfusion pressure (CPP) secondary to raised Intracranial Pressure (ICP),accept_indirect,,,,,"Intracranial Pressure (ICP) is related to cerebral perfusion pressure, which influences the need for Vasopressors indirectly through the concept of cerebral perfusion.",0.8,,,
107,relation,Cerebral Perfusion Pressure (CPP),receives therapy,Respiratory Distress Syndrome,"aggressive management of Cerebral Perfusion Pressure (CPP) > 70 mmHg, although reducing the incidence of jugular venous desaturations < 50%, increased the incidence of acute respiratory distress syndrome and worsened neurological outcome.",revise,4.4,Cerebral Perfusion Pressure,isMonitoredBy,Respiratory Distress Syndrome,"Cerebral Perfusion Pressure (CPP) should not 'receive therapy'; it is a parameter that is monitored, and the relation should reflect that it is assessed or monitored instead.",0.85,"Cerebral Perfusion Pressure should be monitored rather than receiving therapy, so the relation should be isMonitoredBy.",1.0,
108,relation,Brain Injury,has monitoring data,Monitoring Data,"collection of admission, monitoring, treatment and outcome data from patients with brain injury.",accept_direct,,,,,Brain Injury has monitoring data Monitoring Data is valid as monitoring data is collected from patients with brain injury to assess physiological parameters.,0.9,,,
109,relation,Brain Injury,has outcome,Outcome Data,"collection of admission, monitoring, treatment and outcome data from patients with brain injury.",accept_indirect,,,,,Brain Injury hasOutcome Outcome Data via the chain: Brain Injury → isAConditionOf → Outcome.,0.7,,,low_evidence
110,relation,Brain Injury,receivesTherapy,Management,"aid health authorities to monitor, maintain and raise intra and trans-national standards in the management of patients with brain injury.",revise,4.3,Brain Injury,receivesTherapy,Baseline Therapy,The object 'Management' is not a valid therapy; it should be replaced with a specific therapy class like 'Baseline Therapy' or 'Secondary Insult Therapy'.,0.9,Management is not a valid therapy; it should be replaced with a specific therapy class like Baseline Therapy.,0.9,
111,relation,Patient,has monitoring data,Observation,pd:Patient as a ssn:FeatureOfInterest,accept_direct,,,,,Patient hasMonitoringData Observation is valid as monitoring data is a direct attribute of a patient in neurointensive care.,0.95,,,
112,relation,Timepoint,is associated with,Reading,Each Timepoint is associated with a set of Readings,accept_direct,,,,,"Timepoint is associated with Reading as each Timepoint corresponds to a set of Readings, confirming the direct relationship.",0.95,,,
113,relation,Sensor,produced by sensor,Reading,the machines/sensors that produced them,accept_direct,,,,,The relation 'produced by sensor' directly connects 'Sensor' and 'Reading' as sensors produce readings in the monitoring context.,0.9,,,
114,relation,Sepsis,is associated with,Outcome Data,Improving the standards and resolution for multicentre data collection will also impact upon the assessment of new medical technology of relevance to the medical device industry.,accept_indirect,,,,,"Sepsis is associated with Outcome Data indirectly via the relationship that Sepsis affects outcomes in patients, leading to associated outcome data.",0.7,,,low_evidence
115,relation,Arterial Pressors,targets condition,Arterial Hypotension,targets condition(Hypotension → Vasopressors),accept_direct,,,,,Arterial Pressors targets Arterial Hypotension is valid as Arterial Pressors are used to treat conditions like Arterial Hypotension in neurointensive care.,0.9,,,
116,relation,Clinical Research Form,has clinical assessment,Clinical Assessment,has clinical assessment(Patient → Clinical Assessment),accept_direct,,,,,Clinical Research Form hasClinicalAssessment Clinical Assessment is a valid relationship as the form records data on clinical assessments during ICU stay.,0.9,,,
117,relation,End-tidal Carbon Dioxide,has monitoring data,Monitoring Data,has monitoring data(EtCO2 → Monitoring Data),accept_direct,,,,,End-tidal Carbon Dioxide has monitoring data Monitoring Data is valid as EtCO2 is a core monitoring parameter and falls under the monitoring data class.,0.95,,,
118,relation,Error,is associated with,Monitoring Data,monitoring indicates condition(Monitoring Data → Condition),accept_indirect,,,,,Error is associated with Monitoring Data via the chain: Error → affectsOutcome → Monitoring Data.,0.7,,,low_evidence
119,relation,Injuries,affectsOutcome,Outcome Data,has outcome(Brain Injury → Outcome Data),accept_indirect,,,,,"Injuries affectsOutcome indirectly via Brain Injury, which is a subclass of Condition that hasOutcome Outcome Data.",0.85,,,
120,relation,NIBP,has monitoring data,Monitoring Data,has monitoring data(Mean Arterial Pressure → Monitoring Data),accept_direct,,,,,"NIBP is an Optional Monitoring Parameter, which is a subclass of Monitoring Data, making the relationship hierarchical.",0.95,,,
121,relation,Provenance,has monitoring data,Monitoring Data,has monitoring data(Patient → Monitoring Data),accept_direct,,,,,Provenance hasMonitoringData MonitoringData is a direct relationship as Monitoring Data is collected from patients to assess their physiological parameters.,0.95,,,
122,relation,Adverse Event,is associated with,Clinical Outcome,[inferred] cluster completion,accept_direct,,,,,"Adverse Event is associated with Clinical Outcome, as both are valid classes in the context of medical care and intervention outcomes.",0.9,,,
123,relation,Clinical Outcome,is influenced by,Patient Interventions,[inferred] cluster completion,accept_direct,,,,,"ClinicalOutcome is influenced by PatientInterventions, which directly connects the two classes in the context of neurointensive care.",0.95,,,
124,relation,Clinical Outcome,hasOutcome,Outcome Data,[inferred] cluster completion,accept_direct,,,,,Clinical Outcome hasOutcome Outcome Data is a valid relationship as Outcome Data relates directly to the results of medical care or intervention.,0.9,,,
125,relation,Clinical Practice,is influenced by,Clinical Reminders,[inferred] cluster completion,accept_direct,,,,,Clinical Practice is influenced by Clinical Reminders as reminders assist clinicians in adhering to clinical practices.,0.9,,,
126,relation,Clinical Reminders,triggers intervention,Patient Interventions,[inferred] cluster completion,accept_indirect,,,,,Clinical Reminders triggers intervention indirectly through the concept of guideline adherence leading to Patient Interventions.,0.7,,,low_evidence
127,relation,Data Quality Assessment,assesses,Monitoring Data,[inferred] cluster completion,accept_direct,,,,,Data Quality Assessment assesses Monitoring Data directly as both classes are defined within the neurointensive care context.,0.9,,,
128,relation,Injuries,is a risk factor for,Adverse Event,[inferred] cluster completion,accept_indirect,,,,,Injuries is a risk factor for Adverse Event via the chain: Injuries → affects Outcome → Adverse Event.,0.7,,,low_evidence
129,relation,Monitoring Data,is monitored by,Core Monitoring Parameter,[inferred] cluster completion,accept_direct,,,,,"Monitoring Data is a top-level class for all monitored values, and Core Monitoring Parameter is a subclass of Monitoring Data, making the relationship valid.",0.95,,,
130,relation,Monitoring Data,produced by sensor,Sensor,[inferred] cluster completion,accept_direct,,,,,"The triple 'Monitoring Data producedBy Sensor' is valid as Monitoring Data is collected from Sensors to assess physiological parameters, establishing a direct relationship.",0.9,,,
131,relation,Outcome,is related to,Clinical Outcome,[inferred] cluster completion,accept_indirect,,,,,"Outcome is related to Clinical Outcome via the chain: Outcome hasOutcome Clinical Outcome; thus, the relationship is true indirectly.",0.85,,,
132,relation,Outcome Data,is associated with,Clinical Outcome,[inferred] cluster completion,accept_direct,,,,,Outcome Data is associated with Clinical Outcome as both relate to the results of medical interventions in neurointensive care.,0.9,,,
133,relation,Physiological Data,is monitored by,Core Monitoring Parameter,[inferred] cluster completion,accept_direct,,,,,"Physiological Data is monitored by Core Monitoring Parameter is a direct relationship as Core Monitoring Parameters are subclasses of Monitoring Data, which includes Physiological Data.",0.9,,,
134,relation,Possible Error,is a type of,Error,[inferred] cluster completion,revise,4.9,Possible Error,subClassOf,Data Quality Assessment,"Possible Error should be a subclass of Data Quality Assessment, not a type of Error; relation should be subClassOf.",0.9,"Possible Error should be a subclass of Data Quality Assessment as per the domain context, hence the relation should be subClassOf.",1.0,
135,relation,Probable Error,is a type of,Error,[inferred] cluster completion,accept_direct,,,,,"Probable Error is a type of Error, which is a valid hierarchical relationship in the context of medical data issues.",0.9,,,
136,relation,Provenance,is associated with,Monitoring Data,[inferred] cluster completion,accept_direct,,,,,"Provenance is associated with Monitoring Data as both are valid classes in the BrainIT ontology, and the relationship is semantically correct.",0.9,,,
137,relation,Therapy,is administered during,Patient Interventions,[inferred] cluster completion,accept_indirect,,,,,Therapy is administered during Patient Interventions via a traceable chain of intermediate concepts related to patient care and treatment.,0.85,,,
138,relation,Treatment Data,is associated with,Therapy,[inferred] cluster completion,accept_direct,,,,,Treatment Data is associated with Therapy as it pertains to the information regarding treatments administered to patients in neurointensive care.,0.95,,,
139,relation,Acute Respiratory Distress Syndrome,is associated with,Vasopressors,[inferred] cluster completion,accept_indirect,,,,,Acute Respiratory Distress Syndrome is associated with Vasopressors through the pathway: ARDS affects oxygenation → Vasopressors are used to manage blood pressure in critical care settings.,0.7,,,low_evidence
140,relation,Adrenaline,is administered during,Hypotension,[inferred] cluster completion,accept_direct,,,,,"Adrenaline is administered during Hypotension, which is a valid treatment relationship in neurointensive care.",0.9,,,
141,relation,Adrenaline,is administered during,Hypertension,[inferred] cluster completion,accept_direct,,,,,"Adrenaline is administered during Hypertension, as it is a common treatment for managing high blood pressure.",0.9,,,
142,relation,Hypertension,is influenced by,Noradrenaline,[inferred] cluster completion,accept_direct,,,,,"Hypertension is influenced by Noradrenaline, as Noradrenaline is known to increase blood pressure, making this relationship clinically valid.",0.9,,,
143,relation,Hypertension,is influenced by,Adrenaline,[inferred] cluster completion,accept_direct,,,,,"Hypertension is influenced by Adrenaline, as adrenaline affects blood pressure regulation directly in the context of neurointensive care.",0.9,,,
144,relation,Hypotension,is influenced by,Noradrenaline,[inferred] cluster completion,accept_direct,,,,,Hypotension is influenced by Noradrenaline as it is a known treatment to increase blood pressure in patients with this condition.,0.9,,,
145,relation,Hypotension,is influenced by,Adrenaline,[inferred] cluster completion,accept_direct,,,,,"Hypotension is influenced by Adrenaline, as adrenaline is known to affect blood pressure regulation in clinical settings.",0.9,,,
146,relation,Mean Arterial Pressure (MAP),is monitored by,Sensor,[inferred] cluster completion,accept_direct,,,,,"Mean Arterial Pressure (MAP) is monitored by Sensor, which aligns with the definition of MAP as a physiological parameter and Sensor as a monitoring device.",0.95,,,
147,relation,Noradrenaline,is administered during,Hypotension,[inferred] cluster completion,accept_direct,,,,,"Noradrenaline is administered during Hypotension, as it is a therapy used to treat this condition in neurointensive care.",0.95,,,
148,relation,Noradrenaline,is administered during,Hypertension,[inferred] cluster completion,accept_direct,,,,,"Noradrenaline is administered during Hypertension, which is a valid treatment relationship in neurointensive care.",0.95,,,
149,relation,Sepsis,is associated with,Hypotension,[inferred] cluster completion,accept_direct,,,,,"Sepsis is associated with Hypotension as both are valid subclasses of Condition, and the relationship is clinically accurate.",0.9,,,
150,relation,Septic Shock,is associated with,Hypotension,[inferred] cluster completion,accept_direct,,,,,"Septic Shock is associated with Hypotension as both are valid subclasses of Condition, and the relation 'is associated with' holds directly between them.",0.9,,,
151,relation,Systemic Hypotension,is treated with,Vasopressors,[inferred] cluster completion,accept_direct,,,,,"Systemic Hypotension is treated with Vasopressors, which is a valid therapy for this condition in the neurointensive care context.",0.95,,,
152,relation,Vasopressors,is administered during,Systemic Hypotension,[inferred] cluster completion,accept_direct,,,,,Vasopressors is administered during Systemic Hypotension as it is a valid therapy for treating reduced systemic blood pressure in critical care settings.,0.95,,,
153,relation,Brain Injury,is a condition of,Patient,[inferred] cluster completion,accept_direct,,,,,"Brain Injury is a subclass of Condition, and the relation 'is a condition of' holds directly between them.",0.95,,,
154,relation,Brain Injury,is associated with,Cranial Injuries,[inferred] cluster completion,accept_direct,,,,,"Brain Injury is associated with Cranial Injuries as both are related to trauma and neurological deficits, making the relationship valid.",0.95,,,
155,relation,Brain Injury,is influenced by,Guideline Adherence,[inferred] cluster completion,accept_indirect,,,,,The relationship 'Brain Injury is influenced by Guideline Adherence' holds indirectly through 'Guideline Adherence affects clinical practice which impacts Brain Injury management.',0.7,,,low_evidence
156,relation,Cranial Injuries,is associated with,Brain Injury,[inferred] cluster completion,accept_direct,,,,,"Cranial Injuries is associated with Brain Injury, as both are valid classes in the neurointensive care context and the relationship holds directly.",0.9,,,
157,relation,Cranial Injuries,is a condition of,Patient,[inferred] cluster completion,accept_direct,,,,,"Cranial Injuries is a subclass of Brain Injury, which is a subclass of Condition; thus, the relationship holds directly.",0.9,,,
158,relation,Demographic Data,has demographic data,Patient,[inferred] cluster completion,revise,4.6,Demographic Data,hasDemographicData,Patient,The relation 'has demographic data' should be 'hasDemographicData' to align with the canonical BrainIT relation naming conventions.,0.9,The relation label 'has demographic data' needs to be changed to 'hasDemographicData' to align with BrainIT naming conventions.,1.0,
159,relation,Extracranial Injury,is associated with,Brain Injury,[inferred] cluster completion,accept_direct,,,,,"Extracranial Injury is associated with Brain Injury as injuries outside the cranial cavity can complicate brain injuries, making the relationship clinically valid.",0.9,,,
160,relation,Guideline,informs,Guideline Adherence,[inferred] cluster completion,accept_direct,,,,,The relation 'informs' directly connects 'Guideline' and 'Guideline Adherence' as guidelines inform adherence to clinical practices.,0.9,,,
161,relation,Guideline Adherence,is associated with,Guideline,[inferred] cluster completion,accept_direct,,,,,Guideline Adherence is associated with Guideline as both are valid classes in the context of clinical practice and recommendations.,0.9,,,
162,relation,Guideline Adherence,affects outcome,Traumatic Brain Injury,[inferred] cluster completion,accept_indirect,,,,,"Guideline Adherence affects Outcome indirectly through its influence on clinical practice, which impacts patient outcomes in TBI.",0.7,,,low_evidence
163,relation,Head Injury,is a condition of,Patient,[inferred] cluster completion,accept_direct,,,,,"Head Injury is a subclass of Brain Injury, and Patient is a valid class receiving neurointensive care, making the relationship valid directly.",0.9,,,
164,relation,Head Injury,is associated with,Brain Injury,[inferred] cluster completion,accept_direct,,,,,"Head Injury is associated with Brain Injury as both are valid subclasses of Brain Injury, confirming the relationship directly.",0.9,,,
165,relation,Head Trauma,is a condition of,Patient,[inferred] cluster completion,accept_direct,,,,,"Head Trauma is a subclass of Brain Injury, which is a condition of Patient as per the preamble.",0.95,,,
166,relation,Head Trauma,is associated with,Traumatic Brain Injury,[inferred] cluster completion,accept_direct,,,,,Head Trauma is associated with Traumatic Brain Injury as both are valid subclasses of Brain Injury and relate clinically in neurointensive care.,0.9,,,
167,relation,Mortality,is a risk factor for,Traumatic Brain Injury,[inferred] cluster completion,accept_direct,,,,,"Mortality is a risk factor for Traumatic Brain Injury, as TBI is a leading cause of death, making the relationship clinically valid.",0.95,,,
168,relation,Neurological Injury,is a condition of,Patient,[inferred] cluster completion,accept_direct,,,,,"Neurological Injury is a subclass of Brain Injury, which is a condition of Patient as per the preamble.",0.95,,,
169,relation,Patient,is associated with,Brain Injury,[inferred] cluster completion,accept_direct,,,,,"The relationship 'Patient is associated with Brain Injury' is valid as Brain Injury is a subclass of Condition, which encompasses TBI patients.",0.9,,,
170,relation,Traumatic Brain Injury,is a condition of,Patient,[inferred] cluster completion,accept_direct,,,,,"Traumatic Brain Injury is a subclass of Condition, and Patient is a valid class receiving care for TBI, making the relationship valid.",0.95,,,
171,relation,Traumatic Brain Injury,is associated with,Head Trauma,[inferred] cluster completion,accept_direct,,,,,Traumatic Brain Injury is associated with Head Trauma as both are valid subclasses of Brain Injury and the relationship holds directly.,0.9,,,
172,relation,Traumatic Brain Injury,is influenced by,Guideline Adherence,[inferred] cluster completion,accept_indirect,,,,,Traumatic Brain Injury is influenced by Guideline Adherence via the pathway: Guideline Adherence affects clinical practice → clinical practice influences treatment of Traumatic Brain Injury.,0.85,,,
173,relation,Traumatic Intracranial Hypertension,is a condition of,Patient,[inferred] cluster completion,accept_direct,,,,,"Traumatic Intracranial Hypertension is a subclass of Condition, and Patient is a valid class receiving care for such conditions; the relation holds directly.",0.95,,,
174,relation,Traumatic Intracranial Hypertension,is associated with,Traumatic Brain Injury,[inferred] cluster completion,accept_direct,,,,,Traumatic Intracranial Hypertension is associated with Traumatic Brain Injury as both are valid subclasses of Brain Injury in the neurointensive care context.,0.9,,,
175,relation,Anterior Fossa Repair,has surgical procedure,Surgical Procedure,[inferred] cluster completion,accept_direct,,,,,The triple 'Anterior Fossa Repair has surgical procedure Surgical Procedure' is valid as Anterior Fossa Repair is a type of Surgical Procedure in the neurointensive care context.,0.9,,,
176,relation,CT Scan Assessment,assesses,Coma,[inferred] cluster completion,accept_direct,,,,,CT Scan Assessment assesses Coma as a valid clinical assessment of a medical condition in the neurointensive care context.,0.9,,,
177,relation,Extra Ventricular Drain Placement,hasMonitoringData,Intensive Care Management,[inferred] cluster completion,revise,4.4,Extra Ventricular Drain Placement,isMonitoredBy,Intensive Care Management,The relation 'hasMonitoringData' should be revised to 'isMonitoredBy' as 'Extra Ventricular Drain Placement' is monitored by 'Intensive Care Management' data.,0.9,The relation 'hasMonitoringData' should be 'isMonitoredBy' as 'Extra Ventricular Drain Placement' is monitored by 'Intensive Care Management'.,1.0,
178,relation,Intensive Care Management,has clinical assessment,Clinical Assessment,[inferred] cluster completion,accept_direct,,,,,Intensive Care Management hasClinicalAssessment Clinical Assessment is a direct relationship as Clinical Assessment is part of ICU management data.,0.9,,,
179,relation,Intensive Care Management,has monitoring data,Laboratory Values,[inferred] cluster completion,accept_direct,,,,,Intensive Care Management hasMonitoringData Laboratory Values is valid as Laboratory Values are routine tests performed during ICU management.,0.95,,,
180,relation,Laboratory Values,hasMonitoringData,Intensive Care Management,[inferred] cluster completion,revise,4.9,Laboratory Values,subClassOf,Monitoring Data,"Laboratory Values should be a subclass of Monitoring Data, not haveMonitoringData; the relation should reflect the subclass relationship.",0.9,"Laboratory Values should be a subclass of Monitoring Data as per the preamble, reflecting the hierarchy of monitoring parameters.",1.0,
181,relation,Nursing Intervention,is administered during,Session,[inferred] cluster completion,accept_direct,,,,,"Nursing Intervention is administered during Session, as both classes are valid within the neurointensive care context and the relationship holds directly.",0.9,,,
182,relation,Physiotherapy,is administered during,Session,[inferred] cluster completion,revise,4.9,Physiotherapy,subClassOf,Nursing Intervention,Physiotherapy sessions should be classified as a Nursing Intervention rather than a direct relation to Session; revise to 'Physiotherapy isA Nursing Intervention'.,0.85,"Physiotherapy is classified as a Nursing Intervention per the preamble, so the relation should be subClassOf.",1.0,
183,relation,Barbiturates,is administered during,Decompressive Craniectomy,[inferred] cluster completion,accept_direct,,,,,Barbiturates is administered during Decompressive Craniectomy is a valid relationship as Barbiturates are used for sedation in surgical procedures.,0.9,,,
184,relation,Cerebrovascular Autoregulation,is influenced by,Decompressive Craniectomy,[inferred] cluster completion,accept_indirect,,,,,Cerebrovascular Autoregulation is influenced by Decompressive Craniectomy indirectly via the relationship of surgical procedures affecting secondary insults in neurointensive care.,0.7,,,low_evidence
185,relation,Evacuation of Mass Lesion,has surgical procedure,Decompressive Craniectomy,[inferred] cluster completion,accept_direct,,,,,Evacuation of Mass Lesion has surgical procedure Decompressive Craniectomy is valid as both are subclasses of Surgical Procedure in the preamble.,0.9,,,
186,relation,Jugular Venous Desaturation,is monitored by,Jugular Venous Oxygen Saturation,[inferred] cluster completion,accept_direct,,,,,"Jugular Venous Desaturation is monitored by Jugular Venous Oxygen Saturation, which is a valid monitoring relationship in the neurointensive care domain.",0.9,,,
187,relation,Management,receivesTherapy,Barbiturates,[inferred] cluster completion,revise,4.4,Barbiturates,isTreatedWith,Management,"Management should be replaced with a specific therapy class as 'receivesTherapy' requires a therapy object, not a process.",0.9,"Barbiturates is a therapy, so the relation should connect it directly to the process of Management as 'isTreatedWith'.",0.9,
188,relation,Microdialysis,is monitored by,Partial Pressure of Brain Tissue Oxygen,[inferred] cluster completion,accept_direct,,,,,"Microdialysis is monitored by Partial Pressure of Brain Tissue Oxygen, as both are valid parameters in the monitoring data category.",0.9,,,
189,relation,Removal of Foreign Body,has surgical procedure,Evacuation of Mass Lesion,[inferred] cluster completion,accept_direct,,,,,Removal of Foreign Body has surgical procedure Evacuation of Mass Lesion is valid as both are subclasses of Surgical Procedure in the neurointensive care context.,0.9,,,
190,relation,EUSIG Grade,isAConditionOf,Secondary Insult,[inferred] cluster completion,reject,,,,,EUSIG Grade does not directly relate to Secondary Insult as a condition; it is a classification system rather than a condition itself.,0.7,,,low_evidence
191,relation,Secondary Brain Injury,is a condition of,Secondary Insult,[inferred] cluster completion,accept_indirect,,,,,"Secondary Brain Injury is a subclass of Brain Injury, which is a subclass of Condition; thus, the relationship holds indirectly through these hierarchies.",0.85,,,
192,relation,Secondary Brain Injury,worsens,Outcome,[inferred] cluster completion,accept_direct,,,,,Secondary Brain Injury worsens Outcome is clinically valid as secondary injuries can negatively impact patient outcomes in neurointensive care.,0.9,,,
193,relation,Secondary Insult,receivesTherapy,Secondary Insult Therapy,[inferred] cluster completion,revise,4.4,Secondary Insult Therapy,isAdministeredDuring,Secondary Insult,The relation 'receivesTherapy' is incorrect as 'Secondary Insult' should not receive therapy directly; it should be 'Secondary Insult Therapy' that is administered to treat it.,0.9,The relation 'receivesTherapy' is incorrect; 'Secondary Insult Therapy' should be the one administered to treat 'Secondary Insult'.,0.9,
194,relation,Secondary Insult Grades,defines,Secondary Insult,[inferred] cluster completion,accept_indirect,,,,,"Secondary Insult Grades defines Secondary Insult indirectly through the classification of hypotensive events, linking to the broader concept of additional injuries or complications.",0.7,,,low_evidence
195,relation,Secondary Insult Therapy,is administered during,Secondary Insult,[inferred] cluster completion,accept_direct,,,,,The relationship 'Secondary Insult Therapy is administered during Secondary Insult' is valid as therapy is intended to address secondary insults directly.,0.9,,,
196,relation,Secondary Insult Therapy,reduces,Secondary Brain Injury,[inferred] cluster completion,accept_direct,,,,,Secondary Insult Therapy reduces Secondary Brain Injury is a valid direct relationship as therapies target conditions directly related to patient outcomes.,0.95,,,
197,relation,Secondary Insult Treatment,targets condition,Secondary Insult,[inferred] cluster completion,accept_direct,,,,,Secondary Insult Treatment targets Secondary Insult as it directly relates to the management of complications following the initial injury.,0.9,,,
198,relation,Analgesia,receivesTherapy,Patient Transport,[inferred] cluster completion,revise,4.9,Analgesia,subClassOf,Baseline Therapy,Analgesia is a subclass of Baseline Therapy; the relation 'receivesTherapy' should be 'isATypeOf' or similar to reflect this hierarchy.,0.8,"Analgesia is a subclass of Baseline Therapy, as per the preamble, so the relation should be subClassOf.",1.0,
199,relation,Analgesia,affectsOutcome,Poor Outcome,[inferred] cluster completion,accept_direct,,,,,"Analgesia affects Outcome is a valid relationship as Analgesia is a type of Baseline Therapy that can influence patient outcomes, which include Poor Outcome.",0.9,,,
200,relation,Anti-hypertensives,receivesTherapy,Ventilation,[inferred] cluster completion,revise,4.4,Anti-hypertensives,isAdministeredDuring,Ventilation,"Anti-hypertensives is a therapy, but Ventilation is not; the relation 'receivesTherapy' requires a valid therapy as the object.",0.9,The relation 'receivesTherapy' is incorrect; 'Anti-hypertensives' should be 'isAdministeredDuring' the process of 'Ventilation'.,1.0,
201,relation,Anti-pyretics,hasMonitoringData,Temperature,[inferred] cluster completion,accept_direct,,,,,Anti-pyretics hasMonitoringData Temperature is valid as Temperature is a physiological parameter monitored in relation to therapies like Anti-pyretics.,0.95,,,
202,relation,Anti-pyretics,affectsOutcome,Poor Outcome,[inferred] cluster completion,accept_direct,,,,,"Anti-pyretics affects Outcome is valid as Anti-pyretics are therapies that can influence patient outcomes, specifically poor outcomes in TBI patients.",0.9,,,
203,relation,Antibiotics,receivesTherapy,Patient Transport,[inferred] cluster completion,revise,4.4,Antibiotics,isAssociatedWith,Surgical Procedure,"Antibiotics should not 'receive' Patient Transport; instead, Patient Transport should be associated with a surgical procedure or clinical assessment.",0.85,"Antibiotics should be associated with a Surgical Procedure instead of receiving Patient Transport, as per the context provided.",1.0,
204,relation,Electrocardiogram (ECG),is monitored by,Ventilator,[inferred] cluster completion,reject,,,,,"'Electrocardiogram (ECG) is monitored by Ventilator' is incorrect as ECG is a monitoring data type, not a monitored entity; the relation does not hold.",0.7,,,low_evidence
205,relation,EtCO2,is monitored by,Ventilator,[inferred] cluster completion,accept_direct,,,,,"EtCO2 is a Core Monitoring Parameter and Ventilator is a monitoring method, making the relationship 'is monitored by' valid and direct.",0.9,,,
206,relation,EtCO2,measures parameter,Carbon Dioxide,[inferred] cluster completion,accept_direct,,,,,EtCO2 measuresParameter Carbon Dioxide is valid as EtCO2 is a monitoring parameter that directly assesses the level of carbon dioxide in the body.,0.95,,,
207,relation,Impedance Plethmography,hasMonitoringData,Ventilator,[inferred] cluster completion,reject,,,,,Impedance Plethmography is not validly related to Ventilator through 'hasMonitoringData'; the relationship does not hold between these classes.,0.9,,,
208,relation,Insult,is a risk factor for,Poor Outcome,[inferred] cluster completion,accept_direct,,,,,"Insult is a subclass of Secondary Insult, which is clinically recognized as a risk factor for Poor Outcome in neurointensive care contexts.",0.9,,,
209,relation,Insult,isAssociatedWith,Ventilation,[inferred] cluster completion,revise,4.4,Insult,isMonitoredBy,Ventilation,The relation 'isAssociatedWith' should be replaced with 'isMonitoredBy' as Insult is monitored by Mechanical Ventilation settings.,0.9,The relation 'isAssociatedWith' should be 'isMonitoredBy' as Insult is monitored by Mechanical Ventilation settings.,1.0,
210,relation,Paralysis,affects outcome,Poor Outcome,[inferred] cluster completion,accept_direct,,,,,Paralysis affects outcome Poor Outcome is a valid direct relationship in the neurointensive care context.,0.9,,,
211,relation,Patient Transport,is associated with,Ventilation,[inferred] cluster completion,accept_indirect,,,,,Patient Transport is associated with Ventilation via the chain: Patient Transport → isMonitoredBy → Monitoring Data → hasMonitoringData → Ventilation.,0.7,,,low_evidence
212,relation,Patient Transport,receivesTherapy,Analgesia,[inferred] cluster completion,revise,4.4,Patient Transport,isAdministeredDuring,Analgesia,"Analgesia is a subclass of Baseline Therapy; the relation 'receivesTherapy' should connect Patient Transport to a valid therapy class, not directly to Analgesia.",0.9,The relation 'receivesTherapy' should be 'isAdministeredDuring' as it connects the transport to the therapy contextually.,0.9,
213,relation,Poor Outcome,is influenced by,Insult,[inferred] cluster completion,accept_indirect,,,,,Poor Outcome is influenced by Insult via the path: Insult → affects Outcome → Poor Outcome.,0.7,,,low_evidence
214,relation,Poor Outcome,is associated with,Paralysis,[inferred] cluster completion,accept_indirect,,,,,"Poor Outcome is associated with Paralysis via the relationship of Paralysis being a type of Baseline Therapy, which affects outcomes in TBI patients.",0.7,,,low_evidence
215,relation,Skull Fracture Elevation,is associated with,Head Injury,[inferred] cluster completion,accept_direct,,,,,"Skull Fracture Elevation is associated with Head Injury, as both are valid classes within the BrainIT ontology related to brain injuries.",0.9,,,
216,relation,TCD,is monitored by,Sensor,[inferred] cluster completion,accept_direct,,,,,TCD is a monitoring parameter and Sensor is a valid monitoring method; the relationship 'is monitored by' holds directly between them.,0.9,,,
217,relation,Ventilation,is managed by,Ventilator,[inferred] cluster completion,accept_direct,,,,,The relation 'is managed by' directly holds between 'Ventilation' and 'Ventilator' as ventilators manage mechanical ventilation settings.,0.9,,,
218,relation,Brain Temperature,is monitored by,Sensor,[inferred] cluster completion,accept_direct,,,,,Brain Temperature is monitored by Sensor directly as per the preamble's definition of monitoring relationships.,0.95,,,
219,relation,Brain Temperature,has monitoring data,Timepoint,[inferred] cluster completion,accept_direct,,,,,Brain Temperature is an Optional Monitoring Parameter and Timepoint is a discrete moment in monitoring; the relationship holds directly as Brain Temperature hasMonitoringData Timepoint.,0.9,,,
220,relation,Heart Rate,is monitored by,Sensor,[inferred] cluster completion,accept_direct,,,,,Heart Rate is monitored by Sensor is a direct relationship as per the domain context; Sensor is a valid class for monitoring physiological parameters.,0.95,,,
221,relation,Heart Rate,has monitoring data,Timepoint,[inferred] cluster completion,accept_direct,,,,,Heart Rate hasMonitoringData Timepoint is valid as Heart Rate is a physiological parameter monitored at specific timepoints.,0.9,,,
222,relation,ICP Sensor Placement,is related to,Sensor,[inferred] cluster completion,accept_direct,,,,,The relationship 'ICP Sensor Placement is related to Sensor' holds directly as ICP Sensor Placement is a type of Sensor used for physiological monitoring.,0.95,,,
223,relation,Measurement Time,has timepoint,Timepoint,[inferred] cluster completion,accept_direct,,,,,Measurement Time has timepoint Timepoint is a valid direct relationship as Measurement Time refers to specific time points associated with sensor readings.,0.9,,,
224,relation,NIBP,is monitored by,Sensor,[inferred] cluster completion,accept_direct,,,,,"NIBP is a subclass of Monitoring Data, and Sensor is a subclass of Observation; the relationship 'is monitored by' holds directly.",0.9,,,
225,relation,NIBP,has monitoring data,Timepoint,[inferred] cluster completion,accept_direct,,,,,"NIBP is an Optional Monitoring Parameter and Timepoint is a Monitoring Data subclass, thus the relationship holds directly.",0.95,,,
226,relation,Observation,is measured at,Timepoint,[inferred] cluster completion,accept_direct,,,,,Observation is measured at Timepoint is a valid direct relationship as Timepoint represents a discrete moment for the recorded Observation.,0.9,,,
227,relation,Parameter,is measured by,Sensor,[inferred] cluster completion,accept_direct,,,,,Parameter is measured by Sensor is a valid direct relationship as both classes are defined in the domain context.,0.95,,,
228,relation,Peripheral Temperature,is monitored by,Sensor,[inferred] cluster completion,accept_direct,,,,,"Peripheral Temperature is monitored by Sensor, which aligns with the definition of monitoring data in the preamble.",0.95,,,
229,relation,Peripheral Temperature,has monitoring data,Timepoint,[inferred] cluster completion,accept_direct,,,,,"Peripheral Temperature is an Optional Monitoring Parameter and Timepoint is a valid Monitoring Data, making the relationship valid as per the hierarchical structure.",0.9,,,
230,relation,Reading,is measured at,Timepoint,[inferred] cluster completion,accept_direct,,,,,Reading is measured at Timepoint is a direct relationship as Timepoint is a specific moment associated with sensor readings in monitoring.,0.95,,,
231,relation,Reading,measures parameter,Parameter,[inferred] cluster completion,accept_direct,,,,,"The triple 'Reading measuresParameter Parameter' is valid as Reading is a subclass of Observation, which measures physiological or clinical variables.",0.9,,,
232,relation,Respiration Rate,is monitored by,Sensor,[inferred] cluster completion,accept_direct,,,,,Respiration Rate is monitored by Sensor is a valid direct relationship as per the domain context.,0.9,,,
233,relation,Respiration Rate,has monitoring data,Timepoint,[inferred] cluster completion,accept_direct,,,,,Respiration Rate hasMonitoringData Timepoint is valid as Respiration Rate is a monitoring parameter and Timepoint is a discrete moment in monitoring data.,0.9,,,
234,relation,Temperature,is monitored by,Sensor,[inferred] cluster completion,accept_direct,,,,,"Temperature is monitored by Sensor, as Temperature is a physiological parameter and Sensor is a machine used to record physiological parameters.",0.9,,,
235,relation,Temperature,has monitoring data,Timepoint,[inferred] cluster completion,accept_direct,,,,,"Temperature hasMonitoringData Timepoint is valid as Temperature is a physiological parameter monitored over time, aligning with the preamble's definitions.",0.95,,,
236,relation,Biochemistry,hasLaboratoryValue,Potassium,[inferred] cluster completion,revise,4.9,Potassium,subClassOf,Biochemistry,"Biochemistry hasLaboratoryValue Potassium should be revised to Potassium subClassOf Biochemistry, as analytes are subclasses of their respective panels according to the preamble.",0.9,"Potassium→Biochemistry is the analyte→panel subclass pattern in the preamble, so relation should be subClassOf.",1.0,
237,relation,Blood Gases,is monitored by,Monitoring,[inferred] cluster completion,accept_direct,,,,,"Blood Gases is monitored by Monitoring, as Monitoring encompasses the continuous observation of physiological parameters including blood gases.",0.9,,,
238,relation,Cardiac Output,hasMonitoringData,Monitoring,[inferred] cluster completion,accept_direct,,,,,"Cardiac Output is a valid subclass of Monitoring Data, which aligns with the hierarchical relationship in the preamble.",0.95,,,
239,relation,Fluids,hasMonitoringData,Monitoring,[inferred] cluster completion,accept_direct,,,,,"Fluids is a subclass of Baseline Therapy, and Monitoring is a subclass of Monitoring Data; the relationship holds directly as Fluids hasMonitoringData Monitoring.",0.9,,,
240,relation,Glucose,is monitored by,Monitoring,[inferred] cluster completion,revise,4.4,Glucose,hasMonitoringData,Monitoring,The relation 'is monitored by' should be 'hasMonitoringData' since Glucose is a parameter monitored in critically ill patients.,0.9,The relation 'is monitored by' should be 'hasMonitoringData' as Glucose is a monitored parameter in critically ill patients.,1.0,
241,relation,Nutrition,hasMonitoringData,Monitoring,[inferred] cluster completion,revise,4.4,Nutrition,isMonitoredBy,Monitoring,"The relation 'hasMonitoringData' should be 'isMonitoredBy' as Nutrition is not monitoring data but a therapy, and the object should be a monitoring method.",0.85,"Nutrition is a therapy and should be monitored, thus the relation should be isMonitoredBy instead of hasMonitoringData.",1.0,
242,relation,Sedation,is monitored by,Monitoring,[inferred] cluster completion,reject,,,,,"The relation 'is monitored by' does not hold between 'Sedation' and 'Monitoring'; 'Sedation' is a therapy, while 'Monitoring' is a method, which are not directly related.",0.9,,,
243,relation,Disability,is associated with,Outcome Score,[inferred] cluster completion,accept_direct,,,,,"Disability is associated with Outcome Score as both are valid classes in the neurointensive care context, reflecting the relationship between functional ability and neurological outcomes.",0.95,,,
244,relation,Disability,is influenced by,GCS Assessment,[inferred] cluster completion,accept_indirect,,,,,"Disability is influenced by GCS Assessment via the relationship that GCS Assessment assesses neurological status, which impacts disability outcomes.",0.85,,,
245,relation,GCS Assessment,is associated with,Pupil Assessment,[inferred] cluster completion,accept_indirect,,,,,"GCS Assessment is associated with neurological status, which indirectly relates to Pupil Assessment through the broader context of clinical assessments of consciousness and neurological function.",0.7,,,low_evidence
246,relation,GOSe Outcome,relates to clinical outcome,Outcome Score,[inferred] cluster completion,accept_indirect,,,,,"GOSe Outcome relates to clinical outcome indirectly via Outcome Score as both are types of Outcome, which is a subclass of Condition.",0.85,,,
247,relation,Motor Impairment,is associated with,Disability,[inferred] cluster completion,accept_direct,,,,,Motor Impairment is associated with Disability as both are valid classes in the context of brain injury assessments.,0.9,,,
248,relation,Motor Impairment,is influenced by,GCS Assessment,[inferred] cluster completion,accept_indirect,,,,,"Motor Impairment is influenced by GCS Assessment indirectly through the assessment of neurological status, which affects motor function.",0.7,,,low_evidence
249,relation,Outcome Score,predicts outcome,GOSe Outcome,[inferred] cluster completion,accept_direct,,,,,Outcome Score predicts GOSe Outcome is a valid relationship as both are classes related to assessing neurological outcomes after brain injury.,0.9,,,
250,relation,Outcome Score,is associated with,Disability,[inferred] cluster completion,accept_indirect,,,,,"Outcome Score indirectly relates to Disability through the assessment of neurological outcomes in patients with brain injuries, linking both concepts within the context of TBI outcomes.",0.7,,,low_evidence
251,relation,Pupil Assessment,is associated with,GCS Assessment,[inferred] cluster completion,accept_direct,,,,,Pupil Assessment is associated with GCS Assessment as both are clinical assessments related to neurological status in TBI patients.,0.9,,,
252,relation,Cerebral Perfusion Pressure (CPP),is influenced by,Intracranial Pressure (ICP),[inferred] cluster completion,accept_direct,,,,,"Cerebral Perfusion Pressure (CPP) is influenced by Intracranial Pressure (ICP), which is a clinically valid relationship in neurointensive care.",0.95,,,
253,relation,Cerebral Perfusion Pressure (CPP),calculates,Mean Cerebral Perfusion Pressure,[inferred] cluster completion,accept_indirect,,,,,Cerebral Perfusion Pressure calculates Mean Cerebral Perfusion Pressure indirectly via the relationship between CPP and its definition as a calculated parameter.,0.7,,,low_evidence
254,relation,Intracranial Hypertension,is a condition of,Intracranial Pressure (ICP),[inferred] cluster completion,accept_direct,,,,,"Intracranial Hypertension is a condition related to Intracranial Pressure, as both are valid classes in the neurointensive care domain.",0.95,,,
255,relation,Mean Cerebral Perfusion Pressure,is influenced by,Intracranial Pressure (ICP),[inferred] cluster completion,accept_direct,,,,,"Mean Cerebral Perfusion Pressure is influenced by Intracranial Pressure, which is a valid relationship in neurointensive care as ICP affects cerebral perfusion.",0.9,,,
256,relation,Pressure Reactivity Index (PRx),assesses,Intracranial Pressure (ICP),[inferred] cluster completion,accept_direct,,,,,PRx assesses ICP directly as both are valid classes in the BrainIT ontology related to monitoring cerebral perfusion and intracranial pressure.,0.95,,,
257,relation,Carbon Dioxide,is monitored by,Partial Pressure of Carbon Dioxide,[inferred] cluster completion,accept_direct,,,,,"Carbon Dioxide is monitored by Partial Pressure of Carbon Dioxide, as both are valid classes related to respiratory function monitoring.",0.9,,,
258,relation,Carbon Dioxide,is associated with,Ventilation,[inferred] cluster completion,accept_indirect,,,,,Carbon Dioxide is associated with Ventilation via the chain: Carbon Dioxide affects respiratory function → Ventilation manages respiratory function.,0.85,,,
259,relation,End-tidal Carbon Dioxide,assesses,Ventilation,[inferred] cluster completion,accept_direct,,,,,End-tidal Carbon Dioxide assesses Ventilation is a valid relationship as it directly relates a monitoring parameter to a therapy management aspect.,0.9,,,
260,relation,End-tidal Carbon Dioxide,is measured by,Sensor,[inferred] cluster completion,accept_direct,,,,,"End-tidal Carbon Dioxide is a physiological parameter that is measured by a Sensor, aligning with the defined relationship in the domain context.",0.9,,,
261,relation,Partial Pressure of Carbon Dioxide,is influenced by,Ventilation,[inferred] cluster completion,accept_direct,,,,,Partial Pressure of Carbon Dioxide is influenced by Ventilation as both are valid classes in the neurointensive care context.,0.9,,,
262,relation,Brain Injury,affects outcome,Outcome Score,[inferred] cluster completion,accept_direct,,,,,Brain Injury affects Outcome Score is a valid relationship as brain injuries directly impact neurological outcomes assessed by outcome scores.,0.9,,,
263,relation,Cranial Injuries,is associated with,Traumatic Brain Injury,[inferred] cluster completion,accept_direct,,,,,"Cranial Injuries is associated with Traumatic Brain Injury as both are valid subclasses of Brain Injury, establishing a direct relationship.",0.9,,,
264,relation,Disability,is related to,Brain Injury,[inferred] cluster completion,accept_direct,,,,,"Disability is related to Brain Injury as both are valid classes in the neurointensive care domain, and the relationship holds directly between them.",0.9,,,
265,relation,Extracranial Injury,is a risk factor for,Brain Injury,[inferred] cluster completion,accept_direct,,,,,"Extracranial Injury is a valid risk factor for Brain Injury as it can complicate management, directly linking the two classes.",0.9,,,
266,relation,GCS Assessment,assesses,Brain Injury,[inferred] cluster completion,accept_direct,,,,,GCS Assessment assesses Brain Injury directly as it evaluates the neurological status following a brain injury.,0.95,,,
267,relation,GOSe Outcome,predicts outcome,Brain Injury,[inferred] cluster completion,accept_indirect,,,,,GOSe Outcome predicts outcome of Brain Injury via the relationship that GOSe Outcome assesses outcome related to conditions like Brain Injury.,0.7,,,low_evidence
268,relation,Head Trauma,is monitored by,GCS Assessment,[inferred] cluster completion,accept_direct,,,,,"Head Trauma is monitored by GCS Assessment, as GCS is a clinical assessment used for neurological status after brain injury.",0.95,,,
269,relation,Motor Impairment,is related to,Brain Injury,[inferred] cluster completion,accept_direct,,,,,"Motor Impairment is related to Brain Injury as both are valid classes in the neurointensive care context, and the relationship holds directly between them.",0.95,,,
270,relation,Outcome Score,relates to clinical outcome,Brain Injury,[inferred] cluster completion,accept_direct,,,,,"Outcome Score relates to Brain Injury as it assesses the neurological outcome of patients after brain injury, confirming a direct relationship between the two classes.",0.9,,,
271,relation,Patient,isTreatedWith,Baseline Therapy,[inferred] cluster completion,revise,4.4,Patient,receivesTherapy,Baseline Therapy,"The relation 'isTreatedWith' should be replaced with 'receivesTherapy' since 'Baseline Therapy' is a type of therapy, not a treatment method itself.",0.9,The relation 'isTreatedWith' should be 'receivesTherapy' as 'Baseline Therapy' is a type of therapy.,1.0,
272,relation,Pupil Assessment,assesses,Neurological Injury,[inferred] cluster completion,accept_direct,,,,,Pupil Assessment assesses Neurological Injury directly as both are valid classes in the neurointensive care context.,0.95,,,
273,relation,Adverse Event,affects outcome,Hypertension,[inferred] cluster completion,accept_direct,,,,,"Adverse Event affects Outcome is a valid relationship as adverse events can lead to various outcomes, including hypertension-related complications.",0.9,,,
274,relation,Arterial Hypotension,is a risk factor for,Septic Shock,[inferred] cluster completion,accept_direct,,,,,"Arterial Hypotension is a valid subclass of Secondary Insult, and Septic Shock is a condition that can be influenced by it, validating the risk factor relationship.",0.95,,,
275,relation,Arterial Pressors,receivesTherapy,Hypotension,[inferred] cluster completion,revise,4.4,Arterial Pressors,isTreatedWith,Hypotension,The relation 'receivesTherapy' is incorrect; 'Hypotension' should be replaced with a therapy class like 'Arterial Pressors' as it is a therapy for the condition.,0.85,The relation 'receivesTherapy' should be 'isTreatedWith' as it directly connects therapy to the condition.,0.9,
276,relation,Hypertension,is related to,Adverse Event,[inferred] cluster completion,accept_indirect,,,,,Hypertension is related to Adverse Event via the chain: Hypertension affects Outcome → Adverse Event is a type of Outcome.,0.7,,,low_evidence
277,relation,Hypotension,is a risk factor for,Acute Respiratory Distress Syndrome,[inferred] cluster completion,accept_direct,,,,,"Hypotension is a recognized risk factor for Acute Respiratory Distress Syndrome in critically ill patients, supporting the direct relationship between these two conditions.",0.9,,,
278,relation,Hypotension,is treated with,Vasopressors,[inferred] cluster completion,accept_direct,,,,,"Hypotension is a valid subclass of Condition, and Vasopressors is a valid subclass of Secondary Insult Therapy, making the treatment relationship valid.",0.95,,,
279,relation,Mean Arterial Pressure (MAP),measures parameter,Hypotension,[inferred] cluster completion,accept_indirect,,,,,"Mean Arterial Pressure (MAP) indirectly measures Hypotension via the relationship of MAP being a Core Monitoring Parameter that assesses blood pressure, which relates to the condition of Hypotension.",0.85,,,
280,relation,Sepsis,is a risk factor for,Septic Shock,[inferred] cluster completion,accept_direct,,,,,"Sepsis is a valid subclass of Condition, and Septic Shock is a valid subclass of Condition, making the relationship semantically correct as a risk factor.",0.95,,,
281,relation,Vasopressors,is administered during,Hypotension,[inferred] cluster completion,accept_direct,,,,,"Vasopressors is administered during Hypotension, as vasopressors are used to treat low blood pressure in critical care settings.",0.95,,,
282,relation,Clinical Outcome,relates to clinical outcome,Outcome,[inferred] cluster completion,accept_direct,,,,,"Clinical Outcome relates to Outcome as it directly measures patient health status after treatment, aligning with the definitions in the preamble.",0.9,,,
283,relation,Monitoring Data,has monitoring data,Physiological Data,[inferred] cluster completion,accept_direct,,,,,Monitoring Data hasMonitoringData Physiological Data is valid as Physiological Data reflects the physiological parameters monitored in neurointensive care.,0.9,,,
284,relation,Outcome Data,is related to,Clinical Outcome,[inferred] cluster completion,accept_direct,,,,,"Outcome Data is related to Clinical Outcome as both pertain to the results of medical treatment, establishing a direct relationship.",0.9,,,
285,relation,Patient Interventions,affects outcome,Outcome,[inferred] cluster completion,accept_direct,,,,,The relationship 'Patient Interventions affects Outcome' is valid as interventions directly influence patient outcomes in neurointensive care.,0.95,,,
286,relation,Physiological Data,is monitored by,Monitoring Data,[inferred] cluster completion,accept_direct,,,,,Physiological Data is monitored by Monitoring Data is a direct relationship as Monitoring Data encompasses the data collected for assessing physiological parameters.,0.9,,,
287,relation,Treatment Data,is administered during,Patient Interventions,[inferred] cluster completion,accept_direct,,,,,"Treatment Data is administered during Patient Interventions, as the relationship directly reflects the actions taken to improve patient outcomes.",0.95,,,
288,relation,Error,is related to,Reading,[inferred] cluster completion,accept_indirect,,,,,Error is related to Reading indirectly through Data Quality Assessment assessing Observation which measures Parameter leading to Reading.,0.7,,,low_evidence
289,relation,Observation,is measured at,Measurement Time,[inferred] cluster completion,accept_direct,,,,,Observation is measured at Measurement Time directly relates to the monitoring of parameters in the neurointensive care context.,0.9,,,
290,relation,Possible Error,is associated with,Reading,[inferred] cluster completion,accept_direct,,,,,Possible Error is associated with Reading as both classes are valid in the context of monitoring data and clinical assessments in neurointensive care.,0.9,,,
291,relation,Probable Error,is associated with,Reading,[inferred] cluster completion,accept_direct,,,,,"Probable Error is associated with Reading as both are valid classes in the BrainIT ontology, with a direct relationship between them.",0.9,,,
292,relation,Reading,is measured by,Sensor,[inferred] cluster completion,accept_direct,,,,,Reading is measured by Sensor is a valid direct relationship as per the definitions of both classes in the preamble.,0.95,,,
293,relation,Temperature,measures parameter,Brain Temperature,[inferred] cluster completion,accept_direct,,,,,Temperature measuresParameter Brain Temperature is semantically correct as Temperature is a physiological parameter and Brain Temperature is an optional monitoring parameter.,0.9,,,
294,relation,Decompressive Craniectomy,isAProcedureFor,Evacuation of Mass Lesion,[inferred] cluster completion,revise,4.4,Decompressive Craniectomy,isAssociatedWith,Evacuation of Mass Lesion,The relation 'isAProcedureFor' should be 'isAssociatedWith' as both procedures are surgical interventions related to brain injury management.,0.85,The relation 'isAProcedureFor' should be 'isAssociatedWith' as both are surgical interventions related to brain injury management.,1.0,
295,relation,Jugular Venous Desaturation,is associated with,Jugular Venous Oxygen Saturation,[inferred] cluster completion,accept_direct,,,,,Jugular Venous Desaturation is associated with Jugular Venous Oxygen Saturation as both relate to cerebral oxygenation assessment in TBI patients.,0.9,,,
296,relation,Jugular Venous Oxygen Saturation,assesses,Partial Pressure of Brain Tissue Oxygen,[inferred] cluster completion,accept_indirect,,,,,Jugular Venous Oxygen Saturation assesses Partial Pressure of Brain Tissue Oxygen indirectly via the physiological monitoring chain; both are related to cerebral oxygenation assessment.,0.7,,,low_evidence
297,relation,Hypothermia Therapy,receivesTherapy,Management,[inferred] cluster completion,revise,4.4,Hypothermia Therapy,isAdministeredDuring,Management,Management is not a Therapy; the relation 'receivesTherapy' is incorrect and should be replaced with a valid therapy class like 'Hypothermia Therapy isAdministeredDuring Management'.,0.9,The relation 'receivesTherapy' is incorrect; 'Hypothermia Therapy isAdministeredDuring Management' accurately reflects the therapy's application in patient care.,1.0,
298,relation,Partial Pressure of Brain Tissue Oxygen,is monitored by,Jugular Venous Oxygen Saturation,[inferred] cluster completion,accept_indirect,,,,,"Partial Pressure of Brain Tissue Oxygen is monitored by Jugular Venous Oxygen Saturation via the physiological monitoring hierarchy, connecting through the broader class of Monitoring Data.",0.7,,,low_evidence
299,relation,PbrO2,measures parameter,Jugular Venous Oxygen Saturation,[inferred] cluster completion,accept_indirect,,,,,PbrO2 measuresParameter Jugular Venous Oxygen Saturation indirectly through the relationship of both being physiological parameters assessed for cerebral oxygenation.,0.7,,,low_evidence
300,relation,SaO2,hasMonitoringData,Partial Pressure of Brain Tissue Oxygen,[inferred] cluster completion,accept_direct,,,,,"SaO2 is a Core Monitoring Parameter, and Partial Pressure of Brain Tissue Oxygen is a valid Monitoring Data subclass; the relationship holds directly.",0.9,,,
301,relation,Anti-hypertensives,receivesTherapy,Analgesia,[inferred] cluster completion,revise,4.4,Anti-hypertensives,isAdministeredDuring,Analgesia,"Anti-hypertensives is a therapy but Analgesia is also a therapy; the relation should be 'isAdministeredDuring' or similar, not 'receivesTherapy'.",0.8,The relation 'receivesTherapy' is incorrect; it should be 'isAdministeredDuring' as both are therapies.,1.0,
302,relation,Electrocardiogram (ECG),affectsOutcome,Poor Outcome,[inferred] cluster completion,revise,4.4,Electrocardiogram (ECG),isAssociatedWith,Poor Outcome,"Electrocardiogram (ECG) affects Outcome is valid, but should be relabeled to 'isAssociatedWith' as ECG is a monitoring data type and not a direct outcome.",0.85,"Electrocardiogram (ECG) is monitoring data and should be related to Poor Outcome via isAssociatedWith, not affectsOutcome.",0.9,
303,relation,EtCO2,hasMonitoringData,Ventilation,[inferred] cluster completion,accept_direct,,,,,"EtCO2 is a Core Monitoring Parameter and Ventilation is a subclass of Monitoring Data, thus the relation holds directly as EtCO2 hasMonitoringData Ventilation.",0.9,,,
304,relation,Insult,is associated with,Poor Outcome,[inferred] cluster completion,accept_direct,,,,,Insult is associated with Poor Outcome as a valid clinical relationship; both classes are correctly identified in the neurointensive care context.,0.9,,,
305,relation,Paralysis,is a risk factor for,Poor Outcome,[inferred] cluster completion,revise,4.4,Paralysis,affectsOutcome,Poor Outcome,The relation 'is a risk factor for' should be replaced with 'affectsOutcome' to correctly connect 'Paralysis' and 'Poor Outcome'.,0.9,The relation 'is a risk factor for' should be replaced with 'affectsOutcome' to correctly connect 'Paralysis' and 'Poor Outcome'.,1.0,
306,relation,SjO2,hasMonitoringData,Ventilation,[inferred] cluster completion,revise,4.9,SjO2,subClassOf,Core Monitoring Parameter,"SjO2 should be classified as a Core Monitoring Parameter, and the relation should be subClassOf instead of hasMonitoringData.",0.9,"SjO2 is a Core Monitoring Parameter, so the relation should be subClassOf instead of hasMonitoringData.",1.0,
307,relation,Ventilator,is associated with,Ventilation,[inferred] cluster completion,accept_direct,,,,,"Ventilator is associated with Ventilation, as mechanical ventilation settings and management are directly related to the use of a ventilator in neurointensive care.",0.9,,,
308,relation,Secondary Brain Injury,worsens,Secondary Insult,[inferred] cluster completion,accept_direct,,,,,"Secondary Brain Injury worsens Secondary Insult as both are valid subclasses of Brain Injury and Insult respectively, and the relationship is clinically accurate.",0.9,,,
309,relation,Secondary Insult,is associated with,Secondary Brain Injury,[inferred] cluster completion,accept_direct,,,,,"Secondary Insult is associated with Secondary Brain Injury as both are valid subclasses of Insult and Brain Injury respectively, indicating a direct relationship.",0.9,,,
310,relation,Secondary Insult Therapy,is treated with,Secondary Insult,[inferred] cluster completion,accept_direct,,,,,The relationship 'Secondary Insult Therapy is treated with Secondary Insult' is valid as it directly connects a therapy class to its corresponding condition class.,0.9,,,
311,relation,Biochemistry,hasLaboratoryValue,Haematocrit,[inferred] cluster completion,revise,4.9,Haematocrit,subClassOf,Biochemistry,The relation 'hasLaboratoryValue' should be 'subClassOf' since Haematocrit is a subclass of the Biochemistry panel as per the preamble.,0.9,"Haematocrit→Biochemistry is the analyte→panel subclass pattern in the preamble, so relation should be subClassOf.",1.0,
312,relation,Biochemistry,hasLaboratoryValue,Haemoglobin,[inferred] cluster completion,revise,4.9,Haemoglobin,subClassOf,Biochemistry,"The relation 'hasLaboratoryValue' is incorrect; 'Haemoglobin' should be a subclass of 'Biochemistry' instead, as analytes are subclasses of their respective panels.",0.9,"Haemoglobin→Biochemistry is the analyte→panel subclass pattern in the preamble, so relation should be subClassOf.",1.0,
313,relation,Haematocrit,hasMonitoringData,Monitoring,[inferred] cluster completion,revise,4.4,Haematocrit,isMonitoredBy,Monitoring,"The relation 'hasMonitoringData' should be 'isMonitoredBy' as Haematocrit is a monitoring parameter, not a monitoring data class.",0.9,"Haematocrit is a monitoring parameter, so the relation should be isMonitoredBy instead of hasMonitoringData.",1.0,
314,relation,Haemoglobin,isMonitoredBy,Monitoring,[inferred] cluster completion,revise,4.4,Haemoglobin,hasLaboratoryValue,Monitoring,"Haemoglobin is a subclass of Laboratory Values, not a monitoring method; the relation should be 'hasLaboratoryValue' instead of 'isMonitoredBy'.",0.9,"The relation should be hasLaboratoryValue as Haemoglobin is a laboratory value, not a monitoring method.",1.0,
315,relation,Monitoring,assesses,Blood Gases,[inferred] cluster completion,accept_indirect,,,,,"Monitoring assesses Blood Gases indirectly through the relationship with Observation, which measures parameters related to blood gases.",0.7,,,low_evidence
316,relation,Monitoring,assesses,Cardiac Output,[inferred] cluster completion,accept_direct,,,,,Monitoring assesses Cardiac Output directly as both are valid classes in the BrainIT ontology related to physiological parameters.,0.95,,,
317,relation,Monitoring,assesses,Fluids,[inferred] cluster completion,accept_direct,,,,,Monitoring assesses Fluids is valid as monitoring involves evaluating fluid input and output in critically ill patients.,0.95,,,
318,relation,Monitoring,assesses,Glucose,[inferred] cluster completion,accept_indirect,,,,,"Monitoring assesses Glucose indirectly through the relationship of Monitoring data measuring physiological parameters, which includes Glucose.",0.8,,,
319,relation,Monitoring,assesses,Haematocrit,[inferred] cluster completion,accept_direct,,,,,Monitoring assesses Haematocrit as it is a valid relationship between the class of Monitoring and the specific analyte Haematocrit.,0.9,,,
320,relation,Monitoring,assesses,Haemoglobin,[inferred] cluster completion,accept_direct,,,,,Monitoring assesses Haemoglobin as it is a valid relationship in the context of physiological parameters and their monitoring in critically ill patients.,0.9,,,
321,relation,Monitoring,assesses,Potassium,[inferred] cluster completion,accept_indirect,,,,,"Monitoring assesses Potassium indirectly via the relationship of Monitoring Data to Laboratory Values, as Potassium is a biochemical analyte monitored in patients.",0.7,,,low_evidence
322,relation,Monitoring,hasMonitoringData,Sodium,[inferred] cluster completion,revise,4.4,Monitoring,isMonitoredBy,Sodium,The relation 'hasMonitoringData' should be 'isMonitoredBy' as Sodium is a parameter monitored by the monitoring process.,0.9,The relation 'hasMonitoringData' should be 'isMonitoredBy' as Sodium is a parameter monitored by the monitoring process.,1.0,
323,relation,Potassium,is monitored by,Monitoring,[inferred] cluster completion,revise,4.4,Potassium,hasMonitoringData,Monitoring,"The relation 'is monitored by' should be replaced with 'hasMonitoringData' as Potassium is a monitoring parameter, not a monitoring method.",0.9,The relation 'is monitored by' should be 'hasMonitoringData' as Potassium is a monitoring parameter.,1.0,
324,relation,Sodium,hasMonitoringData,Monitoring,[inferred] cluster completion,revise,4.9,Sodium,subClassOf,Biochemistry,The relation 'hasMonitoringData' should be 'subClassOf' since Sodium is an analyte and falls under the Biochemistry panel as per the preamble.,0.9,"Sodium→Biochemistry is the analyte→panel subclass pattern in the preamble, so relation should be subClassOf.",1.0,
325,relation,Clinical Assessment,has outcome,Coma,[inferred] cluster completion,accept_direct,,,,,Clinical Assessment hasOutcome Coma is valid as Coma is a recognized outcome of clinical assessments in neurointensive care.,0.9,,,
326,relation,Extra Ventricular Drain Placement,hasMonitoringData,Laboratory Values,[inferred] cluster completion,revise,4.4,Extra Ventricular Drain Placement,isMonitoredBy,Monitoring Data,"The relation 'hasMonitoringData' is incorrect; 'Extra Ventricular Drain Placement' should be associated with specific monitoring parameters instead of 'Laboratory Values', which are analytes.",0.85,"Extra Ventricular Drain Placement should be associated with monitoring parameters, hence the relation should be isMonitoredBy instead of hasMonitoringData.",0.9,
327,relation,Laboratory Values,is associated with,Routine Nursing Care,[inferred] cluster completion,accept_indirect,,,,,"Laboratory Values is associated with Routine Nursing Care indirectly through the context of patient management in the ICU, where lab tests inform nursing interventions.",0.7,,,low_evidence
328,relation,Nursing Intervention,hasNursingIntervention,Intensive Care Management,[inferred] cluster completion,accept_direct,,,,,"Nursing Intervention is a subclass of Therapy, and Intensive Care Management is a valid context for such interventions, making the relationship valid directly.",0.9,,,
329,relation,Routine Nursing Care,is associated with,Clinical Assessment,[inferred] cluster completion,accept_direct,,,,,Routine Nursing Care is associated with Clinical Assessment as both are valid classes within neurointensive care practices.,0.9,,,
330,relation,Session,has timepoint,Laboratory Values,[inferred] cluster completion,accept_indirect,,,,,The relationship 'Session has timepoint Laboratory Values' is valid through 'Session hasMonitoringData Monitoring Data' and 'Monitoring Data hasLaboratoryValue Laboratory Values'.,0.7,,,low_evidence
331,relation,Cerebral Perfusion Pressure (CPP),is a risk factor for,Traumatic Intracranial Hypertension,[inferred] cluster completion,accept_direct,,,,,Cerebral Perfusion Pressure (CPP) is a risk factor for Traumatic Intracranial Hypertension as both are clinically relevant concepts in neurointensive care.,0.9,,,
332,relation,Intracranial Hypertension,worsens,Cerebral Perfusion Pressure (CPP),[inferred] cluster completion,accept_direct,,,,,"Intracranial Hypertension worsens Cerebral Perfusion Pressure (CPP) is clinically valid as elevated ICP negatively impacts CPP, directly linking the two conditions.",0.95,,,
333,relation,Intracranial Pressure (ICP),is influenced by,Mean Cerebral Perfusion Pressure,[inferred] cluster completion,accept_direct,,,,,"Intracranial Pressure (ICP) is influenced by Mean Cerebral Perfusion Pressure, which is a valid relationship in neurointensive care.",0.95,,,
334,relation,Mean Cerebral Perfusion Pressure,calculates,Intracranial Pressure (ICP),[inferred] cluster completion,accept_indirect,,,,,"Mean Cerebral Perfusion Pressure calculates from MAP and ICP, thus indirectly relates to Intracranial Pressure through the calculation process.",0.85,,,
335,relation,Mean Intracranial Pressure,is a condition of,Intracranial Hypertension,[inferred] cluster completion,accept_direct,,,,,Mean Intracranial Pressure is a measurable parameter that directly relates to Intracranial Hypertension as it indicates elevated pressure within the skull.,0.9,,,
336,relation,Traumatic Intracranial Hypertension,affects outcome,Intracranial Hypertension,[inferred] cluster completion,accept_indirect,,,,,Traumatic Intracranial Hypertension affects outcome via the path: Traumatic Intracranial Hypertension → isAConditionOf → Intracranial Hypertension → affectsOutcome → Outcome.,0.85,,,
337,relation,Carbon Dioxide,is monitored by,End-tidal Carbon Dioxide,[inferred] cluster completion,accept_direct,,,,,"Carbon Dioxide is monitored by End-tidal Carbon Dioxide as it is a measurement of the concentration of carbon dioxide in exhaled air, directly assessing respiratory function.",0.95,,,
338,relation,Carbon Dioxide,has laboratory value,Partial Pressure of Carbon Dioxide,[inferred] cluster completion,revise,4.9,Carbon Dioxide,subClassOf,Partial Pressure of Carbon Dioxide,Carbon Dioxide is an analyte and Partial Pressure of Carbon Dioxide is a panel; the relation should be subClassOf instead of has laboratory value.,0.9,"Carbon Dioxide→Partial Pressure of Carbon Dioxide is the analyte→panel subclass pattern in the preamble, so relation should be subClassOf.",1.0,
339,relation,End-tidal Carbon Dioxide,assesses,Carbon Dioxide,[inferred] cluster completion,accept_direct,,,,,"End-tidal Carbon Dioxide assesses Carbon Dioxide as it measures the concentration of CO2 in exhaled air, directly relating the two classes.",0.95,,,
340,relation,Partial Pressure of Carbon Dioxide,is associated with,Carbon Dioxide,[inferred] cluster completion,accept_indirect,,,,,"Partial Pressure of Carbon Dioxide is associated with Carbon Dioxide via the relationship of measuring respiratory function, linking them through the concept of physiological monitoring.",0.85,,,
341,hierarchy,Decompressive Craniectomy,subClassOf,Surgical Procedure,Decompressive craniectomy (DC) is a surgical technique originally described by Kocher in 1901.,accept_direct,,,,,"Decompressive Craniectomy is listed as a valid subclass of Surgical Procedure in the preamble; thus, the subclass relationship is valid.",1.0,,,
342,hierarchy,Secondary Insult,subClassOf,Insult,One of the most critical types of systemic secondary insult is arterial hypotension.,accept_direct,,,,,"The preamble states that 'Secondary Insult' is a valid subclass of 'Insult', confirming the hierarchy relationship directly.",1.0,,,
343,hierarchy,Secondary Insult,subClassOf,Condition,[inferred] Secondary Insult is a subclass of Condition (deterministic hierarchy checklist).,accept_direct,,,,,Secondary Insult is explicitly listed as a subclass of Condition in the preamble; the relationship holds directly.,1.0,,,
344,hierarchy,Core Monitoring Parameter,subClassOf,Monitoring Data,[inferred] Chain-of-Layer: Core Monitoring Parameter is organized under Monitoring Data,accept_direct,,,,,"Core Monitoring Parameter is explicitly listed as a subclass of Monitoring Data in the preamble; thus, the relationship is valid.",1.0,,,
345,hierarchy,Heart Rate,subClassOf,Core Monitoring Parameter,[inferred] Chain-of-Layer: Heart Rate is organized under Core Monitoring Parameter,accept_direct,,,,,"Heart Rate is explicitly listed as a subclass of Core Monitoring Parameter in the preamble; thus, the subclass relationship is valid.",1.0,,,
346,hierarchy,Mean Arterial Pressure (MAP),subClassOf,Core Monitoring Parameter,[inferred] Chain-of-Layer: Mean Arterial Pressure (MAP) is organized under Core Monitoring Parameter,accept_direct,,,,,Mean Arterial Pressure (MAP) is explicitly listed as a subclass of Core Monitoring Parameter in the preamble.,1.0,,,
347,hierarchy,Mean Intracranial Pressure,subClassOf,Core Monitoring Parameter,[inferred] Chain-of-Layer: Mean Intracranial Pressure is organized under Core Monitoring Parameter,accept_direct,,,,,Mean Intracranial Pressure is a valid subclass of Core Monitoring Parameter as per the preamble's hierarchy.,1.0,,,
348,hierarchy,Mean Cerebral Perfusion Pressure,subClassOf,Core Monitoring Parameter,[inferred] Chain-of-Layer: Mean Cerebral Perfusion Pressure is organized under Core Monitoring Parameter,accept_direct,,,,,Mean Cerebral Perfusion Pressure is listed as a subclass of Core Monitoring Parameter in the preamble.,1.0,,,
349,hierarchy,Pressure Reactivity Index (PRx),subClassOf,Core Monitoring Parameter,[inferred] Chain-of-Layer: Pressure Reactivity Index (PRx) is organized under Core Monitoring Parameter,accept_direct,,,,,Pressure Reactivity Index (PRx) is listed as a subclass of Core Monitoring Parameter in the preamble; hence the relationship is valid.,1.0,,,
350,hierarchy,Monitoring Time,subClassOf,Monitoring Data,[inferred] Chain-of-Layer: Monitoring Time is organized under Monitoring Data,accept_direct,,,,,Monitoring Time is a valid subclass of Monitoring Data as per the preamble's hierarchy of monitoring concepts.,1.0,,,
351,hierarchy,Baseline Therapy,subClassOf,Therapy,[inferred] Chain-of-Layer: Baseline Therapy is organized under Therapy,accept_direct,,,,,"Baseline Therapy is listed as a valid subclass of Therapy in the preamble, confirming the subclass relationship directly.",1.0,,,
352,hierarchy,Barbiturates,subClassOf,Secondary Insult Therapy,[inferred] Chain-of-Layer: Barbiturates is organized under Baseline Therapy,accept_direct,,,,,"Barbiturates is listed as a valid subclass of Secondary Insult Therapy in the preamble; thus, the subclass relationship holds directly.",1.0,,,
353,hierarchy,Traumatic Brain Injury,subClassOf,Condition,[inferred] Chain-of-Layer: Traumatic Brain Injury is organized under Condition,accept_direct,,,,,"Traumatic Brain Injury is listed as a valid subclass of Condition in the preamble; thus, the subclass relationship holds directly.",1.0,,,
354,hierarchy,Sepsis,subClassOf,Condition,[inferred] Chain-of-Layer: Sepsis is organized under Condition,accept_direct,,,,,"Sepsis is listed as a valid subclass of Condition in the preamble; thus, the subclass relationship holds directly.",1.0,,,
355,hierarchy,GCS Assessment,subClassOf,Clinical Assessment,[inferred] Chain-of-Layer: GCS Assessment is organized under Outcome,accept_direct,,,,,"GCS Assessment is explicitly listed as a subclass of Clinical Assessment in the preamble; thus, the subclass relationship holds directly.",1.0,,,
356,hierarchy,Guideline Adherence,subClassOf,Guideline,[inferred] Chain-of-Layer: Guideline Adherence is organized under Guideline,reject,,,,,Guideline Adherence is not a subclass of Guideline; they represent different concepts in clinical practice and do not hold a subclass relationship.,0.9,,,
357,hierarchy,Haematocrit,subClassOf,Haematology,the physiological vital functions are extensively monitored.,accept_direct,,,,,Haematocrit is listed as a valid subclass of Haematology in the preamble; the relationship is correctly classified as subClassOf.,1.0,,,
358,hierarchy,TCD,subClassOf,Optional Monitoring Parameter,the physiological vital functions are extensively monitored.,accept_direct,,,,,TCD subClassOf Optional Monitoring Parameter is directly supported by the preamble's classification of monitoring parameters.,1.0,,,
359,hierarchy,Optional Monitoring Parameter,subClassOf,Monitoring Data,the physiological vital functions are extensively monitored.,accept_direct,,,,,Optional Monitoring Parameter is listed as a valid subclass of Monitoring Data in the preamble.,1.0,,,
360,hierarchy,Intracranial Pressure (ICP),subClassOf,Core Monitoring Parameter,the physiological vital functions are extensively monitored.,accept_direct,,,,,Intracranial Pressure (ICP) is explicitly listed as a subclass of Core Monitoring Parameter in the preamble.,1.0,,,
361,hierarchy,Removal of Foreign Body,subClassOf,Surgical Procedure,the physiological vital functions are extensively monitored.,accept_direct,,,,,"Removal of Foreign Body is listed as a valid subclass of Surgical Procedure in the preamble; thus, the relation is correctly subClassOf.",1.0,,,
362,hierarchy,Peripheral Temperature,subClassOf,Optional Monitoring Parameter,the physiological vital functions are extensively monitored.,accept_direct,,,,,Peripheral Temperature is listed as a valid subclass of Optional Monitoring Parameter in the preamble; the relation is correctly subClassOf.,1.0,,,
363,hierarchy,Sodium,subClassOf,Biochemistry,the physiological vital functions are extensively monitored.,accept_direct,,,,,Sodium subClassOf Biochemistry is the analyte→panel subclass pattern listed in the preamble; relation should be subClassOf.,0.95,,,
364,hierarchy,Fluids,subClassOf,Baseline Therapy,the physiological vital functions are extensively monitored.,accept_direct,,,,,"Fluids is listed as a valid subclass of Baseline Therapy in the preamble; thus, the subclass relationship holds directly.",1.0,,,
365,hierarchy,Extra Ventricular Drain Placement,subClassOf,Surgical Procedure,the physiological vital functions are extensively monitored.,accept_direct,,,,,Extra Ventricular Drain Placement is a valid subclass of Surgical Procedure as per the preamble's classification of surgical procedures.,1.0,,,
366,hierarchy,EtCO2,subClassOf,Optional Monitoring Parameter,the physiological vital functions are extensively monitored.,accept_direct,,,,,EtCO2 is listed as a valid subclass of Optional Monitoring Parameter in the preamble.,1.0,,,
367,hierarchy,SjO2,subClassOf,Optional Monitoring Parameter,the physiological vital functions are extensively monitored.,accept_direct,,,,,SjO2 is listed as a valid subclass of Optional Monitoring Parameter in the preamble; the relationship holds directly.,1.0,,,
368,hierarchy,Blood Gases,subClassOf,Laboratory Values,the physiological vital functions are extensively monitored.,accept_direct,,,,,Blood Gases is listed as a valid subclass of Laboratory Values in the preamble; the relation is correctly subClassOf.,1.0,,,
369,hierarchy,Haemoglobin,subClassOf,Haematology,the physiological vital functions are extensively monitored.,accept_direct,,,,,Haemoglobin is a valid subclass of Haematology as per the preamble's classification of analytes under their respective panels.,0.95,,,
370,hierarchy,Glucose,subClassOf,Biochemistry,the physiological vital functions are extensively monitored.,accept_direct,,,,,"Glucose is a valid subclass of Biochemistry as analytes are subclasses of their parent panel, which is explicitly stated in the preamble.",1.0,,,
371,hierarchy,Anterior Fossa Repair,subClassOf,Surgical Procedure,the physiological vital functions are extensively monitored.,accept_direct,,,,,"Anterior Fossa Repair is listed as a valid subclass of Surgical Procedure in the preamble; thus, the subclass relationship holds directly.",1.0,,,
372,hierarchy,Secondary Insult Treatment,subClassOf,Secondary Insult Therapy,the physiological vital functions are extensively monitored.,accept_direct,,,,,Secondary Insult Treatment is a subclass of Secondary Insult Therapy as per the preamble's hierarchy for therapy classifications.,1.0,,,
373,hierarchy,NIBP,subClassOf,Optional Monitoring Parameter,the physiological vital functions are extensively monitored.,accept_direct,,,,,"NIBP is listed as a valid subclass of Optional Monitoring Parameter in the preamble; thus, the subclass relationship holds directly.",1.0,,,
374,hierarchy,Haematology,subClassOf,Laboratory Values,the physiological vital functions are extensively monitored.,accept_direct,,,,,Haematology is a valid subclass of Laboratory Values as per the preamble's classification of analytes and panels.,1.0,,,
375,hierarchy,Sedation,subClassOf,Baseline Therapy,the physiological vital functions are extensively monitored.,accept_direct,,,,,"Sedation is listed as a valid subclass of Baseline Therapy in the preamble; thus, the subclass relationship is correct.",1.0,,,
376,hierarchy,CT Scan Assessment,subClassOf,Clinical Assessment,the physiological vital functions are extensively monitored.,accept_direct,,,,,"CT Scan Assessment is listed as a subclass of Clinical Assessment in the preamble; thus, the relationship is valid as subClassOf.",1.0,,,
377,hierarchy,Cardiac Output,subClassOf,Optional Monitoring Parameter,Domain-scope scaffolding: Cardiac Output is a known subclass of Optional Monitoring Parameter in the BrainIT domain.,accept_direct,,,,,"Cardiac Output is explicitly listed as a subclass of Optional Monitoring Parameter in the preamble; thus, the relation is valid as subClassOf.",1.0,,,
378,hierarchy,Nutrition,subClassOf,Baseline Therapy,Domain-scope scaffolding: Nutrition is a known subclass of Baseline Therapy in the BrainIT domain.,accept_direct,,,,,"Nutrition is explicitly listed as a valid subclass of Baseline Therapy in the preamble; thus, the relationship holds directly.",1.0,,,
379,hierarchy,Pupil Assessment,subClassOf,Clinical Assessment,Domain-scope scaffolding: Pupil Assessment is a known subclass of Clinical Assessment in the BrainIT domain.,accept_direct,,,,,"Pupil Assessment is explicitly listed as a subclass of Clinical Assessment in the preamble; thus, the relationship holds directly.",1.0,,,
380,hierarchy,Potassium,subClassOf,Biochemistry,Domain-scope scaffolding: Potassium is a known subclass of Biochemistry in the BrainIT domain.,accept_direct,,,,,Potassium is a valid subclass of Biochemistry as stated in the preamble; the relationship holds directly.,1.0,,,
381,hierarchy,Possible Error,subClassOf,Data Quality Assessment,Domain-scope scaffolding: Possible Error is a known subclass of Data Quality Assessment in the BrainIT domain.,accept_direct,,,,,Possible Error is explicitly listed as a valid subclass of Data Quality Assessment in the preamble.,1.0,,,
382,hierarchy,Biochemistry,subClassOf,Laboratory Values,Schema-inferred: Biochemistry is a subclass of Laboratory Values.,accept_direct,,,,,"Biochemistry is listed as a subclass of Laboratory Values in the preamble, confirming the direct subclass relationship.",1.0,,,
383,hierarchy,Arterial Pressors,subClassOf,Secondary Insult Therapy,Schema-inferred: Arterial Pressors is a subclass of Secondary Insult Therapy.,accept_direct,,,,,"Arterial Pressors is listed as a valid subclass of Secondary Insult Therapy in the preamble; thus, the subclass relationship holds directly.",1.0,,,
384,hierarchy,Secondary Insult Therapy,subClassOf,Therapy,Schema-inferred: Secondary Insult Therapy is a subclass of Therapy.,accept_direct,,,,,"The preamble explicitly states that 'Secondary Insult Therapy' is a subclass of 'Therapy', confirming the hierarchy relationship directly.",1.0,,,
385,hierarchy,Intracranial Hypertension,subClassOf,Secondary Insult,Schema-inferred: Intracranial Hypertension is a subclass of Secondary Insult.,accept_direct,,,,,"Intracranial Hypertension is explicitly listed as a subclass of Secondary Insult in the preamble, confirming the direct subclass relationship.",1.0,,,
386,hierarchy,Jugular Venous Desaturation,subClassOf,Secondary Insult,Schema-inferred: Jugular Venous Desaturation is a subclass of Secondary Insult.,accept_direct,,,,,"Jugular Venous Desaturation is listed as a subclass of Secondary Insult in the preamble, confirming the hierarchical relationship.",1.0,,,
387,hierarchy,GOSe Outcome,subClassOf,Outcome,Schema-inferred: GOSe Outcome is a subclass of Outcome.,accept_direct,,,,,GOSe Outcome is listed as a subclass of Outcome in the preamble; the relationship holds directly.,1.0,,,
388,hierarchy,CVP,subClassOf,Optional Monitoring Parameter,Schema-inferred: Central Venous Pressure is a subclass of Optional Monitoring Parameter.,accept_direct,,,,,"CVP is listed as a subclass of Optional Monitoring Parameter in the preamble; thus, the relationship holds directly.",1.0,,,
389,hierarchy,Acute Respiratory Distress Syndrome,subClassOf,Secondary Insult,Schema-inferred: Acute Respiratory Distress Syndrome is a subclass of Secondary Insult.,accept_direct,,,,,"Acute Respiratory Distress Syndrome is listed as a valid subclass of Secondary Insult in the preamble; thus, the relationship holds directly.",1.0,,,
390,hierarchy,Traumatic Brain Injury,subClassOf,Brain Injury,Traumatic brain injury (TBI) is a leading cause of death and long-term disability worldwide.,accept_direct,,,,,Traumatic Brain Injury is a subclass of Brain Injury as stated in the preamble; this relationship is directly supported.,1.0,,,
391,hierarchy,Arterial Hypotension,subClassOf,Secondary Insult,[inferred] Arterial Hypotension is a subclass of Secondary Insult (deterministic hierarchy checklist).,accept_direct,,,,,"Arterial Hypotension is listed as a subclass of Secondary Insult in the preamble; thus, the relationship is valid and direct.",1.0,,,
392,hierarchy,Brain Injury,subClassOf,Condition,[inferred] Chain-of-Layer: Brain Injury is organized under Condition,accept_direct,,,,,"Brain Injury is listed as a valid subclass of Condition in the preamble, confirming the subclass relationship directly.",1.0,,,
393,hierarchy,Secondary Brain Injury,subClassOf,Brain Injury,[inferred] Chain-of-Layer: Secondary Brain Injury is organized under Brain Injury,accept_direct,,,,,"Secondary Brain Injury is listed as a valid subclass of Brain Injury in the preamble; thus, the subclass relationship is correct.",1.0,,,
394,hierarchy,Cerebrovascular Autoregulation,subClassOf,Secondary Insult,[inferred] Chain-of-Layer: Cerebrovascular Autoregulation is organized under Secondary Insult,accept_direct,,,,,"Cerebrovascular Autoregulation subClassOf Secondary Insult is directly supported by the preamble, which lists Secondary Insult as encompassing secondary complications.",0.95,,,
395,hierarchy,Adverse Event,subClassOf,Condition,[inferred] Chain-of-Layer: Adverse Event is organized under Condition,accept_direct,,,,,"Adverse Event subClassOf Condition is supported by the preamble, which lists Adverse Event as a valid subclass of Condition.",1.0,,,
396,hierarchy,Heart Rate,subClassOf,Physiological Data,[inferred] Chain-of-Layer: Heart Rate is organized under Physiological Data,accept_direct,,,,,"Heart Rate is listed as a subclass of Physiological Data in the preamble; thus, the relationship holds directly.",1.0,,,
397,hierarchy,Mean Arterial Pressure (MAP),subClassOf,Physiological Data,[inferred] Chain-of-Layer: Mean Arterial Pressure (MAP) is organized under Physiological Data,accept_direct,,,,,"Mean Arterial Pressure (MAP) is listed as a subclass of Physiological Data in the preamble; thus, the subclass relationship is valid.",1.0,,,
398,hierarchy,Intracranial Pressure (ICP),subClassOf,Physiological Data,[inferred] Chain-of-Layer: ICP is organized under Physiological Data,accept_direct,,,,,Intracranial Pressure (ICP) is explicitly listed as a subclass of Physiological Data in the preamble.,1.0,,,
399,hierarchy,Cerebral Perfusion Pressure (CPP),subClassOf,Physiological Data,[inferred] Chain-of-Layer: CPP is organized under Physiological Data,accept_direct,,,,,"Cerebral Perfusion Pressure (CPP) is listed as a subclass of Physiological Data in the preamble; thus, the relationship holds directly.",1.0,,,
400,hierarchy,Carbon Dioxide,subClassOf,Physiological Data,[inferred] Chain-of-Layer: Carbon Dioxide is organized under Physiological Data,accept_direct,,,,,Carbon Dioxide is a valid subclass of Physiological Data as per the preamble's classification of physiological parameters.,1.0,,,
401,hierarchy,PbrO2,subClassOf,Physiological Data,[inferred] Chain-of-Layer: Pbro2 is organized under Physiological Data,accept_direct,,,,,PbrO2 is listed as a subclass of Physiological Data in the preamble; the relationship is direct and valid.,1.0,,,
402,hierarchy,Partial Pressure of Brain Tissue Oxygen,subClassOf,Physiological Data,[inferred] Chain-of-Layer: Partial Pressure of Brain Tissue Oxygen is organized under Physiological Data,accept_direct,,,,,"Partial Pressure of Brain Tissue Oxygen is a subclass of Physiological Data, as per the preamble's classification of physiological parameters.",1.0,,,
403,hierarchy,Partial Pressure of Carbon Dioxide,subClassOf,Physiological Data,[inferred] Chain-of-Layer: Partial Pressure of Carbon Dioxide is organized under Physiological Data,accept_direct,,,,,Partial Pressure of Carbon Dioxide is a valid subclass of Physiological Data as per the preamble's classification of physiological parameters.,0.95,,,
404,hierarchy,Patient Interventions,subClassOf,Therapy,[inferred] Chain-of-Layer: Patient Interventions is organized under Therapy,accept_direct,,,,,Patient Interventions is explicitly listed as a valid subclass of Therapy in the preamble.,1.0,,,
405,hierarchy,Guideline Adherence,subClassOf,Clinical Practice,[inferred] Chain-of-Layer: Guideline Adherence is organized under Clinical Practice,accept_direct,,,,,"Guideline Adherence is explicitly listed as a subclass of Clinical Practice in the preamble, confirming the subclass relationship.",1.0,,,
406,hierarchy,Clinical Reminders,subClassOf,Clinical Practice,[inferred] Chain-of-Layer: Clinical Reminders is organized under Clinical Practice,accept_direct,,,,,"Clinical Reminders subClassOf Clinical Practice is directly supported by the preamble, which lists Clinical Reminders as part of Clinical Practice.",1.0,,,
407,hierarchy,Outcome Score,subClassOf,Outcome,[inferred] Chain-of-Layer: Outcome Score is organized under Outcome,accept_direct,,,,,"Outcome Score is explicitly listed as a subclass of Outcome in the preamble, confirming the subclass relationship.",1.0,,,
408,hierarchy,Mortality,subClassOf,Outcome,[inferred] Mortality is a subclass of Outcome (deterministic hierarchy checklist).,accept_direct,,,,,Mortality is explicitly listed as a subclass of Outcome in the preamble.,1.0,,,
409,hierarchy,Pressure Reactivity Index (PRx),subClassOf,Derived Parameter,derived index reflecting cerebrovascular pressure reactivity,accept_direct,,,,,Pressure Reactivity Index (PRx) is listed as a subclass of Derived Parameter in the preamble; the relationship holds directly.,1.0,,,
410,hierarchy,Physiotherapy,subClassOf,Nursing Intervention,[inferred] Physiotherapy is a subclass of Nursing Intervention.,accept_direct,,,,,"Physiotherapy is listed as a valid subclass of Nursing Intervention in the preamble; thus, the relationship holds directly.",1.0,,,
411,hierarchy,ICP Sensor Placement,subClassOf,Surgical Procedure,placement of ICP monitoring sensor,accept_direct,,,,,"ICP Sensor Placement is listed as a valid subclass of Surgical Procedure in the preamble; thus, the subclass relationship is correctly established.",1.0,,,
412,hierarchy,White Blood Cell Count,subClassOf,Haematology,[inferred] White Blood Cell Count is a subclass of Haematology.,accept_direct,,,,,White Blood Cell Count is a valid subclass of Haematology as per the preamble's classification of analytes under their respective panels.,0.95,,,
413,hierarchy,Analgesia,subClassOf,Baseline Therapy,[inferred] Analgesia is a subclass of Baseline Therapy.,accept_direct,,,,,"Analgesia is explicitly listed as a valid subclass of Baseline Therapy in the preamble, confirming the subclass relationship.",1.0,,,
414,hierarchy,Noradrenaline,subClassOf,Vasopressors,[inferred] Noradrenaline is a subclass of Vasopressors.,accept_direct,,,,,Noradrenaline is listed as a valid subclass of Vasopressors in the preamble; the relationship holds directly.,1.0,,,
415,hierarchy,Anti-pyretics,subClassOf,Baseline Therapy,[inferred] Anti-pyretics is a subclass of Baseline Therapy.,accept_direct,,,,,"Anti-pyretics is listed as a valid subclass of Baseline Therapy in the preamble; thus, the hierarchy is correct.",1.0,,,
416,hierarchy,Paralysis,subClassOf,Baseline Therapy,[inferred] Paralysis is a subclass of Baseline Therapy.,accept_direct,,,,,"Paralysis is explicitly listed as a subclass of Baseline Therapy in the preamble; thus, the relationship holds directly.",1.0,,,
417,hierarchy,Anti-hypertensives,subClassOf,Baseline Therapy,[inferred] Anti-hypertensives is a subclass of Baseline Therapy.,accept_direct,,,,,"Anti-hypertensives subClassOf Baseline Therapy is directly supported by the preamble, which lists Anti-hypertensives as a valid subclass of Baseline Therapy.",1.0,,,
418,hierarchy,Osmotics,subClassOf,Secondary Insult Therapy,[inferred] Osmotics is a subclass of Secondary Insult Therapy.,accept_direct,,,,,"Osmotics is explicitly listed as a subclass of Secondary Insult Therapy in the preamble; therefore, the relationship holds directly.",1.0,,,
419,hierarchy,Skull Fracture Elevation,subClassOf,Surgical Procedure,[inferred] Skull Fracture Elevation is a subclass of Surgical Procedure.,accept_direct,,,,,Skull Fracture Elevation is explicitly listed as a subclass of Surgical Procedure in the preamble.,1.0,,,
420,hierarchy,Cerebral Perfusion Pressure (CPP),subClassOf,Derived Parameter,Cerebral Perfusion Pressure (CPP) management,accept_direct,,,,,"Cerebral Perfusion Pressure (CPP) is listed as a subclass of Derived Parameter in the preamble, confirming the subclass relationship.",1.0,,,
421,hierarchy,Patient Transport,subClassOf,Nursing Intervention,[inferred] Patient Transport is a subclass of Nursing Intervention.,accept_direct,,,,,"Patient Transport is listed as a valid subclass of Nursing Intervention in the preamble, confirming the hierarchy relationship directly.",1.0,,,
422,hierarchy,Systemic Hypotension,subClassOf,Secondary Insult,[inferred] Systemic Hypotension is a subclass of Secondary Insult.,accept_direct,,,,,"Systemic Hypotension is explicitly listed as a subclass of Secondary Insult in the preamble; thus, the relationship holds directly.",1.0,,,
423,hierarchy,Ventilation,subClassOf,Baseline Therapy,[inferred] Ventilation is a subclass of Baseline Therapy.,accept_direct,,,,,"Ventilation is listed as a subclass of Baseline Therapy in the preamble, confirming the direct subclass relationship.",1.0,,,
424,hierarchy,Routine Nursing Care,subClassOf,Nursing Intervention,routine nursing care,accept_direct,,,,,"Routine Nursing Care is listed as a subclass of Nursing Intervention in the preamble; thus, the relation is valid as subClassOf.",1.0,,,
425,hierarchy,Antibiotics,subClassOf,Baseline Therapy,[inferred] Antibiotics is a subclass of Baseline Therapy.,accept_direct,,,,,"Antibiotics is explicitly listed as a subclass of Baseline Therapy in the preamble, confirming the hierarchy relationship.",1.0,,,
426,hierarchy,Hypotension,subClassOf,Secondary Insult,Hypotension is a recognized secondary insult after traumatic brain injury (TBI).,accept_direct,,,,,"Hypotension is listed as a valid subclass of Secondary Insult in the preamble; thus, the subclass relationship holds directly.",1.0,,,
427,hierarchy,Steroids,subClassOf,Secondary Insult Therapy,Domain-scope scaffolding: Steroids is a known subclass of Secondary Insult Therapy in the BrainIT domain.,accept_direct,,,,,"Steroids is explicitly listed as a valid subclass of Secondary Insult Therapy in the preamble; thus, the subclass relationship holds directly.",1.0,,,
428,hierarchy,Arterial Hypotension,subClassOf,Systemic Hypotension,Schema-inferred: Arterial Hypotension is a subclass of Systemic Hypotension.,accept_direct,,,,,Arterial Hypotension is listed as a subclass of Systemic Hypotension in the preamble; the relation is correctly subClassOf.,1.0,,,
429,hierarchy,PbrO2,subClassOf,Optional Monitoring Parameter,Schema-inferred: Brain Tissue Oxygen is a subclass of Optional Monitoring Parameter.,accept_direct,,,,,"PbrO2 is listed as a subclass of Optional Monitoring Parameter in the preamble; thus, the relationship holds directly.",1.0,,,
430,hierarchy,Electrocardiogram (ECG),subClassOf,Monitoring Data,"Minute by minute monitoring data This is the minimum minute by minute monitoring data required for inclusion in the Brain Monitoring with Information Technology (BrainIT) Database and include: Heart Rate (specifying source: Electrocardiogram (ECG) or Pulse Oximetry), Respiration Rate (sources: impedance plethmography or ventilator), Mean Arterial Pressure, mean Intracranial Pressure (ICP), Pulse Oximetry (SaO2) and Temperature (sources: rectal=oesophageal= bladder=skin.) I.",accept_direct,,,,,Electrocardiogram (ECG) is explicitly listed as a subclass of Monitoring Data in the preamble; the relationship is direct and valid.,1.0,,,
431,hierarchy,Respiration Rate,subClassOf,Core Monitoring Parameter,"Minute by minute monitoring data This is the minimum minute by minute monitoring data required for inclusion in the Brain Monitoring with Information Technology (BrainIT) Database and include: Heart Rate (specifying source: Electrocardiogram (ECG) or Pulse Oximetry), Respiration Rate (sources: impedance plethmography or ventilator), Mean Arterial Pressure, mean Intracranial Pressure (ICP), Pulse Oximetry (SaO2) and Temperature (sources: rectal=oesophageal= bladder=skin.) I.",accept_direct,,,,,Respiration Rate is listed as a Core Monitoring Parameter in the preamble; the subclass relationship holds directly.,1.0,,,
432,hierarchy,Mean Arterial Pressure (MAP),subClassOf,Monitoring Data,"Minute by minute monitoring data This is the minimum minute by minute monitoring data required for inclusion in the Brain Monitoring with Information Technology (BrainIT) Database and include: Heart Rate (specifying source: Electrocardiogram (ECG) or Pulse Oximetry), Respiration Rate (sources: impedance plethmography or ventilator), Mean Arterial Pressure, mean Intracranial Pressure (ICP), Pulse Oximetry (SaO2) and Temperature (sources: rectal=oesophageal= bladder=skin.) I.",accept_direct,,,,,"Mean Arterial Pressure (MAP) subClassOf Monitoring Data is directly supported by the preamble, which classifies MAP as a monitored physiological parameter.",1.0,,,
433,hierarchy,SaO2,subClassOf,Monitoring Data,"Minute by minute monitoring data This is the minimum minute by minute monitoring data required for inclusion in the Brain Monitoring with Information Technology (BrainIT) Database and include: Heart Rate (specifying source: Electrocardiogram (ECG) or Pulse Oximetry), Respiration Rate (sources: impedance plethmography or ventilator), Mean Arterial Pressure, mean Intracranial Pressure (ICP), Pulse Oximetry (SaO2) and Temperature (sources: rectal=oesophageal= bladder=skin.) I.",accept_direct,,,,,SaO2 is listed as a subclass of Monitoring Data in the preamble; the relationship is valid and direct.,1.0,,,
434,hierarchy,Temperature,subClassOf,Core Monitoring Parameter,"Minute by minute monitoring data This is the minimum minute by minute monitoring data required for inclusion in the Brain Monitoring with Information Technology (BrainIT) Database and include: Heart Rate (specifying source: Electrocardiogram (ECG) or Pulse Oximetry), Respiration Rate (sources: impedance plethmography or ventilator), Mean Arterial Pressure, mean Intracranial Pressure (ICP), Pulse Oximetry (SaO2) and Temperature (sources: rectal=oesophageal= bladder=skin.) I.",accept_direct,,,,,"Temperature is listed as a Core Monitoring Parameter in the preamble, confirming the subclass relationship directly.",1.0,,,
435,hierarchy,Reading,subClassOf,Observation,define pd:Reading as a subclass of ssn:ObservationValue,accept_direct,,,,,"Reading is explicitly listed as a subclass of Observation in the preamble, confirming the hierarchy relationship.",1.0,,,
436,hierarchy,Parameter,subClassOf,Observation,pd:Parameter (representing things that were recorded) as a subclass of ssn:Property,accept_direct,,,,,"Parameter subClassOf Observation is supported by the preamble, which defines Parameter as a physiological variable measured and recorded, fitting under Observation.",1.0,,,
437,hierarchy,Machine,subClassOf,Sensor,defined mms:Machine as a subclass of ssn:Platform,accept_direct,,,,,Machine is listed as a valid subclass of Sensor in the preamble; the relation is subClassOf.,1.0,,,
438,hierarchy,SaO2,subClassOf,Core Monitoring Parameter,[inferred] Chain-of-Layer: Sao2 is organized under Core Monitoring Parameter,accept_direct,,,,,"SaO2 is listed as a valid subclass of Core Monitoring Parameter in the preamble; thus, the relationship holds directly.",1.0,,,
439,hierarchy,Cerebral Perfusion Pressure (CPP),subClassOf,Core Monitoring Parameter,[inferred] Chain-of-Layer: Cerebral Perfusion Pressure (CPP) is organized under Core Monitoring Parameter,accept_direct,,,,,"Cerebral Perfusion Pressure (CPP) is listed as a subclass of Core Monitoring Parameter in the preamble; thus, the relationship is valid.",1.0,,,
440,hierarchy,CVP,subClassOf,Core Monitoring Parameter,[inferred] Chain-of-Layer: CVP is organized under Core Monitoring Parameter,accept_direct,,,,,"CVP is listed as a subclass of Core Monitoring Parameter in the preamble; thus, the relationship is valid and direct.",1.0,,,
441,hierarchy,Head Injury,subClassOf,Brain Injury,[inferred] Chain-of-Layer: Head Injury is organized under Brain Injury,accept_direct,,,,,"Head Injury subClassOf Brain Injury is directly supported by the preamble, which lists Head Injury as a valid subclass of Brain Injury.",1.0,,,
442,hierarchy,Neurological Injury,subClassOf,Brain Injury,[inferred] Chain-of-Layer: Neurological Injury is organized under Brain Injury,accept_direct,,,,,"Neurological Injury is listed as a subclass of Brain Injury in the preamble; thus, the relationship is valid as subClassOf.",1.0,,,
443,hierarchy,Coma,subClassOf,Brain Injury,[inferred] Chain-of-Layer: Coma is organized under Brain Injury,accept_direct,,,,,"Coma is listed as a subclass of Brain Injury in the preamble; thus, the subclass relationship holds directly.",1.0,,,
444,hierarchy,Hypertension,subClassOf,Secondary Insult,[inferred] Chain-of-Layer: Hypertension is organized under Secondary Insult,accept_direct,,,,,"Hypertension is classified as a subclass of Secondary Insult according to the preamble, which lists Hypertension under Secondary Insult.",1.0,,,
445,hierarchy,Sepsis,subClassOf,Secondary Insult,[inferred] Chain-of-Layer: Sepsis is organized under Secondary Insult,accept_direct,,,,,"Sepsis is listed as a valid subclass of Secondary Insult in the preamble; thus, the subclass relationship holds directly.",1.0,,,
446,hierarchy,Adrenaline,subClassOf,Therapy,[inferred] Chain-of-Layer: Adrenaline is organized under Therapy,accept_direct,,,,,"Adrenaline is listed as a valid subclass of Therapy in the preamble, confirming the subclass relationship directly.",1.0,,,
447,hierarchy,Noradrenaline,subClassOf,Therapy,[inferred] Chain-of-Layer: Noradrenaline is organized under Therapy,accept_direct,,,,,"Noradrenaline is listed as a valid subclass of Therapy in the preamble, confirming the subclass relationship directly.",1.0,,,
448,hierarchy,Derived Parameter,subClassOf,Monitoring Data,[inferred] Derived Parameter is a subclass of Monitoring Data.,accept_direct,,,,,Derived Parameter is explicitly listed as a subclass of Monitoring Data in the preamble.,1.0,,,
449,hierarchy,Probable Error,subClassOf,Data Quality Assessment,a reading outside its acceptable range with no contextual clinical explanation,accept_direct,,,,,Probable Error is a valid subclass of Data Quality Assessment as per the preamble's hierarchy of classes.,1.0,,,
450,hierarchy,Bedside Intervention,subClassOf,Nursing Intervention,"Line insertion/renewal, transducer calibration, x-ray",accept_direct,,,,,Bedside Intervention is explicitly listed as a valid subclass of Nursing Intervention in the preamble.,1.0,,,
451,hierarchy,Cerebral Perfusion Pressure (CPP),subClassOf,Parameter,Cerebral perfusion pressure (CPP 1/4 Blood Pressure (BP)-ICP) monitoring is a good example.,accept_direct,,,,,Cerebral Perfusion Pressure (CPP) is listed as a subclass of Parameter in the preamble; the relation is correctly subClassOf.,1.0,,,
452,hierarchy,Brain Temperature,subClassOf,Optional Monitoring Parameter,Domain-scope scaffolding: Brain Temperature is a known subclass of Optional Monitoring Parameter in the BrainIT domain.,accept_direct,,,,,"Brain Temperature is explicitly listed as a subclass of Optional Monitoring Parameter in the preamble; thus, the relationship is valid.",1.0,,,
453,hierarchy,Microdialysis,subClassOf,Optional Monitoring Parameter,Domain-scope scaffolding: Microdialysis is a known subclass of Optional Monitoring Parameter in the BrainIT domain.,accept_direct,,,,,Microdialysis is explicitly listed as a valid subclass of Optional Monitoring Parameter in the preamble.,1.0,,,
454,hierarchy,Evacuation of Mass Lesion,subClassOf,Surgical Procedure,Domain-scope scaffolding: Evacuation of Mass Lesion is a known subclass of Surgical Procedure in the BrainIT domain.,accept_direct,,,,,Evacuation of Mass Lesion is explicitly listed as a subclass of Surgical Procedure in the BrainIT domain context.,1.0,,,
455,hierarchy,Adrenaline,subClassOf,Vasopressors,Schema-inferred: Adrenaline is a subclass of Vasopressors.,accept_direct,,,,,"Adrenaline is listed as a valid subclass of Vasopressors in the preamble, confirming the hierarchical relationship directly.",1.0,,,
456,hierarchy,Extracranial Injury,subClassOf,Injuries,45.9% presented with an additional extracranial injury,accept_direct,,,,,"Extracranial Injury is a valid subclass of Injuries as it represents a specific type of physical damage resulting from external force or trauma, consistent with the preamble.",0.95,,,
457,hierarchy,Bedside Intervention,subClassOf,Nursing Intervention,[inferred] cluster completion,accept_direct,,,,,Bedside Intervention is explicitly listed as a valid subclass of Nursing Intervention in the preamble.,1.0,,,
458,hierarchy,Routine Nursing Care,subClassOf,Nursing Intervention,[inferred] cluster completion,accept_direct,,,,,"Routine Nursing Care is listed as a valid subclass of Nursing Intervention in the preamble; thus, the relation is correctly subClassOf.",1.0,,,
459,hierarchy,White Blood Cell Count,subClassOf,Haematology,[inferred] cluster completion,accept_direct,,,,,White Blood Cell Count is a valid subclass of Haematology as per the preamble's classification of analytes under their respective panels.,0.95,,,
460,hierarchy,Sodium,subClassOf,Biochemistry,[inferred] cluster completion,accept_direct,,,,,Sodium is a valid subclass of Biochemistry as analytes are subclasses of their respective panels according to the preamble.,1.0,,,
461,hierarchy,Haematocrit,subClassOf,Haematology,[inferred] cluster completion,accept_direct,,,,,Haematocrit is a valid subclass of Haematology as per the preamble's classification of analytes under their respective panels.,1.0,,,
462,hierarchy,Haematology,subClassOf,Laboratory Values,[inferred] cluster completion,accept_direct,,,,,"Haematology is listed as a valid subclass of Laboratory Values in the preamble; thus, the relation is correct as subClassOf.",1.0,,,
463,hierarchy,Haematocrit,subClassOf,Haematology,[inferred] cluster completion,accept_direct,,,,,"Haematocrit is listed as a valid subclass of Haematology in the preamble; therefore, the relation is correctly subClassOf.",1.0,,,
464,hierarchy,Haemoglobin,subClassOf,Haematology,[inferred] cluster completion,accept_direct,,,,,Haemoglobin is a valid subclass of Haematology as it is an analyte within the panel of laboratory values listed in the preamble.,0.95,,,
465,hierarchy,Potassium,subClassOf,Biochemistry,[inferred] cluster completion,accept_direct,,,,,"Potassium is a valid subclass of Biochemistry as it is an analyte within the biochemistry panel, as stated in the preamble.",0.9,,,
466,hierarchy,Sodium,subClassOf,Biochemistry,[inferred] cluster completion,accept_direct,,,,,Sodium subClassOf Biochemistry is the analyte→panel subclass pattern listed in the preamble; relation should be subClassOf.,1.0,,,
