triple_index,kind,subject,relation,object,evidence,verdict,revise_subtype,suggested_subject,suggested_relation,suggested_object,justification,confidence,stage_b_justification,stage_b_confidence,flags
0,relation,Decompressive Craniectomy,has outcome,Outcome,The outcome was captured at six months using the extended Glasgow Outcome Scale (GOSE).,accept_direct,,,,,Decompressive Craniectomy is a surgical procedure that directly relates to patient outcomes.,0.95,,,
1,relation,Traumatic Brain Injury,targets condition,ICP,one of the cornerstones of brain-protective strategies is to reduce and control intracranial pressure (ICP),accept_direct,,,,,Traumatic Brain Injury can directly influence ICP as part of neurological assessments.,0.85,,,
2,relation,Intracranial Hypertension,is associated with,Mortality,Uncontrollable intracranial hypertension is a major cause of death in patients with severe traumatic brain injury.,accept_direct,,,,,Intracranial Hypertension is directly associated with Mortality in TBI patients.,0.9,,,
3,relation,Intracranial Hypertension,targets condition,Decompressive Craniectomy,patients with intracranial hypertension treated conservatively were excluded.,reject,,,,,"The relationship 'targets condition' is not appropriate for the classes involved; decompressive craniectomy is a treatment, not a target for a condition.",0.85,,,
4,relation,GCS Assessment,assesses,Motor Impairment,The Glasgow Motors Score was used for assessing motor impairment.,accept_direct,,,,,GCS Assessment directly assesses Motor Impairment in brain injury patients.,0.85,,,
5,relation,Pupil Assessment,monitoring indicates condition,Motor Impairment,Pupil abnormalities were seen in 34.4% of our patients.,reject,,,,,The relationship 'monitoring indicates condition' does not hold between Pupil Assessment and Motor Impairment.,0.85,,,
6,relation,Secondary Insult,is associated with,Hypotension,"Hypoxia and arterial hypotension were found in 10.0% and 6.1%, respectively.",accept_direct,,,,,Secondary Insult is clinically associated with Hypotension in neurointensive care.,0.85,,,
7,relation,Traumatic Brain Injury,has outcome,Outcome,A more extensive description is provided in the Supplementary Appendix.,accept_direct,,,,,The relationship 'Traumatic Brain Injury has outcome Outcome' is semantically correct and directly applicable in the neurointensive care context.,0.9,,,
8,relation,Traumatic Brain Injury,is treated with,Decompressive Craniectomy,Decompressive craniectomy (DC) as a last-tier intervention,accept_direct,,,,,Decompressive craniectomy is a recognized treatment for traumatic brain injury.,0.9,,,
9,relation,Decompressive Craniectomy,is monitored by,ICP,Mean intracranial pressure (ICP) pre-Decompressive craniectomy (DC),accept_direct,,,,,Decompressive Craniectomy is a surgical procedure that is directly related to monitoring ICP.,0.85,,,
10,relation,ICP,is influenced by,CPP,Mean intracranial pressure (ICP)/Cerebral Perfusion Pressure (CPP),accept_direct,,,,,ICP directly influences CPP as both are critical parameters in neurological assessments.,0.95,,,
11,relation,Decompressive Craniectomy,is administered during,Barbiturates,Decompressive craniectomy (DC) + thiopental can be referring to barbiturate administration,accept_indirect,,,,,The relationship holds indirectly as decompressive craniectomy may involve barbiturate administration for sedation during the procedure.,0.7,,,low_evidence
12,relation,Decompressive Craniectomy,targets condition,Traumatic Intracranial Hypertension,Decompressive craniectomy (DC) in a patient-tailored combination with other second and third-tier therapies should maintain its place in the management of severe traumatic intracranial hypertension.,accept_direct,,,,,Decompressive craniectomy directly targets traumatic intracranial hypertension as a surgical intervention.,0.95,,,
13,relation,Decompressive Craniectomy,has clinical assessment,GOSe Outcome,outcome was only evaluated in terms of robust extended Glasgow Outcome Scores,reject,,,,,The relationship 'has clinical assessment' does not hold between a surgical procedure and an outcome measure directly.,0.85,,,
14,relation,Decompressive Craniectomy,reduces,Mean Intracranial Pressure,it effectively reduces Mean intracranial pressure (ICP),accept_direct,,,,,"Decompressive Craniectomy directly reduces Mean Intracranial Pressure, aligning with clinical understanding.",0.95,,,
15,relation,ICP,has monitoring data,Traumatic Brain Injury,The BESTIntracranial pressure (ICP) monitoring is still considered to provide important information to detect and prevent secondary injury after severe Traumatic brain injury (TBI).,accept_direct,,,,,ICP is a critical monitoring parameter relevant to Traumatic Brain Injury assessments.,0.85,,,
16,relation,Intracranial Hypertension,receives therapy,GOSe Outcome,"Intracranial pressures above 20 mmHg lasting longer than 37 min in adults, and longer than 8 min in children, are associated with worse outcomes.",reject,,,,,The relationship 'receives therapy' does not hold between a condition and an outcome directly.,0.85,,,
17,relation,CPP,has clinical assessment,Intracranial Hypertension,"When the cerebral perfusion pressure is below 50 mmHg, all intracranial pressure insults, regardless of duration, are associated with worse outcome.",reject,,,,,The relationship 'has clinical assessment' does not hold between CPP and Intracranial Hypertension.,0.85,,,
18,relation,ICP,has monitoring data,Monitoring Data,The BESTIntracranial pressure (ICP) and mean arterial blood pressure (MAP) monitoring data,accept_direct,,,,,"ICP is a specific type of Monitoring Data, making the relationship valid.",0.9,,,
19,relation,Monitoring Data,monitoring indicates condition,Condition,the percentage of monitoring time in the red zone during the first day only was a significant independent predictor of mortality,reject,,,,,The relationship 'monitoring indicates condition' is clinically implausible as monitoring data does not directly indicate a specific condition.,0.85,,,
20,relation,ICP,associated with condition,Condition,"when Cerebral Perfusion Pressure (CPP) was below 50 mmHg, almost all The BESTIntracranial pressure (ICP) insults were associated with worse outcome",reject,,,,,"The relationship 'ICP associated with Condition' is incorrect as ICP is a parameter, not a condition itself.",0.9,,,
21,relation,Traumatic Brain Injury,has monitoring data,Monitoring Data,"The present study autoregulation is intact, the transition curve shifts to the right.",accept_direct,,,,,Traumatic Brain Injury is associated with Monitoring Data to assess physiological parameters.,0.85,,,
22,relation,Traumatic Brain Injury,is associated with,Secondary Brain Injury,"Cerebrovascular pressure autoregulation is often impaired in severe Traumatic brain injury (TBI), and such impairment is such as the relationship between physiological thresholds and outcome.",accept_direct,,,,,The relationship between Traumatic Brain Injury and Secondary Brain Injury is clinically valid and directly associated.,0.9,,,
23,relation,CPP,receives therapy,Traumatic Brain Injury,"One would expect such change in recommendation to be followed, and hence to lead to alterations in Cerebral Perfusion Pressure (CPP) policy across centres.",reject,,,,,CPP does not receive therapy; it is a physiological parameter affected by therapies.,0.85,,,
24,relation,CPP,has monitoring data,Monitoring Data,Cerebral perfusion pressure (CPP 1/4 Blood Pressure (BP)-ICP) monitoring is a good example.,accept_direct,,,,,CPP is a type of monitoring data used to assess physiological parameters.,0.95,,,
25,relation,Vasopressors,receives therapy,CPP,the non-beneficial effect of keeping Cerebral Perfusion Pressure (CPP) above 70 mmHg by administering high doses of vasopressors.,reject,,,,,"The relationship 'receives therapy' does not correctly apply to CPP as it is a parameter, not a therapy.",0.85,,,
26,relation,CPP,correlates with,Mean Arterial Pressure (MAP),Cerebral Perfusion Pressure (CPP) strongly correlated with Mean Arterial Pressure (MAP).,accept_direct,,,,,CPP directly correlates with MAP as both are critical parameters in neurointensive care.,0.9,,,
27,relation,CPP,receives therapy,ICP,it is influenced by Intracranial Pressure (ICP) variability,accept_indirect,,,,,"CPP is influenced by ICP, and therapy can target ICP to improve CPP indirectly.",0.7,,,low_evidence
28,relation,CPP,receives therapy,Mean Arterial Pressure (MAP),Mean Arterial Pressure (MAP) variability including,reject,,,,,"CPP does not receive therapy; it is a physiological measure influenced by therapy, not a recipient of it.",0.9,,,
29,relation,CPP,associates with,Acute Respiratory Distress Syndrome,acute respiratory distress syndrome (ARDS) reportedly associated with vasopressors,accept_indirect,,,,,CPP is indirectly associated with ARDS through the impact of vasopressors on blood flow and respiratory function.,0.7,,,low_evidence
30,relation,CPP,follows,Guideline,the Brain Trauma Foundation (BTF) guidelines issued this year,reject,,,,,"The relationship 'CPP follows Guideline' is semantically incorrect as CPP is a physiological parameter, not a guideline.",0.95,,,
31,relation,Guideline Adherence,receives therapy,Traumatic Brain Injury,Guideline adherence and outcomes in severe adult traumatic brain injury,reject,,,,,"Guideline adherence does not receive therapy; it is a measure of practice, not a treatment.",0.85,,,
32,relation,Traumatic Brain Injury,is a risk factor for,Secondary Insult,Traumatically brain injured (TBI) patients are at risk from secondary insults.,accept_direct,,,,,Traumatic Brain Injury is a recognized risk factor for Secondary Insult in neurointensive care.,0.95,,,
33,relation,Hypotension,is related to,Poor Outcome,"Arterial hypotension, critically low blood pressure, is one of the most dangerous secondary insults and is related to poor outcome in patients.",accept_direct,,,,,Hypotension is directly related to poor outcomes in critically ill patients.,0.9,,,
34,relation,Hypotension,affects outcome,Traumatic Brain Injury,there is compelling evidence that even 'minute by minute' hypotension events cumulatively can influence patient outcome.,accept_direct,,,,,Hypotension directly affects outcomes in patients with Traumatic Brain Injury.,0.85,,,
35,relation,Hypotension,prognostic factor for,Head Injury,the cumulative duration of arterial hypotensive events is a prognostic factor for their clinical outcome following a head injury.,accept_direct,,,,,Hypotension is a known prognostic factor for outcomes in head injury cases.,0.85,,,
36,relation,Hypotension,associated with condition,Condition,"for with the medical management of sepsis, it has been shown that duration of hypotension before initiation",reject,,,,,"The relationship 'associated with condition' does not hold between Hypotension and Condition as defined; Hypotension is a subclass of Condition, not a separate association.",0.85,,,
37,relation,Traumatic Brain Injury,has monitoring data,Hypotension,both systolic and mean arterial pressure should be monitored and considered in the definition of hypotension,accept_direct,,,,,Hypotension is a condition that can be monitored in patients with Traumatic Brain Injury.,0.85,,,
38,relation,Hypotension,is a condition of,Sepsis,"for with the medical management of sepsis, it has been shown that duration of hypotension before initiation",accept_indirect,,,,,Hypotension can be a condition associated with sepsis through the pathway of complications in critically ill patients.,0.7,,,low_evidence
39,relation,Sepsis,receives therapy,Hypotension,it has been shown that with each hour delay in treatment of hypotension leads to an increase in in-hospital mortality.,accept_indirect,,,,,"Sepsis can lead to hypotension, and hypotension receives therapy, creating an indirect relationship through the condition pathway.",0.7,,,low_evidence
40,relation,Monitoring Data,has monitoring data,Monitoring Data,sophisticated patient monitoring systems can capture large volumes of streaming physiological data which continuously report on a patient's status.,reject,,,,,The relationship 'Monitoring Data has monitoring data' is circular and does not provide meaningful information.,0.9,,,
41,relation,ICP,affects outcome,Hypotension,Impact of Intracranial Pressure (ICP) instability and hypotension on outcome in patients with severe head trauma.,accept_direct,,,,,"ICP directly affects outcomes in patients with hypotension, as both are critical parameters in neurointensive care.",0.85,,,
42,relation,Secondary Insult,worsens,Head Trauma,Measuring the burden of secondary insults in head-injured patients during intensive care.,reject,,,,,The relationship 'worsens' does not correctly describe the connection between 'Secondary Insult' and 'Head Trauma'.,0.85,,,
43,relation,Decompressive Craniectomy,is associated with,Mean Intracranial Pressure,Decompressive craniectomy (DC) resulted in an absolute reduction in median mean Mean intracranial pressure (ICP) from 19.5 group to 13.9 mmHg.,accept_direct,,,,,Decompressive Craniectomy is clinically associated with Mean Intracranial Pressure in neurointensive care.,0.85,,,
44,relation,Decompressive Craniectomy,is associated with,Cerebrovascular Autoregulation,"A control varying effect on Cerebral Perfusion Pressure (CPP) was seen, as well as a trend of reduction in median Pressure Reactivity Index (PRx).",accept_indirect,,,,,The relationship is valid through the chain: Decompressive Craniectomy → influences → Cerebral Perfusion Pressure → relates to → Cerebrovascular Autoregulation.,0.7,,,low_evidence
45,relation,Decompressive Craniectomy,has monitoring data,Monitoring Data,"patient, injury and management variables including physiological monitoring data and administration of thiopental were analysed",accept_indirect,,,,,Decompressive Craniectomy is associated with Monitoring Data via the relationship of surgical procedures impacting patient monitoring.,0.7,,,low_evidence
46,relation,Decompressive Craniectomy,is associated with,ICP,uncontrollable intracranial hypertension is a major cause of death in patients with severe traumatic brain injury.,accept_direct,,,,,Decompressive Craniectomy is directly associated with ICP as it relieves pressure affecting cerebral perfusion.,0.85,,,
47,relation,Decompressive Craniectomy,is treated with,Barbiturates,"Decompressive craniectomy (DC) was chosen as a next step, with or without first having applied third-tier medical therapy with barbiturates.",accept_indirect,,,,,Decompressive Craniectomy is associated with Barbiturates through the pathway of surgical intervention and subsequent sedation management.,0.7,,,low_evidence
48,relation,Decompressive Craniectomy,affects outcome,Mortality,the results of RESCUEicp showed that Decompressive craniectomy (DC) resulted in lower mortality rates.,accept_direct,,,,,Decompressive craniectomy directly affects mortality as evidenced by the study results.,0.85,,,
49,relation,Monitoring,has outcome,Outcome,the outcome was captured at six months using the extended Glasgow Outcome Scale (GOSE).,accept_indirect,,,,,Monitoring data indirectly influences patient outcomes through the assessment of physiological parameters.,0.7,,,low_evidence
50,relation,Patient,has demographic data,Demographic Data,the collection of demographic data from traumatic brain injury (TBI) patients.,accept_direct,,,,,The relationship 'Patient has demographic data Demographic Data' is semantically correct and directly holds between the two classes.,0.95,,,
51,relation,Patient,has surgical procedure,Surgical Procedure,the physiological vital functions are extensively monitored.,accept_direct,,,,,The relationship 'Patient has surgical procedure Surgical Procedure' is semantically correct and holds directly.,0.95,,,
52,relation,Patient,has monitoring data,Monitoring Data,"The Brain Monitoring with Information Technology (BrainIT) network provides a more standardised and higher resolution data collection mechanism for research groups, organisations and the device industry to conduct multi-centre trials of new health care technology in patients with traumatic brain injury.",accept_direct,,,,,The relationship 'Patient has monitoring data Monitoring Data' is semantically correct as patients in neurointensive care have monitoring data collected.,0.9,,,
53,relation,Patient,receives therapy,Therapy,the physiological vital functions are extensively monitored.,accept_direct,,,,,Patients in neurointensive care receive various therapies as part of their treatment.,0.9,,,
54,relation,Therapy,targets condition,Condition,Therapeutic hypothermia reduces intracranial pressure and partial brain oxygen tension in patients with severe traumatic brain injury.,reject,,,,,Therapy does not directly target Condition as defined; the relationship is clinically implausible.,0.85,,,
55,relation,Patient,has clinical assessment,Clinical Assessment,the physiological vital functions are extensively monitored.,accept_direct,,,,,The relationship between Patient and Clinical Assessment is valid and direct in the context of neurointensive care.,0.95,,,
56,relation,Patient,has outcome,Outcome,the physiological vital functions are extensively monitored.,accept_direct,,,,,The relationship 'Patient has outcome Outcome' is semantically correct and directly holds between the two classes.,0.9,,,
57,relation,Patient,has laboratory value,Laboratory Values,the physiological vital functions are extensively monitored.,accept_direct,,,,,Patients in neurointensive care typically have laboratory values assessed as part of their management.,0.9,,,
58,relation,Patient,has nursing intervention,Nursing Intervention,"Routine nursing care, physiotherapy, or bedside clinical activities",accept_direct,,,,,The relationship 'Patient has nursing intervention' is valid as nursing interventions are part of patient care in neurointensive care.,0.9,,,
59,relation,Patient,has session,Session,a live clinical environment to test the data collection systems.,accept_direct,,,,,The relationship 'Patient has session Session' is semantically correct and directly holds between the two classes.,0.9,,,
60,relation,Session,has timepoint,Timepoint,minute-by-minute physiological data from bedside monitors.,accept_direct,,,,,The relationship 'Session has timepoint' is semantically correct as timepoints are part of a monitoring session.,0.9,,,
61,relation,Timepoint,has monitoring data,Observation,minute-by-minute physiological data from bedside monitors.,accept_direct,,,,,The relationship 'Timepoint has monitoring data Observation' is semantically correct as observations are recorded at specific timepoints.,0.9,,,
62,relation,Observation,measures parameter,Parameter,the physiological vital functions are extensively monitored.,accept_direct,,,,,The relationship 'Observation measures Parameter' is semantically correct and holds directly between the two classes.,0.9,,,
63,relation,Observation,produced by sensor,Sensor,the physiological vital functions are extensively monitored.,accept_direct,,,,,The relationship 'produced by' holds directly between Observation and Sensor as defined.,0.95,,,
64,relation,Observation,has quality assessment,Data Quality Assessment,the physiological vital functions are extensively monitored.,accept_direct,,,,,The relationship 'Observation has quality assessment Data Quality Assessment' is semantically correct and holds directly between the two classes.,0.85,,,
65,relation,Data Quality Assessment,associated with condition,Condition,the physiological vital functions are extensively monitored.,reject,,,,,The relationship 'Data Quality Assessment associated with Condition' is clinically implausible as it does not hold between the two classes.,0.9,,,
66,relation,Data Quality Assessment,receives therapy,Therapy,the physiological vital functions are extensively monitored.,reject,,,,,Data Quality Assessment does not receive therapy; it assesses data quality instead.,0.9,,,
67,relation,Arterial Hypotension,receives therapy,Barbiturates,administration of hyperosmolar molecules were used at the discretion of the managing teams.,accept_indirect,,,,,Arterial Hypotension can be treated with Barbiturates via the pathway: Condition → receives Therapy → Therapy type.,0.7,,,low_evidence
68,relation,Brain Injury,is associated with,Traumatic Brain Injury,Decompressive craniectomy as a second/third-tier intervention in traumatic brain injury,accept_direct,,,,,Brain Injury is a broader category that includes Traumatic Brain Injury as a specific type.,0.9,,,
69,relation,CVP,has monitoring data,Monitoring Data,physiological monitoring data,accept_direct,,,,,CVP is a physiological parameter that falls under Monitoring Data.,0.95,,,
70,relation,Clinical Outcome,has outcome,Outcome,demonstrated a decrease in mortality with similar rates of favorable outcome,accept_direct,,,,,The relationship 'Clinical Outcome has outcome Outcome' is semantically correct as it directly connects the classes.,0.9,,,
71,relation,Cranial Injuries,is a type of,Injuries,the occurrence of arterial hypotension (systolic pressure less than 90 mmHg) and hypoxia (SaO2 below 90%) at baseline,reject,,,,,Cranial Injuries is not a recognized subclass of Injuries in the context of the ontology.,0.85,,,
72,relation,Disability,is a type of,Clinical Outcome,the outcome was unfavorable in 51.4% and favorable in 48.6%,accept_direct,,,,,Disability is a recognized clinical outcome related to brain injuries.,0.85,,,
73,relation,Extracranial Injury,is a type of,Injuries,45.9% presented with an additional extracranial injury,reject,,,,,Extracranial Injury is not a subclass of Injuries as defined in the context of neurointensive care.,0.85,,,
74,relation,Intensive Care Management,is a type of,Condition,"In many neurointensive care centers, Decompressive craniectomy (DC) is being used in combination with other second/third-tier therapies.",reject,,,,,ICU management data is not a type of medical condition; it is a category of data.,0.9,,,
75,relation,NIBP,is a type of,Monitoring Data,Mean arterial blood pressure (MAP) and Mean intracranial pressure (ICP),accept_direct,,,,,NIBP is correctly classified as a type of Monitoring Data.,0.95,,,
76,relation,Pressure Reactivity Index (PRx),is a type of,Core Monitoring Parameter,Pressure Reactivity Index (PRx) is the moving correlation between mean arterial blood pressure (MAP) and Mean intracranial pressure (ICP).,accept_direct,,,,,PRx is a recognized Core Monitoring Parameter used in neurointensive care.,0.9,,,
77,relation,Hypotension,is treated with,Noradrenaline,the time and dose of a bolus of Noradrenaline,accept_direct,,,,,Hypotension is directly treated with Noradrenaline to increase blood pressure.,0.9,,,
78,relation,CPP,targets condition,Respiratory Distress Syndrome,Cerebral Perfusion Pressure (CPP) value to target lies within the range of 50-70 mm Hg.,reject,,,,,CPP does not target Respiratory Distress Syndrome; the relationship is clinically implausible.,0.9,,,
79,relation,Traumatic Brain Injury,applies treatment,Osmotics,#2 - Hyperosmolar therapy,accept_direct,,,,,Osmotics is a valid treatment for Traumatic Brain Injury to manage intracranial pressure.,0.9,,,
80,relation,Cerebrovascular Autoregulation,receives therapy,CPP,the presence (or not) of cerebral autoregulation,reject,,,,,"Cerebrovascular Autoregulation does not receive therapy; it is a physiological process, not a condition treated with therapy.",0.85,,,
81,relation,ICP,receives therapy,Partial Pressure of Brain Tissue Oxygen,There is a statistically significant (p < 0.001) non-linear effect of Intracranial Pressure (ICP) on Regression model of partial pressure of brain tissue oxygen (PbtO2).,reject,,,,,The relationship 'receives therapy' does not hold between ICP and Partial Pressure of Brain Tissue Oxygen.,0.85,,,
82,relation,Traumatic Brain Injury,has clinical assessment,GOSe Outcome,Monitoring of Intracranial Pressure (ICP) has also been shown to have better functional outcomes.,accept_direct,,,,,GOSe Outcome is a clinical assessment related to Traumatic Brain Injury outcomes.,0.85,,,
83,relation,Partial Pressure of Brain Tissue Oxygen,is measured at,Measurement Time,Partial pressure of brain tissue oxygen over intracranial pressure stratified by days in Intensive Care Unit (ICU),accept_direct,,,,,The relationship 'Partial Pressure of Brain Tissue Oxygen is measured at Measurement Time' is semantically correct and directly holds.,0.9,,,
84,relation,ICP,receives therapy,Pbro2,an overall increase in Regression model of partial pressure of brain tissue oxygen (PbtO2) of 5.2% for a 10 mmHg increase in Intracranial Pressure (ICP),reject,,,,,"The relationship 'receives therapy' does not hold between ICP and PbtO2 as they are both parameters, not entities that receive therapy.",0.85,,,
85,relation,Partial Pressure of Carbon Dioxide,receives therapy,Pbro2,a decrease of 0.16% from a unit increase in Mean Arterial Pressure (MAP) and a Regression model of partial pressure of brain tissue oxygen (PbtO2) decrease of 0.16% from a unit increase in PaCO2,reject,,,,,The relationship 'receives therapy' does not hold between Partial Pressure of Carbon Dioxide and PbtO2.,0.85,,,
86,relation,ICP,has outcome,Outcome,median extended Glasgow outcome scale of 7.00,reject,,,,,"The relationship 'ICP has outcome Outcome' is semantically incorrect as ICP is a parameter, not a direct determinant of outcome.",0.85,,,
87,relation,Intracranial Hypertension,receives therapy,CPP,the impact of autoregulation on Regression model of partial pressure of brain tissue oxygen (PbtO2) cannot be directly assessed.,reject,,,,,"Intracranial Hypertension does not receive therapy directly from CPP, as CPP is a parameter rather than a therapeutic intervention.",0.85,,,
88,relation,Hypotension,is associated with,Traumatic Brain Injury,guarding against hypotensive conditions in Traumatic Brain Injury (TBI) patients.,accept_direct,,,,,Hypotension is clinically associated with Traumatic Brain Injury as both are relevant conditions in neurointensive care.,0.85,,,
89,relation,Intracranial Hypertension,receives therapy,Traumatic Brain Injury,episodes of increased intracranial pressure (ICP) and worse clinical outcomes,reject,,,,,The relationship 'receives therapy' does not hold between Intracranial Hypertension and Traumatic Brain Injury as stated.,0.85,,,
90,relation,CPP,assesses,Intracranial Hypertension,the ability to tolerate elevated intracranial pressures is reduced.,accept_direct,,,,,CPP directly assesses the risk of secondary injury related to Intracranial Hypertension.,0.85,,,
91,relation,CPP,is associated with,ICP,Role of Cerebral Perfusion Pressure (CPP),accept_direct,,,,,CPP and ICP are directly associated as they both relate to cerebral perfusion and intracranial pressure in neurointensive care.,0.85,,,
92,relation,ICP,associated with condition,Mortality,"when Cerebral Perfusion Pressure (CPP) was below 50 mmHg, almost all The BESTIntracranial pressure (ICP) insults were associated with worse outcome",accept_direct,,,,,ICP is directly associated with Mortality as it influences outcomes in neurological assessments.,0.85,,,
93,relation,ICP,predicts outcome,Outcome Score,"Above 20 mmHg, the vast majority of insults are clearly deleterious with the exception of those lasting less than 37 min in adults.",accept_direct,,,,,ICP directly influences the Outcome Score in neurological assessments.,0.85,,,
94,relation,Mean Arterial Pressure (MAP),triggers intervention,Hypotension,our analysis shows that most events are triggered by a drop in mean arterial pressure.,accept_direct,,,,,Mean Arterial Pressure directly influences interventions for Hypotension in critically ill patients.,0.85,,,
95,relation,Brain Injury,has monitoring data,Arterial Hypotension,The brain monitoring with information technology (BrainIT) database contains 199 patients,reject,,,,,The relationship 'has monitoring data' does not hold between 'Brain Injury' and 'Arterial Hypotension'.,0.85,,,
96,relation,Hypotension,relates to clinical outcome,Brain Injury,arterial hypotension consistently relate to clinical outcome,accept_direct,,,,,Hypotension directly relates to clinical outcomes in the context of brain injury.,0.85,,,
97,relation,Dsg,has monitoring data,Hypotensive,to scan the BrainIT database for hypotensive events;,accept_direct,,,,,"The application Dsg is designed to scan for hypotensive events, directly linking it to the condition of hypotension.",0.85,,,
98,relation,Secondary Insult Grades,defines,Hypotensive,the Edinburgh University Secondary Insult Grades (EUSIG) definition.,reject,,,,,The relationship 'defines' does not hold between 'Secondary Insult Grades' and 'Hypotensive' as they are distinct concepts.,0.85,,,
99,relation,CPP,calculates,Mean Arterial Pressure (MAP),"which uses cerebral perfusion pressure (CPP), which of course uses Java-Based Software BPm in its calculation.",accept_indirect,,,,,CPP is calculated from MAP through the relationship of blood pressure and cerebral perfusion dynamics.,0.7,,,low_evidence
100,relation,ICP,receives therapy,Outcome,Impact of Intracranial Pressure (ICP) instability and hypotension on outcome in patients with severe head trauma.,reject,,,,,The relationship 'receives therapy' does not hold between ICP and Outcome as they are not directly related in this context.,0.85,,,
101,relation,CPP,is measured by,Mean Arterial Pressure (MAP),its role in calculating Cerebral Perfusion Pressure (CPP),accept_direct,,,,,CPP is directly measured by MAP in clinical practice.,0.95,,,
102,relation,Treatment Data,informs,Clinical Practice,Accurate and comprehensive treatment data,accept_direct,,,,,Treatment Data directly informs Clinical Practice in patient care.,0.85,,,
103,relation,Clinical Reminders,enhances,Guideline Adherence,clinical reminders (automated interventions),accept_direct,,,,,Clinical reminders enhance guideline adherence directly in clinical practice.,0.85,,,
104,relation,Guideline Adherence,has outcome,Outcome,Several studies have been conducted that show dropping mortality rates and improved long-term outcomes since the adoption and spread of use of these guidelines.,accept_direct,,,,,"Guideline Adherence directly influences patient outcomes, making the relationship valid.",0.85,,,
105,relation,Guideline Adherence,is measured by,Clinical Practice,"This work attempts to leverage those advantages by providing a 'near real-time' ability to monitor clinical guideline adherence, as well as providing measurable quantitative feedback.",accept_direct,,,,,"Guideline Adherence is a measure of Clinical Practice, aligning with the defined relationship.",0.85,,,
106,relation,Heart Failure,is treated with,Guideline Adherence,"There are many reasons for non-adherence, but these can be broken down into two broad categories: being unwilling to adhere to a guideline and being unable to adhere.",reject,,,,,Heart Failure is not directly treated with Guideline Adherence; they are not in a valid relationship.,0.85,,,
107,relation,EUSIG Grade,is a type of,Secondary Insult Grades,the classification of pressure events using Edinburgh University Secondary Insult Grades (EUSIG) parameters has a well-established precedent,reject,,,,,The relationship between EUSIG Grade and Secondary Insult Grades is not clinically valid as defined.,0.85,,,
108,relation,Heart Rate,has monitoring data,Monitoring Data,Heart Rate (specifying source: Electrocardiogram (ECG) or Pulse Oximetry),accept_direct,,,,,"Heart Rate is a type of Monitoring Data, making the relationship valid.",0.95,,,
109,relation,Respiration Rate,has monitoring data,Impedance Plethmography,Respiration Rate (sources: impedance plethmography or ventilator),reject,,,,,Respiration Rate does not have a direct relationship with Impedance Plethmography as a monitoring data type.,0.85,,,
110,relation,Respiration Rate,has monitoring data,Ventilator,Respiration Rate (sources: impedance plethmography or ventilator),reject,,,,,Respiration Rate does not have a direct relationship with Ventilator; it is a monitored parameter rather than a data source.,0.85,,,
111,relation,Mean Arterial Pressure (MAP),has monitoring data,Monitoring Data,Mean Arterial Pressure,accept_direct,,,,,Mean Arterial Pressure is a specific type of Monitoring Data.,0.95,,,
112,relation,Sao2,has monitoring data,Monitoring Data,Pulse Oximetry (SaO2),accept_direct,,,,,SaO2 is a type of Monitoring Data that measures oxygen saturation levels.,0.9,,,
113,relation,Temperature,has monitoring data,Monitoring Data,Temperature (sources: rectal=oesophageal= bladder=skin),accept_direct,,,,,Temperature is a physiological parameter that is monitored as part of Monitoring Data.,0.95,,,
114,relation,EtCO2,has monitoring data,Monitoring Data,End-Tidal CO2 (EtCO2),accept_direct,,,,,"EtCO2 is a type of Monitoring Data, making the relationship valid.",0.9,,,
115,relation,Jugular Venous Oxygen Saturation,has monitoring data,Monitoring Data,Jugular Venous Oxygen Saturation (SjO2),accept_direct,,,,,Jugular Venous Oxygen Saturation is a specific type of Monitoring Data.,0.9,,,
116,relation,Transcranial Doppler,has monitoring data,Monitoring Data,Transcranial Doppler (TCD),accept_direct,,,,,"Transcranial Doppler is a method for monitoring blood flow, directly related to Monitoring Data.",0.9,,,
117,relation,Pbro2,has monitoring data,Monitoring Data,Brain Tissue Oxygen (PbrO2),accept_direct,,,,,PbrO2 is a specific type of Monitoring Data related to cerebral oxygenation assessment.,0.9,,,
118,relation,GCS Assessment,has monitoring data,Monitoring Data,Glasgow Coma Scale (GCS) scores,accept_direct,,,,,GCS Assessment is a clinical assessment that directly relates to Monitoring Data.,0.85,,,
119,relation,Hypotension,targets condition,Vasopressors,arterial pressors may be given to treat systemic hypotension,accept_direct,,,,,"Hypotension is a condition that can be treated with vasopressors, establishing a direct relationship.",0.85,,,
120,relation,ICP,targets condition,Vasopressors,to treat reduced cerebral perfusion pressure (CPP) secondary to raised Intracranial Pressure (ICP),reject,,,,,"The relationship 'ICP targets condition Vasopressors' is semantically incorrect; ICP is a parameter, not a target for medications.",0.85,,,
121,relation,CPP,receives therapy,Respiratory Distress Syndrome,"aggressive management of Cerebral Perfusion Pressure (CPP) > 70 mmHg, although reducing the incidence of jugular venous desaturations < 50%, increased the incidence of acute respiratory distress syndrome and worsened neurological outcome.",reject,,,,,"CPP does not receive therapy; it is a parameter, not a condition that requires treatment.",0.95,,,
122,relation,Brain Injury,has monitoring data,Monitoring Data,"collection of admission, monitoring, treatment and outcome data from patients with brain injury.",accept_direct,,,,,Brain Injury can directly have associated Monitoring Data to assess physiological parameters.,0.9,,,
123,relation,Brain Injury,has outcome,Outcome Data,"collection of admission, monitoring, treatment and outcome data from patients with brain injury.",accept_indirect,,,,,Brain Injury can lead to Outcome Data through the relationship of treatment and monitoring outcomes.,0.7,,,low_evidence
124,relation,Brain Injury,is managed by,Management,"aid health authorities to monitor, maintain and raise intra and trans-national standards in the management of patients with brain injury.",accept_direct,,,,,Management is a valid process for addressing Brain Injury in neurointensive care.,0.85,,,
125,relation,Patient,has monitoring data,Observation,pd:Patient as a ssn:FeatureOfInterest,accept_direct,,,,,Patients in neurointensive care have monitoring data recorded through observations.,0.95,,,
126,relation,Timepoint,is associated with,Reading,Each Timepoint is associated with a set of Readings,accept_direct,,,,,The relationship between Timepoint and Reading is directly supported by the definition provided.,0.95,,,
127,relation,Sensor,produced by sensor,Reading,the machines/sensors that produced them,accept_direct,,,,,The relationship 'produced by' correctly describes the direct association between Sensor and Reading.,0.9,,,
128,relation,Sepsis,is associated with,Outcome Data,Improving the standards and resolution for multicentre data collection will also impact upon the assessment of new medical technology of relevance to the medical device industry.,accept_direct,,,,,Sepsis is clinically associated with Outcome Data in neurointensive care.,0.85,,,
129,relation,Arterial Pressors,targets condition,Arterial Hypotension,targets condition(Hypotension → Vasopressors),accept_direct,,,,,Arterial Pressors are used to target Arterial Hypotension in neurointensive care.,0.85,,,
130,relation,Clinical Research Form,has clinical assessment,Clinical Assessment,has clinical assessment(Patient → Clinical Assessment),accept_indirect,,,,,The relationship holds via the chain: Clinical Research Form → records → Clinical Assessment.,0.7,,,low_evidence
131,relation,End-tidal Carbon Dioxide,has monitoring data,Monitoring Data,has monitoring data(EtCO2 → Monitoring Data),accept_direct,,,,,The relationship 'End-tidal Carbon Dioxide has monitoring data Monitoring Data' is semantically correct.,0.9,,,
132,relation,Error,is associated with,Monitoring Data,monitoring indicates condition(Monitoring Data → Condition),accept_direct,,,,,Error can directly affect Monitoring Data in clinical settings.,0.85,,,
133,relation,Injuries,has outcome,Outcome Data,has outcome(Brain Injury → Outcome Data),reject,,,,,The relationship 'has outcome' does not hold between 'Injuries' and 'Outcome Data' as defined.,0.85,,,
134,relation,Intensive Care Management,is managed by,Management,is managed by(Brain Injury → Management),reject,,,,,The relationship 'is managed by' does not hold between 'Intensive Care Management' and 'Management' as defined.,0.85,,,
135,relation,NIBP,has monitoring data,Monitoring Data,has monitoring data(Mean Arterial Pressure → Monitoring Data),accept_direct,,,,,"NIBP is a valid subclass of Monitoring Data, and the relationship holds directly.",0.9,,,
136,relation,Provenance,has monitoring data,Monitoring Data,has monitoring data(Patient → Monitoring Data),accept_direct,,,,,The relationship 'Provenance has monitoring data' is semantically correct as monitoring data is directly related to provenance in clinical contexts.,0.85,,,
137,relation,Substance Abuse,targets condition,Condition,targets condition(Hypotension → Vasopressors),reject,,,,,Substance Abuse does not target Condition as defined; the relationship is clinically implausible.,0.9,,,
138,relation,Adverse Event,is associated with,Clinical Outcome,[inferred] cluster completion,accept_direct,,,,,Adverse Event is clinically associated with Clinical Outcome in the context of medical interventions.,0.85,,,
139,relation,Clinical Outcome,is influenced by,Patient Interventions,[inferred] cluster completion,accept_direct,,,,,Patient Interventions directly influence Clinical Outcome in neurointensive care.,0.85,,,
140,relation,Clinical Outcome,relates to clinical outcome,Outcome Data,[inferred] cluster completion,accept_direct,,,,,Clinical Outcome is directly related to Outcome Data as both pertain to patient health status post-treatment.,0.85,,,
141,relation,Clinical Practice,is influenced by,Clinical Reminders,[inferred] cluster completion,accept_direct,,,,,Clinical reminders directly influence clinical practice by providing automated notifications for adherence to guidelines.,0.85,,,
142,relation,Clinical Reminders,triggers intervention,Patient Interventions,[inferred] cluster completion,accept_direct,,,,,Clinical Reminders can directly trigger Patient Interventions in neurointensive care.,0.85,,,
143,relation,Data Quality Assessment,assesses,Monitoring Data,[inferred] cluster completion,accept_direct,,,,,The relationship 'assesses' directly connects Data Quality Assessment to Monitoring Data in the context of evaluating ICU data quality.,0.9,,,
144,relation,Injuries,is a risk factor for,Adverse Event,[inferred] cluster completion,accept_indirect,,,,,Injuries can lead to adverse events through the pathway of increased risk factors for complications.,0.7,,,low_evidence
145,relation,Monitoring Data,is monitored by,Core Monitoring Parameter,[inferred] cluster completion,accept_direct,,,,,Monitoring Data is directly related to Core Monitoring Parameter as it encompasses the parameters being monitored.,0.9,,,
146,relation,Monitoring Data,produced by sensor,Sensor,[inferred] cluster completion,accept_direct,,,,,The relationship 'Monitoring Data produced by Sensor' is valid and directly holds between the two classes.,0.95,,,
147,relation,Outcome,is related to,Clinical Outcome,[inferred] cluster completion,accept_indirect,,,,,Outcome is related to Clinical Outcome through the concept of patient health status after treatment.,0.7,,,low_evidence
148,relation,Outcome Data,is associated with,Clinical Outcome,[inferred] cluster completion,accept_direct,,,,,Outcome Data is directly associated with Clinical Outcome in the context of medical treatment results.,0.85,,,
149,relation,Patient Interventions,targets condition,Injuries,[inferred] cluster completion,reject,,,,,The relationship 'targets condition' does not hold between 'Patient Interventions' and 'Injuries' as defined.,0.85,,,
150,relation,Physiological Data,is monitored by,Core Monitoring Parameter,[inferred] cluster completion,accept_indirect,,,,,Physiological Data is reflected by Core Monitoring Parameters through monitoring processes.,0.7,,,low_evidence
151,relation,Possible Error,is a type of,Error,[inferred] cluster completion,reject,,,,,The relationship 'Possible Error is a type of Error' is semantically incorrect as it does not align with the defined classes.,0.85,,,
152,relation,Probable Error,is a type of,Error,[inferred] cluster completion,reject,,,,,The relationship 'Probable Error is a type of Error' is semantically incorrect as 'Probable Error' should not be classified under 'Error'.,0.85,,,
153,relation,Provenance,is associated with,Monitoring Data,[inferred] cluster completion,accept_direct,,,,,The relationship 'Provenance is associated with Monitoring Data' is clinically valid and directly connects the two classes.,0.85,,,
154,relation,Substance Abuse,is a risk factor for,Injuries,[inferred] cluster completion,reject,,,,,Substance Abuse is not a recognized risk factor for Injuries in the context of neurointensive care.,0.85,,,
155,relation,Therapy,is administered during,Patient Interventions,[inferred] cluster completion,reject,,,,,The relationship 'is administered during' does not accurately connect 'Therapy' and 'Patient Interventions'.,0.85,,,
156,relation,Treatment Data,is associated with,Therapy,[inferred] cluster completion,accept_direct,,,,,Treatment Data is directly associated with Therapy as it pertains to administered treatments.,0.85,,,
157,relation,Acute Respiratory Distress Syndrome,is associated with,Vasopressors,[inferred] cluster completion,accept_indirect,,,,,"Vasopressors are used to manage hypotension, which can be associated with Acute Respiratory Distress Syndrome through the pathway of secondary insults.",0.7,,,low_evidence
158,relation,Adrenaline,is administered during,Hypotension,[inferred] cluster completion,accept_direct,,,,,Adrenaline is administered during hypotension as a treatment for this condition.,0.85,,,
159,relation,Adrenaline,is administered during,Hypertension,[inferred] cluster completion,accept_direct,,,,,Adrenaline is administered during hypertension as a treatment to manage blood pressure.,0.85,,,
160,relation,Hypertension,is influenced by,Noradrenaline,[inferred] cluster completion,accept_direct,,,,,"Hypertension is influenced by Noradrenaline, as it is a known physiological relationship in clinical practice.",0.85,,,
161,relation,Hypertension,is influenced by,Adrenaline,[inferred] cluster completion,accept_direct,,,,,"Hypertension can be influenced by adrenaline, which is a known physiological relationship.",0.85,,,
162,relation,Hypotension,is influenced by,Noradrenaline,[inferred] cluster completion,accept_direct,,,,,Hypotension is directly influenced by Noradrenaline as it is used to increase blood pressure.,0.85,,,
163,relation,Hypotension,is influenced by,Adrenaline,[inferred] cluster completion,accept_direct,,,,,Hypotension can be influenced by Adrenaline in clinical practice.,0.85,,,
164,relation,Mean Arterial Pressure (MAP),is monitored by,Sensor,[inferred] cluster completion,accept_direct,,,,,Mean Arterial Pressure is directly monitored by a Sensor.,0.95,,,
165,relation,Noradrenaline,is administered during,Hypotension,[inferred] cluster completion,accept_direct,,,,,Noradrenaline is commonly administered to treat hypotension in critically ill patients.,0.9,,,
166,relation,Noradrenaline,is administered during,Hypertension,[inferred] cluster completion,accept_direct,,,,,Noradrenaline is clinically used to manage hypertension by increasing blood pressure.,0.85,,,
167,relation,Sepsis,is associated with,Hypotension,[inferred] cluster completion,accept_direct,,,,,Sepsis and hypotension are clinically associated conditions in neurointensive care.,0.85,,,
168,relation,Septic Shock,is associated with,Hypotension,[inferred] cluster completion,accept_direct,,,,,Septic Shock is clinically associated with Hypotension as both are conditions relevant to critical care.,0.85,,,
169,relation,Systemic Hypotension,is treated with,Vasopressors,[inferred] cluster completion,accept_direct,,,,,"Systemic Hypotension is clinically treated with Vasopressors, establishing a direct relationship.",0.95,,,
170,relation,Vasopressors,is administered during,Systemic Hypotension,[inferred] cluster completion,accept_direct,,,,,Vasopressors are directly administered to treat systemic hypotension in critical care settings.,0.9,,,
171,relation,Brain Injury,is a condition of,Patient,[inferred] cluster completion,accept_direct,,,,,Brain Injury is a condition affecting a Patient in neurointensive care.,0.85,,,
172,relation,Brain Injury,is associated with,Cranial Injuries,[inferred] cluster completion,accept_direct,,,,,Brain Injury is directly associated with Cranial Injuries as both pertain to trauma-related conditions.,0.85,,,
173,relation,Brain Injury,is influenced by,Guideline Adherence,[inferred] cluster completion,reject,,,,,The relationship 'is influenced by' does not hold between Brain Injury and Guideline Adherence.,0.85,,,
174,relation,Cranial Injuries,is associated with,Brain Injury,[inferred] cluster completion,accept_direct,,,,,Cranial Injuries are clinically associated with Brain Injury in the context of trauma.,0.85,,,
175,relation,Cranial Injuries,is a condition of,Patient,[inferred] cluster completion,accept_direct,,,,,Cranial Injuries are a recognized condition affecting patients in neurointensive care.,0.85,,,
176,relation,Demographic Data,has demographic data,Patient,[inferred] cluster completion,revise,4.8,Patient,hasDemographicData,Demographic Data,The relationship should be 'Patient hasDemographicData DemographicData' instead of the current structure.,0.85,Swapping subject and object corrects the relationship structure.,0.95,
177,relation,Extracranial Injury,is associated with,Brain Injury,[inferred] cluster completion,accept_direct,,,,,Extracranial Injury is clinically associated with Brain Injury in neurointensive care.,0.85,,,
178,relation,Guideline,informs,Guideline Adherence,[inferred] cluster completion,accept_direct,,,,,Guidelines directly inform guideline adherence in clinical practice.,0.85,,,
179,relation,Guideline Adherence,is associated with,Guideline,[inferred] cluster completion,accept_direct,,,,,Guideline Adherence is directly associated with Guideline as both pertain to clinical practice standards.,0.9,,,
180,relation,Guideline Adherence,affects outcome,Traumatic Brain Injury,[inferred] cluster completion,accept_indirect,,,,,Guideline adherence affects outcomes through improved clinical practices related to traumatic brain injury management.,0.7,,,low_evidence
181,relation,Head Injury,is a condition of,Patient,[inferred] cluster completion,accept_direct,,,,,Head Injury is a recognized condition affecting patients in neurointensive care.,0.9,,,
182,relation,Head Injury,is associated with,Brain Injury,[inferred] cluster completion,accept_direct,,,,,"Head Injury is a type of Brain Injury, establishing a direct association.",0.9,,,
183,relation,Head Trauma,is a condition of,Patient,[inferred] cluster completion,accept_direct,,,,,Head Trauma is a recognized condition affecting patients in neurointensive care.,0.9,,,
184,relation,Head Trauma,is associated with,Traumatic Brain Injury,[inferred] cluster completion,accept_direct,,,,,"Head Trauma is a type of Traumatic Brain Injury, making the association valid.",0.9,,,
185,relation,Mortality,is a risk factor for,Traumatic Brain Injury,[inferred] cluster completion,accept_direct,,,,,Mortality is a recognized risk factor for Traumatic Brain Injury.,0.85,,,
186,relation,Neurological Injury,is a condition of,Patient,[inferred] cluster completion,accept_direct,,,,,Neurological Injury is a condition affecting patients in neurointensive care.,0.85,,,
187,relation,Patient,is associated with,Brain Injury,[inferred] cluster completion,accept_direct,,,,,The relationship 'Patient is associated with Brain Injury' is clinically valid and direct.,0.95,,,
188,relation,Traumatic Brain Injury,is a condition of,Patient,[inferred] cluster completion,accept_direct,,,,,Traumatic Brain Injury is a recognized condition affecting patients in neurointensive care.,0.9,,,
189,relation,Traumatic Brain Injury,is associated with,Head Trauma,[inferred] cluster completion,accept_direct,,,,,Traumatic Brain Injury is clinically associated with Head Trauma as both pertain to brain injuries.,0.85,,,
190,relation,Traumatic Brain Injury,is influenced by,Guideline Adherence,[inferred] cluster completion,accept_indirect,,,,,Guideline Adherence indirectly influences Traumatic Brain Injury management through improved clinical practices.,0.7,,,low_evidence
191,relation,Traumatic Intracranial Hypertension,is a condition of,Patient,[inferred] cluster completion,accept_direct,,,,,Traumatic Intracranial Hypertension is a recognized condition affecting patients in neurointensive care.,0.95,,,
192,relation,Traumatic Intracranial Hypertension,is associated with,Traumatic Brain Injury,[inferred] cluster completion,accept_direct,,,,,"Traumatic Intracranial Hypertension is clinically associated with Traumatic Brain Injury, reflecting a direct relationship in neurointensive care.",0.85,,,
193,relation,Anterior Fossa Repair,is monitored by,Intensive Care Management,[inferred] cluster completion,reject,,,,,The relationship 'is monitored by' does not hold between 'Anterior Fossa Repair' and 'Intensive Care Management'.,0.85,,,
194,relation,Anterior Fossa Repair,has surgical procedure,Surgical Procedure,[inferred] cluster completion,accept_direct,,,,,The relationship between Anterior Fossa Repair and Surgical Procedure is valid and direct as it describes a specific type of surgical procedure.,0.85,,,
195,relation,Bedside Intervention,has nursing intervention,Nursing Intervention,[inferred] cluster completion,accept_direct,,,,,"Bedside Intervention is a type of Nursing Intervention, making the relationship valid.",0.85,,,
196,relation,CT Scan Assessment,assesses,Coma,[inferred] cluster completion,accept_direct,,,,,CT Scan Assessment directly assesses Coma as part of clinical evaluation.,0.85,,,
197,relation,CT Scan Assessment,is monitored by,Intensive Care Management,[inferred] cluster completion,reject,,,,,CT Scan Assessment is not directly monitored by Intensive Care Management; they are distinct concepts.,0.85,,,
198,relation,Clinical Assessment,has monitoring data,Intensive Care Management,[inferred] cluster completion,reject,,,,,The relationship 'has monitoring data' does not hold between 'Clinical Assessment' and 'Intensive Care Management'.,0.85,,,
199,relation,Extra Ventricular Drain Placement,is monitored by,Intensive Care Management,[inferred] cluster completion,reject,,,,,The relationship 'is monitored by' does not hold between 'Extra Ventricular Drain Placement' and 'Intensive Care Management'.,0.85,,,
200,relation,Intensive Care Management,has clinical assessment,Clinical Assessment,[inferred] cluster completion,accept_direct,,,,,Clinical Assessment is a valid aspect of Intensive Care Management in neurointensive care.,0.85,,,
201,relation,Intensive Care Management,has monitoring data,Laboratory Values,[inferred] cluster completion,accept_indirect,,,,,ICU management data indirectly relates to laboratory values through monitoring data as part of patient care.,0.7,,,low_evidence
202,relation,Laboratory Values,is monitored by,Intensive Care Management,[inferred] cluster completion,reject,,,,,The relationship 'is monitored by' does not correctly apply between 'Laboratory Values' and 'Intensive Care Management'.,0.85,,,
203,relation,Nursing Intervention,is administered during,Session,[inferred] cluster completion,accept_direct,,,,,Nursing Intervention is directly administered during a Session in the ICU context.,0.85,,,
204,relation,Physiotherapy,is administered during,Session,[inferred] cluster completion,reject,,,,,The relationship 'is administered during' does not correctly connect 'Physiotherapy' and 'Session' as defined in the ontology.,0.85,,,
205,relation,Routine Nursing Care,is administered during,Session,[inferred] cluster completion,accept_direct,,,,,Routine Nursing Care is directly administered during a Session in the ICU.,0.85,,,
206,relation,Surgical Procedure,is monitored by,Intensive Care Management,[inferred] cluster completion,reject,,,,,The relationship 'is monitored by' does not correctly apply between Surgical Procedure and Intensive Care Management.,0.85,,,
207,relation,Barbiturates,is administered during,Decompressive Craniectomy,[inferred] cluster completion,accept_direct,,,,,"Barbiturates are commonly administered during Decompressive Craniectomy for sedation, making the relationship valid.",0.85,,,
208,relation,Cerebrovascular Autoregulation,is influenced by,Decompressive Craniectomy,[inferred] cluster completion,accept_indirect,,,,,Cerebrovascular Autoregulation is influenced by Decompressive Craniectomy through the pathway of surgical intervention affecting cerebral blood flow.,0.7,,,low_evidence
209,relation,Condition,is a condition of,Hypoperfusion,[inferred] cluster completion,reject,,,,,The relationship 'is a condition of' does not hold between 'Condition' and 'Hypoperfusion'.,0.85,,,
210,relation,Evacuation of Mass Lesion,has surgical procedure,Decompressive Craniectomy,[inferred] cluster completion,revise,4.4,Evacuation of Mass Lesion,is a type of,Decompressive Craniectomy,The relation label should be 'is a type of' instead of 'has surgical procedure'.,0.85,The relation label should be 'is a type of' instead of 'has surgical procedure'.,0.9,
211,relation,Hypoperfusion,is associated with,Condition,[inferred] cluster completion,reject,,,,,The relationship between Hypoperfusion and Condition is incorrect as they are not directly associated in the context provided.,0.85,,,
212,relation,Jugular Venous Desaturation,is monitored by,Jugular Venous Oxygen Saturation,[inferred] cluster completion,accept_direct,,,,,Jugular Venous Desaturation is directly monitored by Jugular Venous Oxygen Saturation.,0.9,,,
213,relation,Management,is managed by,Barbiturates,[inferred] cluster completion,reject,,,,,"Management is not a valid class in the ontology, making the relationship semantically incorrect.",0.9,,,
214,relation,Microdialysis,is monitored by,Partial Pressure of Brain Tissue Oxygen,[inferred] cluster completion,accept_indirect,,,,,Microdialysis is related to Partial Pressure of Brain Tissue Oxygen through the monitoring of physiological parameters.,0.8,,,
215,relation,Removal of Foreign Body,has surgical procedure,Evacuation of Mass Lesion,[inferred] cluster completion,revise,4.4,Removal of Foreign Body,is a type of,Evacuation of Mass Lesion,The relation label should be 'is a type of' instead of 'has surgical procedure'.,0.85,The relation label should be changed to 'is a type of' to accurately reflect the relationship.,0.9,
216,relation,EUSIG Grade,defines,Secondary Insult,[inferred] cluster completion,reject,,,,,EUSIG Grade does not define Secondary Insult; it categorizes it instead.,0.85,,,
217,relation,Secondary Brain Injury,is a condition of,Secondary Insult,[inferred] cluster completion,accept_direct,,,,,"Secondary Brain Injury is a condition that can result from a Secondary Insult, establishing a direct relationship.",0.85,,,
218,relation,Secondary Brain Injury,worsens,Outcome,[inferred] cluster completion,accept_indirect,,,,,Secondary Brain Injury can worsen Outcome through the pathway of increased complications affecting patient recovery.,0.7,,,low_evidence
219,relation,Secondary Insult,triggers intervention,Secondary Insult Therapy,[inferred] cluster completion,accept_direct,,,,,Secondary Insult triggers intervention through Secondary Insult Therapy in neurointensive care.,0.85,,,
220,relation,Secondary Insult Grades,defines,Secondary Insult,[inferred] cluster completion,reject,,,,,The relationship 'defines' does not accurately represent the connection between 'Secondary Insult Grades' and 'Secondary Insult'.,0.85,,,
221,relation,Secondary Insult Therapy,is administered during,Secondary Insult,[inferred] cluster completion,accept_direct,,,,,The relationship between Secondary Insult Therapy and Secondary Insult is clinically valid and directly applicable in neurointensive care.,0.85,,,
222,relation,Secondary Insult Therapy,reduces,Secondary Brain Injury,[inferred] cluster completion,accept_direct,,,,,Secondary Insult Therapy directly reduces the impact of Secondary Brain Injury.,0.85,,,
223,relation,Secondary Insult Treatment,targets condition,Secondary Insult,[inferred] cluster completion,reject,,,,,The relationship 'targets condition' does not hold between 'Secondary Insult Treatment' and 'Secondary Insult'.,0.85,,,
224,relation,Analgesia,is administered during,Patient Transport,[inferred] cluster completion,reject,,,,,Analgesia is not specifically administered during Patient Transport; this relationship is clinically implausible.,0.85,,,
225,relation,Analgesia,reduces,Poor Outcome,[inferred] cluster completion,reject,,,,,Analgesia does not directly reduce Poor Outcome; the relationship is clinically implausible.,0.85,,,
226,relation,Anti-hypertensives,is administered during,Ventilation,[inferred] cluster completion,reject,,,,,Anti-hypertensives are not directly administered during mechanical ventilation settings and management; the relationship is clinically implausible.,0.85,,,
227,relation,Anti-pyretics,targets condition,Temperature,[inferred] cluster completion,reject,,,,,Anti-pyretics do not target Temperature as a condition; they target fever or hyperthermia directly.,0.85,,,
228,relation,Anti-pyretics,reduces,Poor Outcome,[inferred] cluster completion,reject,,,,,Anti-pyretics do not directly reduce Poor Outcome; the relationship is clinically implausible.,0.85,,,
229,relation,Antibiotics,is administered during,Patient Transport,[inferred] cluster completion,reject,,,,,Antibiotics are not typically administered during Patient Transport; this relationship is clinically implausible.,0.85,,,
230,relation,Electrocardiogram (ECG),is monitored by,Ventilator,[inferred] cluster completion,reject,,,,,Electrocardiogram (ECG) is not monitored by a Ventilator; they serve different monitoring functions.,0.85,,,
231,relation,EtCO2,is monitored by,Ventilator,[inferred] cluster completion,accept_direct,,,,,EtCO2 is directly monitored by a ventilator in neurointensive care.,0.85,,,
232,relation,EtCO2,measures parameter,Carbon Dioxide,[inferred] cluster completion,accept_direct,,,,,EtCO2 directly measures Carbon Dioxide as a monitored parameter in neurointensive care.,0.9,,,
233,relation,Impedance Plethmography,is monitored by,Ventilator,[inferred] cluster completion,reject,,,,,Impedance Plethmography is not directly monitored by a Ventilator; they serve different functions in patient care.,0.85,,,
234,relation,Insult,is a risk factor for,Poor Outcome,[inferred] cluster completion,accept_direct,,,,,Insult is a recognized risk factor for Poor Outcome in neurointensive care.,0.85,,,
235,relation,Insult,triggers intervention,Ventilation,[inferred] cluster completion,reject,,,,,The relationship 'triggers intervention' does not hold between 'Insult' and 'Ventilation' as stated.,0.85,,,
236,relation,Paralysis,is a condition of,Neurological Injury,[inferred] cluster completion,reject,,,,,Paralysis is not classified as a condition of Neurological Injury; it is a type of intervention.,0.85,,,
237,relation,Paralysis,affects outcome,Poor Outcome,[inferred] cluster completion,accept_indirect,,,,,Paralysis can affect outcome through its impact on patient recovery and rehabilitation processes.,0.7,,,low_evidence
238,relation,Patient Transport,is associated with,Ventilation,[inferred] cluster completion,accept_indirect,,,,,Patient Transport is related to Ventilation through the context of patient management during transport.,0.7,,,low_evidence
239,relation,Patient Transport,is administered during,Analgesia,[inferred] cluster completion,reject,,,,,Patient Transport is not directly associated with Analgesia in a clinically valid manner.,0.85,,,
240,relation,Poor Outcome,is influenced by,Insult,[inferred] cluster completion,accept_indirect,,,,,"Poor Outcome is influenced by Insult through the relationship of Outcome being affected by Condition, which includes Insult as a subclass.",0.7,,,low_evidence
241,relation,Poor Outcome,is associated with,Paralysis,[inferred] cluster completion,reject,,,,,"Poor Outcome is not a valid class in the context of neurointensive care, making the relationship clinically implausible.",0.85,,,
242,relation,Sjo2,is monitored by,Ventilator,[inferred] cluster completion,reject,,,,,Sjo2 is not directly monitored by a Ventilator; it is typically monitored by other devices like pulse oximeters.,0.85,,,
243,relation,Skull Fracture Elevation,is associated with,Head Injury,[inferred] cluster completion,accept_direct,,,,,Skull Fracture Elevation is clinically associated with Head Injury in neurointensive care.,0.85,,,
244,relation,TCD,is monitored by,Sensor,[inferred] cluster completion,accept_direct,,,,,TCD is a monitoring parameter that is directly monitored by a sensor.,0.9,,,
245,relation,Ventilation,is managed by,Ventilator,[inferred] cluster completion,accept_direct,,,,,Mechanical ventilation settings are directly managed by a ventilator in neurointensive care.,0.9,,,
246,relation,Ventilation,is associated with,Patient Transport,[inferred] cluster completion,reject,,,,,The relationship 'is associated with' does not hold between 'Ventilation' and 'Patient Transport' in a direct or indirect manner.,0.85,,,
247,relation,White Blood Cell Count,has laboratory value,Haematology,[inferred] cluster completion,reject,,,,,"The relationship 'has laboratory value' does not correctly apply to the classes given, as White Blood Cell Count is not a subclass of Haematology.",0.85,,,
248,relation,Brain Temperature,is monitored by,Sensor,[inferred] cluster completion,accept_direct,,,,,"Brain Temperature is a monitored parameter, and Sensor is used to monitor physiological parameters directly.",0.9,,,
249,relation,Brain Temperature,has monitoring data,Timepoint,[inferred] cluster completion,accept_direct,,,,,Brain Temperature is an optional monitoring parameter and is directly associated with Timepoint in monitoring data.,0.85,,,
250,relation,Heart Rate,is monitored by,Sensor,[inferred] cluster completion,accept_direct,,,,,Heart Rate is a physiological parameter that is directly monitored by a Sensor.,0.95,,,
251,relation,Heart Rate,has monitoring data,Timepoint,[inferred] cluster completion,reject,,,,,"Heart Rate does not have a direct relationship with Timepoint as it is a parameter, not a monitoring data type.",0.85,,,
252,relation,ICP Sensor Placement,is related to,Sensor,[inferred] cluster completion,accept_direct,,,,,The relationship between ICP Sensor Placement and Sensor is valid as the placement is directly related to the function of the sensor.,0.9,,,
253,relation,Measurement Time,has timepoint,Timepoint,[inferred] cluster completion,accept_direct,,,,,The relationship 'Measurement Time has timepoint Timepoint' is semantically correct and directly holds between the two classes.,0.9,,,
254,relation,NIBP,is monitored by,Sensor,[inferred] cluster completion,accept_direct,,,,,"NIBP is indeed monitored by a Sensor, aligning with the definitions provided.",0.9,,,
255,relation,NIBP,has monitoring data,Timepoint,[inferred] cluster completion,accept_direct,,,,,NIBP is a type of monitoring data directly associated with timepoints in monitoring.,0.85,,,
256,relation,Observation,is measured at,Timepoint,[inferred] cluster completion,accept_direct,,,,,Observation is directly associated with Timepoint as it represents measurements recorded at specific moments.,0.9,,,
257,relation,Parameter,is measured by,Sensor,[inferred] cluster completion,accept_direct,,,,,The relationship 'Parameter is measured by Sensor' is semantically correct and holds directly between the two classes.,0.95,,,
258,relation,Peripheral Temperature,is monitored by,Sensor,[inferred] cluster completion,accept_direct,,,,,Peripheral Temperature is directly monitored by Sensor as per the definitions provided.,0.9,,,
259,relation,Peripheral Temperature,has monitoring data,Timepoint,[inferred] cluster completion,accept_direct,,,,,"Peripheral Temperature is a valid subclass of Monitoring Data, and Timepoint is associated with sensor readings.",0.85,,,
260,relation,Reading,is measured at,Timepoint,[inferred] cluster completion,accept_direct,,,,,The relationship 'Reading is measured at Timepoint' is semantically correct and directly holds between the two classes.,0.9,,,
261,relation,Reading,measures parameter,Parameter,[inferred] cluster completion,accept_direct,,,,,The relationship 'Reading measures parameter' is semantically correct and directly holds between the two classes.,0.9,,,
262,relation,Respiration Rate,is monitored by,Sensor,[inferred] cluster completion,accept_direct,,,,,"Respiration Rate is directly monitored by Sensor, aligning with the definitions provided.",0.9,,,
263,relation,Respiration Rate,has monitoring data,Timepoint,[inferred] cluster completion,accept_direct,,,,,The relationship 'Respiration Rate has monitoring data Timepoint' is semantically correct as both classes are related in monitoring parameters.,0.9,,,
264,relation,Temperature,is monitored by,Sensor,[inferred] cluster completion,accept_direct,,,,,"Temperature is monitored by Sensor, which is a direct relationship in the context of physiological monitoring.",0.95,,,
265,relation,Temperature,has monitoring data,Timepoint,[inferred] cluster completion,reject,,,,,Temperature does not have a direct relationship with Timepoint as defined; they are not in the same conceptual hierarchy.,0.85,,,
266,relation,Biochemistry,has laboratory value,Potassium,[inferred] cluster completion,accept_direct,,,,,Biochemistry directly assesses laboratory values like Potassium.,0.9,,,
267,relation,Biochemistry,has laboratory value,Sodium,[inferred] cluster completion,accept_direct,,,,,"Biochemistry directly assesses laboratory values, including Sodium.",0.9,,,
268,relation,Blood Gases,is monitored by,Monitoring,[inferred] cluster completion,accept_direct,,,,,Blood gases are monitored through continuous observation of physiological parameters in critically ill patients.,0.85,,,
269,relation,Cardiac Output,is monitored by,Monitoring,[inferred] cluster completion,accept_direct,,,,,Cardiac Output is a monitored parameter under Monitoring Data.,0.9,,,
270,relation,Fluids,is monitored by,Monitoring,[inferred] cluster completion,reject,,,,,"Fluids cannot be directly monitored by Monitoring; monitoring refers to parameters, not therapies.",0.85,,,
271,relation,Glucose,is monitored by,Monitoring,[inferred] cluster completion,accept_direct,,,,,"Glucose is a monitored parameter in critically ill patients, directly related to Monitoring.",0.9,,,
272,relation,Haematocrit,has laboratory value,Haematology,[inferred] cluster completion,accept_direct,,,,,"Haematocrit is a laboratory value within the haematology category, making the relationship valid.",0.9,,,
273,relation,Haematology,has laboratory value,Haemoglobin,[inferred] cluster completion,accept_direct,,,,,Haematology is a valid class that encompasses laboratory values including Haemoglobin.,0.9,,,
274,relation,Haematology,has laboratory value,Haematocrit,[inferred] cluster completion,accept_direct,,,,,Haematology is a valid category that includes Haematocrit as a laboratory value.,0.95,,,
275,relation,Haemoglobin,has laboratory value,Haematology,[inferred] cluster completion,revise,4.8,Haematology,has laboratory value,Haemoglobin,The relationship should be 'Haematology has laboratory value Haemoglobin' instead of the current direction.,0.85,The subject and object need to be swapped to reflect the correct relationship direction.,0.95,
276,relation,Monitoring,monitoring indicates condition,Secondary Insult,[inferred] cluster completion,reject,,,,,Monitoring does not indicate Secondary Insult directly; it measures parameters that may relate to conditions.,0.7,,,low_evidence
277,relation,Nutrition,is monitored by,Monitoring,[inferred] cluster completion,reject,,,,,"Nutrition is not a monitored parameter; it is a type of therapy, making the relationship incorrect.",0.85,,,
278,relation,Potassium,has laboratory value,Biochemistry,[inferred] cluster completion,revise,4.4,Potassium,is a laboratory value of,Biochemistry,The relationship label should be 'is a laboratory value of' instead of 'has laboratory value'.,0.85,The relation label needs to be corrected to accurately reflect the relationship.,0.9,
279,relation,Sedation,is monitored by,Monitoring,[inferred] cluster completion,accept_indirect,,,,,Sedation level management is monitored by Monitoring through the observation of physiological parameters.,0.8,,,
280,relation,Sodium,has laboratory value,Biochemistry,[inferred] cluster completion,revise,4.4,Sodium,isALaboratoryValueOf,Biochemistry,The relationship should be 'Sodium is a laboratory value of Biochemistry' instead of 'has laboratory value'.,0.85,The relationship label should reflect that Sodium is a laboratory value of Biochemistry.,0.9,
281,relation,Disability,is associated with,Outcome Score,[inferred] cluster completion,accept_direct,,,,,Disability is clinically associated with Outcome Score in assessing brain injury recovery.,0.85,,,
282,relation,Disability,is influenced by,GCS Assessment,[inferred] cluster completion,accept_indirect,,,,,Disability is influenced by GCS Assessment through the assessment of neurological status affecting daily living activities.,0.7,,,low_evidence
283,relation,GCS Assessment,is associated with,Pupil Assessment,[inferred] cluster completion,accept_indirect,,,,,"GCS Assessment and Pupil Assessment are both part of Clinical Assessment, linking them indirectly.",0.7,,,low_evidence
284,relation,GOSe Outcome,relates to clinical outcome,Outcome Score,[inferred] cluster completion,accept_direct,,,,,GOSe Outcome directly relates to Outcome Score as both assess patient outcomes post-brain injury.,0.85,,,
285,relation,Motor Impairment,is associated with,Disability,[inferred] cluster completion,accept_direct,,,,,Motor Impairment is directly associated with Disability in brain injury patients.,0.85,,,
286,relation,Motor Impairment,is influenced by,GCS Assessment,[inferred] cluster completion,accept_indirect,,,,,Motor impairment is influenced by GCS assessment through the relationship of assessing neurological status and its impact on motor function.,0.7,,,low_evidence
287,relation,Outcome Score,predicts outcome,GOSe Outcome,[inferred] cluster completion,accept_direct,,,,,The relationship 'Outcome Score predicts GOSe Outcome' is semantically correct and holds directly between the two classes.,0.9,,,
288,relation,Outcome Score,is associated with,Disability,[inferred] cluster completion,accept_indirect,,,,,Outcome Score is related to Disability through the assessment of neurological outcomes in brain injury patients.,0.7,,,low_evidence
289,relation,Pupil Assessment,is associated with,GCS Assessment,[inferred] cluster completion,accept_direct,,,,,Pupil Assessment and GCS Assessment are both clinical assessments related to neurological status.,0.85,,,
290,relation,CPP,is influenced by,ICP,[inferred] cluster completion,accept_direct,,,,,CPP is directly influenced by ICP in the context of neurointensive care.,0.9,,,
291,relation,CPP,calculates,Mean Cerebral Perfusion Pressure,[inferred] cluster completion,accept_indirect,,,,,CPP indirectly influences Mean Cerebral Perfusion Pressure through the calculation involving mean arterial pressure and intracranial pressure.,0.7,,,low_evidence
292,relation,Intracranial Hypertension,is a condition of,ICP,[inferred] cluster completion,accept_direct,,,,,Intracranial Hypertension is a recognized condition related to ICP in neurointensive care.,0.95,,,
293,relation,Mean Cerebral Perfusion Pressure,is influenced by,ICP,[inferred] cluster completion,accept_direct,,,,,Mean Cerebral Perfusion Pressure is directly influenced by ICP in neurological assessments.,0.9,,,
294,relation,Pressure Reactivity Index (PRx),assesses,ICP,[inferred] cluster completion,accept_direct,,,,,"PRx directly assesses ICP, linking the two classes correctly.",0.9,,,
295,relation,Carbon Dioxide,is monitored by,Partial Pressure of Carbon Dioxide,[inferred] cluster completion,accept_direct,,,,,Carbon Dioxide is directly monitored by Partial Pressure of Carbon Dioxide in clinical practice.,0.9,,,
296,relation,Carbon Dioxide,is associated with,Ventilation,[inferred] cluster completion,accept_direct,,,,,Carbon Dioxide is directly associated with Ventilation in the context of respiratory function monitoring.,0.85,,,
297,relation,End-tidal Carbon Dioxide,assesses,Ventilation,[inferred] cluster completion,accept_indirect,,,,,End-tidal Carbon Dioxide indirectly assesses Ventilation through the relationship of monitoring parameters and their influence on therapy management.,0.7,,,low_evidence
298,relation,End-tidal Carbon Dioxide,is measured by,Sensor,[inferred] cluster completion,accept_direct,,,,,End-tidal Carbon Dioxide is directly measured by a Sensor in the context of physiological parameters.,0.9,,,
299,relation,Partial Pressure of Carbon Dioxide,is influenced by,Ventilation,[inferred] cluster completion,accept_direct,,,,,Partial Pressure of Carbon Dioxide is directly influenced by Ventilation settings.,0.9,,,
300,hierarchy,Decompressive Craniectomy,subClassOf,Surgical Procedure,Decompressive craniectomy (DC) is a surgical technique originally described by Kocher in 1901.,accept_direct,,,,,Decompressive Craniectomy is a recognized subclass of Surgical Procedure.,0.95,,,
301,hierarchy,Secondary Insult,subClassOf,Insult,One of the most critical types of systemic secondary insult is arterial hypotension.,reject,,,,,Secondary Insult is not a subclass of Insult; it is a specific type of complication.,0.9,,,
302,hierarchy,Vasopressors,subClassOf,Baseline Therapy,[inferred] Vasopressors is a subclass of Baseline Therapy (deterministic hierarchy checklist).,reject,,,,,Vasopressors are not a subclass of Baseline Therapy; they are typically classified under Secondary Insult Therapy.,0.85,,,
303,hierarchy,Secondary Insult,subClassOf,Condition,[inferred] Secondary Insult is a subclass of Condition (deterministic hierarchy checklist).,reject,,,,,Secondary Insult is not a subclass of Condition as defined; it refers to complications rather than a type of condition.,0.85,,,
304,hierarchy,Core Monitoring Parameter,subClassOf,Monitoring Data,[inferred] Chain-of-Layer: Core Monitoring Parameter is organized under Monitoring Data,accept_direct,,,,,Core Monitoring Parameter is a subclass of Monitoring Data as per the ontology structure.,0.95,,,
305,hierarchy,Heart Rate,subClassOf,Core Monitoring Parameter,[inferred] Chain-of-Layer: Heart Rate is organized under Core Monitoring Parameter,accept_direct,,,,,Heart Rate is a recognized subclass of Core Monitoring Parameter.,0.95,,,
306,hierarchy,Mean Arterial Pressure (MAP),subClassOf,Core Monitoring Parameter,[inferred] Chain-of-Layer: Mean Arterial Pressure (MAP) is organized under Core Monitoring Parameter,accept_direct,,,,,Mean Arterial Pressure (MAP) is correctly classified as a subclass of Core Monitoring Parameter.,0.95,,,
307,hierarchy,Mean Intracranial Pressure,subClassOf,Core Monitoring Parameter,[inferred] Chain-of-Layer: Mean Intracranial Pressure is organized under Core Monitoring Parameter,accept_direct,,,,,Mean Intracranial Pressure is a valid subclass of Core Monitoring Parameter.,0.95,,,
308,hierarchy,Mean Cerebral Perfusion Pressure,subClassOf,Core Monitoring Parameter,[inferred] Chain-of-Layer: Mean Cerebral Perfusion Pressure is organized under Core Monitoring Parameter,accept_direct,,,,,Mean Cerebral Perfusion Pressure is correctly classified as a subclass of Core Monitoring Parameter.,0.9,,,
309,hierarchy,Pressure Reactivity Index (PRx),subClassOf,Core Monitoring Parameter,[inferred] Chain-of-Layer: Pressure Reactivity Index (PRx) is organized under Core Monitoring Parameter,accept_direct,,,,,"PRx is a subclass of Core Monitoring Parameter, which aligns with the ontology structure.",0.9,,,
310,hierarchy,Monitoring Time,subClassOf,Monitoring Data,[inferred] Chain-of-Layer: Monitoring Time is organized under Monitoring Data,accept_direct,,,,,"Monitoring Time is a specific aspect of Monitoring Data, making the subclass relationship valid.",0.95,,,
311,hierarchy,Baseline Therapy,subClassOf,Therapy,[inferred] Chain-of-Layer: Baseline Therapy is organized under Therapy,accept_direct,,,,,"Baseline Therapy is a subclass of Therapy, aligning with the ontology structure.",0.95,,,
312,hierarchy,Barbiturates,subClassOf,Secondary Insult Therapy,[inferred] Chain-of-Layer: Barbiturates is organized under Baseline Therapy,reject,,,,,"Barbiturates are a subclass of Baseline Therapy, not Secondary Insult Therapy.",0.9,,,
313,hierarchy,Traumatic Brain Injury,subClassOf,Condition,[inferred] Chain-of-Layer: Traumatic Brain Injury is organized under Condition,reject,,,,,Traumatic Brain Injury is not a type of stroke; the relationship is semantically incorrect.,0.95,,,
314,hierarchy,Sepsis,subClassOf,Condition,[inferred] Chain-of-Layer: Sepsis is organized under Condition,reject,,,,,"Sepsis is not a subclass of Condition as defined; it is a specific medical condition, not a type of stroke.",0.9,,,
315,hierarchy,Septic Shock,subClassOf,Condition,[inferred] Chain-of-Layer: Septic Shock is organized under Condition,reject,,,,,Septic Shock is not a subclass of Condition as defined; it is a specific medical condition rather than a type of stroke.,0.9,,,
316,hierarchy,GCS Assessment,subClassOf,Clinical Assessment,[inferred] Chain-of-Layer: GCS Assessment is organized under Outcome,accept_direct,,,,,"GCS Assessment is a specific type of Clinical Assessment, making the subclass relationship valid.",0.9,,,
317,hierarchy,Guideline Adherence,subClassOf,Guideline,[inferred] Chain-of-Layer: Guideline Adherence is organized under Guideline,accept_direct,,,,,"Guideline Adherence is a subclass of Guideline, aligning with the ontology structure.",0.9,,,
318,hierarchy,Cerebrovascular Autoregulation,subClassOf,Condition,[inferred] Cerebrovascular Autoregulation is a subclass of Condition (deterministic hierarchy checklist).,reject,,,,,"Cerebrovascular Autoregulation is not a subclass of Condition; it is a physiological mechanism, not a medical condition.",0.9,,,
319,hierarchy,Haematocrit,subClassOf,Haematology,the physiological vital functions are extensively monitored.,accept_direct,,,,,Haematocrit is a specific measure within the broader category of Haematology.,0.9,,,
320,hierarchy,TCD,subClassOf,Optional Monitoring Parameter,the physiological vital functions are extensively monitored.,accept_direct,,,,,TCD is a valid subclass of Optional Monitoring Parameter in the context of neurointensive care.,0.95,,,
321,hierarchy,Optional Monitoring Parameter,subClassOf,Monitoring Data,the physiological vital functions are extensively monitored.,accept_direct,,,,,"Optional Monitoring Parameter is a subclass of Monitoring Data, aligning with the defined ontology structure.",0.95,,,
322,hierarchy,ICP,subClassOf,Core Monitoring Parameter,the physiological vital functions are extensively monitored.,accept_direct,,,,,ICP is a recognized subclass of Core Monitoring Parameter in neurointensive care.,0.95,,,
323,hierarchy,Removal of Foreign Body,subClassOf,Surgical Procedure,the physiological vital functions are extensively monitored.,accept_direct,,,,,"Removal of Foreign Body is a specific type of Surgical Procedure, validating the subclass relationship.",0.9,,,
324,hierarchy,Peripheral Temperature,subClassOf,Optional Monitoring Parameter,the physiological vital functions are extensively monitored.,accept_direct,,,,,"Peripheral Temperature is a subclass of Optional Monitoring Parameter, aligning with the defined hierarchy.",0.9,,,
325,hierarchy,Sodium,subClassOf,Biochemistry,the physiological vital functions are extensively monitored.,accept_direct,,,,,Sodium is a valid subclass of Biochemistry as it is a biochemical parameter assessed in laboratory values.,0.9,,,
326,hierarchy,Fluids,subClassOf,Baseline Therapy,the physiological vital functions are extensively monitored.,reject,,,,,Fluids is not a subclass of Baseline Therapy as defined; the definitions do not align with the standard medical meaning.,0.85,,,
327,hierarchy,Extra Ventricular Drain Placement,subClassOf,Surgical Procedure,the physiological vital functions are extensively monitored.,accept_direct,,,,,Extra Ventricular Drain Placement is a specific type of Surgical Procedure.,0.95,,,
328,hierarchy,EtCO2,subClassOf,Optional Monitoring Parameter,the physiological vital functions are extensively monitored.,accept_direct,,,,,EtCO2 is a recognized subclass of Optional Monitoring Parameter in the context of neurointensive care.,0.9,,,
329,hierarchy,Sjo2,subClassOf,Optional Monitoring Parameter,the physiological vital functions are extensively monitored.,accept_direct,,,,,"Sjo2 is a subclass of Optional Monitoring Parameter, aligning with the ontology structure.",0.9,,,
330,hierarchy,Blood Gases,subClassOf,Laboratory Values,the physiological vital functions are extensively monitored.,accept_direct,,,,,"Blood Gases is a subclass of Laboratory Values, aligning with the ontology structure.",0.9,,,
331,hierarchy,Haemoglobin,subClassOf,Haematology,the physiological vital functions are extensively monitored.,accept_direct,,,,,Haemoglobin is a valid subclass of Haematology as it pertains to blood analysis.,0.9,,,
332,hierarchy,Glucose,subClassOf,Biochemistry,the physiological vital functions are extensively monitored.,reject,,,,,Glucose is not a subclass of Biochemistry; it is an analyte within the Biochemistry panel.,0.9,,,
333,hierarchy,Anterior Fossa Repair,subClassOf,Surgical Procedure,the physiological vital functions are extensively monitored.,accept_direct,,,,,"Anterior Fossa Repair is a type of Surgical Procedure, aligning with the subclass relationship.",0.95,,,
334,hierarchy,Secondary Insult Treatment,subClassOf,Secondary Insult Therapy,the physiological vital functions are extensively monitored.,accept_direct,,,,,The subclass relationship between Secondary Insult Treatment and Secondary Insult Therapy is clinically valid.,0.9,,,
335,hierarchy,NIBP,subClassOf,Optional Monitoring Parameter,the physiological vital functions are extensively monitored.,accept_direct,,,,,NIBP is correctly classified as a subclass of Optional Monitoring Parameter.,0.95,,,
336,hierarchy,Hypotension,subClassOf,Condition,the physiological vital functions are extensively monitored.,reject,,,,,"Hypotension is not a subclass of Condition; it is a specific medical condition, not a type of stroke.",0.9,,,
337,hierarchy,Haematology,subClassOf,Laboratory Values,the physiological vital functions are extensively monitored.,accept_direct,,,,,Haematology is a valid subclass of Laboratory Values as it pertains to blood tests.,0.9,,,
338,hierarchy,Sedation,subClassOf,Baseline Therapy,the physiological vital functions are extensively monitored.,reject,,,,,"Sedation is not a subclass of Baseline Therapy as defined; it is a type of therapy, not a state of normal carbon dioxide levels.",0.85,,,
339,hierarchy,CT Scan Assessment,subClassOf,Clinical Assessment,the physiological vital functions are extensively monitored.,accept_direct,,,,,CT Scan Assessment is a subclass of Clinical Assessment as it is a structured evaluation method.,0.9,,,
340,hierarchy,Hypotension,subClassOf,Septic Shock,Duration of hypotension before initiation of effective antimicrobial therapy is the critical determinant of survival in human septic shock.,reject,,,,,Hypotension is not a subclass of Septic Shock; they are distinct conditions.,0.85,,,
341,hierarchy,Hypoperfusion,subClassOf,Cerebrovascular Autoregulation,secondary ischemic damage from associated hypoperfusion.,reject,,,,,Hypoperfusion is not a subclass of Cerebrovascular Autoregulation; they are distinct concepts.,0.85,,,
342,hierarchy,Cardiac Output,subClassOf,Optional Monitoring Parameter,Domain-scope scaffolding: Cardiac Output is a known subclass of Optional Monitoring Parameter in the BrainIT domain.,accept_direct,,,,,Cardiac Output is correctly classified as a subclass of Optional Monitoring Parameter.,0.95,,,
343,hierarchy,Nutrition,subClassOf,Baseline Therapy,Domain-scope scaffolding: Nutrition is a known subclass of Baseline Therapy in the BrainIT domain.,accept_direct,,,,,Nutrition is correctly classified as a subclass of Baseline Therapy in the BrainIT domain.,0.95,,,
344,hierarchy,Pupil Assessment,subClassOf,Clinical Assessment,Domain-scope scaffolding: Pupil Assessment is a known subclass of Clinical Assessment in the BrainIT domain.,accept_direct,,,,,Pupil Assessment is correctly identified as a subclass of Clinical Assessment in the BrainIT domain.,0.9,,,
345,hierarchy,Potassium,subClassOf,Biochemistry,Domain-scope scaffolding: Potassium is a known subclass of Biochemistry in the BrainIT domain.,accept_direct,,,,,Potassium is a known subclass of Biochemistry in the BrainIT domain.,0.9,,,
346,hierarchy,Possible Error,subClassOf,Data Quality Assessment,Domain-scope scaffolding: Possible Error is a known subclass of Data Quality Assessment in the BrainIT domain.,accept_direct,,,,,Possible Error is a recognized subclass of Data Quality Assessment in the BrainIT domain.,0.9,,,
347,hierarchy,Hypertension,subClassOf,Condition,Schema-inferred: Hypertension is a subclass of Condition.,reject,,,,,Hypertension is not a subclass of Condition as defined; Condition refers specifically to stroke-related issues.,0.9,,,
348,hierarchy,Biochemistry,subClassOf,Laboratory Values,Schema-inferred: Biochemistry is a subclass of Laboratory Values.,accept_direct,,,,,Biochemistry is a recognized subclass of Laboratory Values in the context of neurointensive care.,0.95,,,
349,hierarchy,Arterial Pressors,subClassOf,Secondary Insult Therapy,Schema-inferred: Arterial Pressors is a subclass of Secondary Insult Therapy.,accept_direct,,,,,Arterial Pressors is correctly classified as a subclass of Secondary Insult Therapy.,0.95,,,
350,hierarchy,Secondary Insult Therapy,subClassOf,Therapy,Schema-inferred: Secondary Insult Therapy is a subclass of Therapy.,accept_direct,,,,,Secondary Insult Therapy is correctly classified as a subclass of Therapy.,0.95,,,
351,hierarchy,Intracranial Hypertension,subClassOf,Secondary Insult,Schema-inferred: Intracranial Hypertension is a subclass of Secondary Insult.,accept_direct,,,,,Intracranial Hypertension is a recognized subclass of Secondary Insult in neurointensive care.,0.95,,,
352,hierarchy,Jugular Venous Desaturation,subClassOf,Secondary Insult,Schema-inferred: Jugular Venous Desaturation is a subclass of Secondary Insult.,accept_direct,,,,,Jugular Venous Desaturation is clinically recognized as a subclass of Secondary Insult in neurointensive care.,0.9,,,
353,hierarchy,GOSe Outcome,subClassOf,Outcome,Schema-inferred: GOSe Outcome is a subclass of Outcome.,accept_direct,,,,,GOSe Outcome is a recognized subclass of Outcome in the context of TBI assessment.,0.95,,,
354,hierarchy,CVP,subClassOf,Optional Monitoring Parameter,Schema-inferred: Central Venous Pressure is a subclass of Optional Monitoring Parameter.,accept_direct,,,,,CVP is correctly classified as a subclass of Optional Monitoring Parameter.,0.9,,,
355,hierarchy,Acute Respiratory Distress Syndrome,subClassOf,Secondary Insult,Schema-inferred: Acute Respiratory Distress Syndrome is a subclass of Secondary Insult.,reject,,,,,Acute Respiratory Distress Syndrome is not a subclass of Secondary Insult in the context of neurointensive care.,0.9,,,
356,hierarchy,Traumatic Brain Injury,subClassOf,Brain Injury,Traumatic brain injury (TBI) is a leading cause of death and long-term disability worldwide.,accept_direct,,,,,"Traumatic Brain Injury is a subclass of Brain Injury, aligning with standard medical definitions.",0.95,,,
357,hierarchy,Condition,subClassOf,Mortality,"Clinical management of this population is focused on minimising tivity, disease severity and mortality is related to the partial pressure of any secondary injury, such as ischemia or raised intracranial pressure brain tissue oxygen (PbtO2) .",reject,,,,,"Mortality is not a subclass of Condition; it is an outcome measure, not a medical condition itself.",0.9,,,
358,hierarchy,Arterial Hypotension,subClassOf,Secondary Insult,[inferred] Arterial Hypotension is a subclass of Secondary Insult (deterministic hierarchy checklist).,accept_direct,,,,,Arterial Hypotension is a clinically recognized subclass of Secondary Insult in the context of neurointensive care.,0.9,,,
359,hierarchy,Brain Injury,subClassOf,Condition,[inferred] Chain-of-Layer: Brain Injury is organized under Condition,reject,,,,,Brain Injury is not a subclass of Condition; it is a specific type of medical condition.,0.85,,,
360,hierarchy,Secondary Brain Injury,subClassOf,Brain Injury,[inferred] Chain-of-Layer: Secondary Brain Injury is organized under Brain Injury,accept_direct,,,,,"Secondary Brain Injury is a subclass of Brain Injury, aligning with established medical definitions.",0.95,,,
361,hierarchy,Cerebrovascular Autoregulation,subClassOf,Secondary Insult,[inferred] Chain-of-Layer: Cerebrovascular Autoregulation is organized under Secondary Insult,accept_direct,,,,,Cerebrovascular Autoregulation is a valid subclass of Secondary Insult as it relates to complications after initial injury.,0.85,,,
362,hierarchy,Adverse Event,subClassOf,Condition,[inferred] Chain-of-Layer: Adverse Event is organized under Condition,reject,,,,,Adverse Event is not a subclass of Condition; it is a specific occurrence related to medical interventions.,0.85,,,
363,hierarchy,Heart Rate,subClassOf,Physiological Data,[inferred] Chain-of-Layer: Heart Rate is organized under Physiological Data,accept_direct,,,,,"Heart Rate is a subclass of Physiological Data, aligning with the established ontology structure.",0.95,,,
364,hierarchy,Mean Arterial Pressure (MAP),subClassOf,Physiological Data,[inferred] Chain-of-Layer: Mean Arterial Pressure (MAP) is organized under Physiological Data,accept_direct,,,,,"Mean Arterial Pressure (MAP) is a subclass of Physiological Data, aligning with the ontology's structure.",0.9,,,
365,hierarchy,ICP,subClassOf,Physiological Data,[inferred] Chain-of-Layer: ICP is organized under Physiological Data,accept_direct,,,,,"ICP is a subclass of Physiological Data, aligning with the ontology structure.",0.95,,,
366,hierarchy,CPP,subClassOf,Physiological Data,[inferred] Chain-of-Layer: CPP is organized under Physiological Data,accept_direct,,,,,"CPP is a subclass of Physiological Data, aligning with the ontology's structure.",0.9,,,
367,hierarchy,Carbon Dioxide,subClassOf,Physiological Data,[inferred] Chain-of-Layer: Carbon Dioxide is organized under Physiological Data,accept_direct,,,,,Carbon Dioxide is a valid subclass of Physiological Data as it reflects physiological parameters.,0.95,,,
368,hierarchy,Pbro2,subClassOf,Physiological Data,[inferred] Chain-of-Layer: Pbro2 is organized under Physiological Data,accept_direct,,,,,"PbrO2 is a subclass of Physiological Data, reflecting its role in assessing cerebral oxygenation.",0.95,,,
369,hierarchy,Partial Pressure of Brain Tissue Oxygen,subClassOf,Physiological Data,[inferred] Chain-of-Layer: Partial Pressure of Brain Tissue Oxygen is organized under Physiological Data,accept_direct,,,,,"Partial Pressure of Brain Tissue Oxygen is a subclass of Physiological Data, aligning with the ontology structure.",0.95,,,
370,hierarchy,Partial Pressure of Carbon Dioxide,subClassOf,Physiological Data,[inferred] Chain-of-Layer: Partial Pressure of Carbon Dioxide is organized under Physiological Data,accept_direct,,,,,Partial Pressure of Carbon Dioxide is a valid subclass of Physiological Data.,0.95,,,
371,hierarchy,Hypothermia Therapy,subClassOf,Baseline Therapy,[inferred] Chain-of-Layer: Hypothermia Therapy is organized under Therapy,reject,,,,,"Hypothermia Therapy is not a subclass of Baseline Therapy as defined; it is a specific treatment, not a standard ICU therapy.",0.85,,,
372,hierarchy,Patient Interventions,subClassOf,Therapy,[inferred] Chain-of-Layer: Patient Interventions is organized under Therapy,accept_direct,,,,,"Patient Interventions is a valid subclass of Therapy, aligning with the ontology structure.",0.95,,,
373,hierarchy,Guideline Adherence,subClassOf,Clinical Practice,[inferred] Chain-of-Layer: Guideline Adherence is organized under Clinical Practice,accept_direct,,,,,"Guideline Adherence is a specific aspect of Clinical Practice, making the subclass relationship valid.",0.95,,,
374,hierarchy,Clinical Reminders,subClassOf,Clinical Practice,[inferred] Chain-of-Layer: Clinical Reminders is organized under Clinical Practice,accept_direct,,,,,Clinical Reminders is a valid subclass of Clinical Practice as it aids in guideline adherence.,0.9,,,
375,hierarchy,Outcome Score,subClassOf,Outcome,[inferred] Chain-of-Layer: Outcome Score is organized under Outcome,accept_direct,,,,,"Outcome Score is a subclass of Outcome, aligning with the ontology structure.",0.95,,,
376,hierarchy,Mortality,subClassOf,Outcome,[inferred] Mortality is a subclass of Outcome (deterministic hierarchy checklist).,accept_direct,,,,,Mortality is a recognized subclass of Outcome in clinical contexts.,0.95,,,
377,hierarchy,Pressure Reactivity Index (PRx),subClassOf,Derived Parameter,derived index reflecting cerebrovascular pressure reactivity,accept_direct,,,,,"PRx is a derived parameter used to assess cerebrovascular pressure reactivity, fitting the subclass definition.",0.9,,,
378,hierarchy,Physiotherapy,subClassOf,Nursing Intervention,[inferred] Physiotherapy is a subclass of Nursing Intervention.,accept_direct,,,,,Physiotherapy is correctly classified as a subclass of Nursing Intervention.,0.9,,,
379,hierarchy,ICP Sensor Placement,subClassOf,Surgical Procedure,placement of ICP monitoring sensor,revise,4.1,ICP Sensor Placement,subClassOf,Monitoring Data,"ICP Sensor Placement should be a subclass of Monitoring Data, not Surgical Procedure.",0.85,"ICP Sensor Placement should be a subclass of Monitoring Data, not Surgical Procedure.",0.9,
380,hierarchy,White Blood Cell Count,subClassOf,Haematology,[inferred] White Blood Cell Count is a subclass of Haematology.,accept_direct,,,,,"White Blood Cell Count is a valid subclass of Haematology, aligning with standard medical definitions.",0.95,,,
381,hierarchy,Analgesia,subClassOf,Baseline Therapy,[inferred] Analgesia is a subclass of Baseline Therapy.,accept_direct,,,,,Analgesia is correctly classified as a subclass of Baseline Therapy in neurointensive care.,0.95,,,
382,hierarchy,Noradrenaline,subClassOf,Vasopressors,[inferred] Noradrenaline is a subclass of Vasopressors.,accept_direct,,,,,"Noradrenaline is a known vasopressor, making the subclass relationship valid.",0.9,,,
383,hierarchy,Anti-pyretics,subClassOf,Baseline Therapy,[inferred] Anti-pyretics is a subclass of Baseline Therapy.,accept_direct,,,,,Anti-pyretics is a recognized subclass of Baseline Therapy in neurointensive care.,0.95,,,
384,hierarchy,Paralysis,subClassOf,Baseline Therapy,[inferred] Paralysis is a subclass of Baseline Therapy.,reject,,,,,"Paralysis is not a subclass of Baseline Therapy; it is a type of intervention, not a standard therapy.",0.85,,,
385,hierarchy,Anti-hypertensives,subClassOf,Baseline Therapy,[inferred] Anti-hypertensives is a subclass of Baseline Therapy.,accept_direct,,,,,Anti-hypertensives is correctly classified as a subclass of Baseline Therapy.,0.95,,,
386,hierarchy,Osmotics,subClassOf,Secondary Insult Therapy,[inferred] Osmotics is a subclass of Secondary Insult Therapy.,accept_direct,,,,,Osmotics is a recognized subclass of Secondary Insult Therapy in neurointensive care.,0.95,,,
387,hierarchy,Skull Fracture Elevation,subClassOf,Surgical Procedure,[inferred] Skull Fracture Elevation is a subclass of Surgical Procedure.,accept_direct,,,,,Skull Fracture Elevation is a valid subclass of Surgical Procedure in the neurointensive care context.,0.9,,,
388,hierarchy,CPP,subClassOf,Derived Parameter,Cerebral Perfusion Pressure (CPP) management,accept_direct,,,,,CPP is a subclass of Derived Parameter as it is a calculated monitoring parameter.,0.9,,,
389,hierarchy,Patient Transport,subClassOf,Nursing Intervention,[inferred] Patient Transport is a subclass of Nursing Intervention.,accept_direct,,,,,Patient Transport is a valid subclass of Nursing Intervention.,0.9,,,
390,hierarchy,Systemic Hypotension,subClassOf,Secondary Insult,[inferred] Systemic Hypotension is a subclass of Secondary Insult.,accept_direct,,,,,Systemic Hypotension is a recognized subclass of Secondary Insult in the context of neurointensive care.,0.9,,,
391,hierarchy,Ventilation,subClassOf,Baseline Therapy,[inferred] Ventilation is a subclass of Baseline Therapy.,accept_direct,,,,,Ventilation is a recognized subclass of Baseline Therapy in neurointensive care.,0.95,,,
392,hierarchy,Routine Nursing Care,subClassOf,Nursing Intervention,routine nursing care,accept_direct,,,,,"Routine Nursing Care is a subclass of Nursing Intervention, as defined in the ontology.",0.95,,,
393,hierarchy,Antibiotics,subClassOf,Baseline Therapy,[inferred] Antibiotics is a subclass of Baseline Therapy.,accept_direct,,,,,Antibiotics is correctly classified as a subclass of Baseline Therapy.,0.95,,,
394,hierarchy,Hypotension,subClassOf,Secondary Insult,Hypotension is a recognized secondary insult after traumatic brain injury (TBI).,accept_direct,,,,,Hypotension is a recognized subclass of Secondary Insult in the context of TBI.,0.9,,,
395,hierarchy,Steroids,subClassOf,Secondary Insult Therapy,Domain-scope scaffolding: Steroids is a known subclass of Secondary Insult Therapy in the BrainIT domain.,accept_direct,,,,,Steroids is a known subclass of Secondary Insult Therapy in the BrainIT domain.,0.9,,,
396,hierarchy,Arterial Hypotension,subClassOf,Systemic Hypotension,Schema-inferred: Arterial Hypotension is a subclass of Systemic Hypotension.,accept_direct,,,,,"Arterial Hypotension is a subclass of Systemic Hypotension, aligning with standard medical definitions.",0.9,,,
397,hierarchy,Pbro2,subClassOf,Optional Monitoring Parameter,Schema-inferred: Brain Tissue Oxygen is a subclass of Optional Monitoring Parameter.,accept_direct,,,,,PbrO2 is correctly classified as a subclass of Optional Monitoring Parameter.,0.95,,,
398,hierarchy,Electrocardiogram (ECG),subClassOf,Monitoring Data,"Minute by minute monitoring data This is the minimum minute by minute monitoring data required for inclusion in the Brain Monitoring with Information Technology (BrainIT) Database and include: Heart Rate (specifying source: Electrocardiogram (ECG) or Pulse Oximetry), Respiration Rate (sources: impedance plethmography or ventilator), Mean Arterial Pressure, mean Intracranial Pressure (ICP), Pulse Oximetry (SaO2) and Temperature (sources: rectal=oesophageal= bladder=skin.) I.",accept_direct,,,,,Electrocardiogram (ECG) is a valid subclass of Monitoring Data as it pertains to physiological monitoring.,0.95,,,
399,hierarchy,Respiration Rate,subClassOf,Core Monitoring Parameter,"Minute by minute monitoring data This is the minimum minute by minute monitoring data required for inclusion in the Brain Monitoring with Information Technology (BrainIT) Database and include: Heart Rate (specifying source: Electrocardiogram (ECG) or Pulse Oximetry), Respiration Rate (sources: impedance plethmography or ventilator), Mean Arterial Pressure, mean Intracranial Pressure (ICP), Pulse Oximetry (SaO2) and Temperature (sources: rectal=oesophageal= bladder=skin.) I.",accept_direct,,,,,Respiration Rate is a recognized subclass of Core Monitoring Parameter.,0.95,,,
400,hierarchy,Mean Arterial Pressure (MAP),subClassOf,Monitoring Data,"Minute by minute monitoring data This is the minimum minute by minute monitoring data required for inclusion in the Brain Monitoring with Information Technology (BrainIT) Database and include: Heart Rate (specifying source: Electrocardiogram (ECG) or Pulse Oximetry), Respiration Rate (sources: impedance plethmography or ventilator), Mean Arterial Pressure, mean Intracranial Pressure (ICP), Pulse Oximetry (SaO2) and Temperature (sources: rectal=oesophageal= bladder=skin.) I.",accept_direct,,,,,"Mean Arterial Pressure is a subclass of Monitoring Data, aligning with the defined ontology structure.",0.95,,,
401,hierarchy,Sao2,subClassOf,Monitoring Data,"Minute by minute monitoring data This is the minimum minute by minute monitoring data required for inclusion in the Brain Monitoring with Information Technology (BrainIT) Database and include: Heart Rate (specifying source: Electrocardiogram (ECG) or Pulse Oximetry), Respiration Rate (sources: impedance plethmography or ventilator), Mean Arterial Pressure, mean Intracranial Pressure (ICP), Pulse Oximetry (SaO2) and Temperature (sources: rectal=oesophageal= bladder=skin.) I.",accept_direct,,,,,SaO2 is a subclass of Monitoring Data as it measures physiological parameters.,0.95,,,
402,hierarchy,Temperature,subClassOf,Core Monitoring Parameter,"Minute by minute monitoring data This is the minimum minute by minute monitoring data required for inclusion in the Brain Monitoring with Information Technology (BrainIT) Database and include: Heart Rate (specifying source: Electrocardiogram (ECG) or Pulse Oximetry), Respiration Rate (sources: impedance plethmography or ventilator), Mean Arterial Pressure, mean Intracranial Pressure (ICP), Pulse Oximetry (SaO2) and Temperature (sources: rectal=oesophageal= bladder=skin.) I.",accept_direct,,,,,Temperature is a valid subclass of Core Monitoring Parameter in the context of neurointensive care.,0.95,,,
403,hierarchy,Reading,subClassOf,Observation,define pd:Reading as a subclass of ssn:ObservationValue,accept_direct,,,,,"Reading is a specific type of Observation, making the subclass relationship valid.",0.9,,,
404,hierarchy,Parameter,subClassOf,Observation,pd:Parameter (representing things that were recorded) as a subclass of ssn:Property,reject,,,,,The relationship 'Parameter subClassOf Observation' is semantically incorrect as parameters are not subclasses of observations.,0.85,,,
405,hierarchy,Machine,subClassOf,Sensor,defined mms:Machine as a subclass of ssn:Platform,reject,,,,,The relationship 'Machine is a subclass of Sensor' is incorrect as it contradicts the definitions provided.,0.85,,,
406,hierarchy,Sao2,subClassOf,Core Monitoring Parameter,[inferred] Chain-of-Layer: Sao2 is organized under Core Monitoring Parameter,accept_direct,,,,,Sao2 is correctly classified as a subclass of Core Monitoring Parameter.,0.95,,,
407,hierarchy,CPP,subClassOf,Core Monitoring Parameter,[inferred] Chain-of-Layer: Cerebral Perfusion Pressure (CPP) is organized under Core Monitoring Parameter,accept_direct,,,,,CPP is a subclass of Core Monitoring Parameter as per the defined ontology.,0.95,,,
408,hierarchy,CVP,subClassOf,Core Monitoring Parameter,[inferred] Chain-of-Layer: CVP is organized under Core Monitoring Parameter,accept_direct,,,,,CVP is a recognized subclass of Core Monitoring Parameter in neurointensive care.,0.95,,,
409,hierarchy,Head Injury,subClassOf,Brain Injury,[inferred] Chain-of-Layer: Head Injury is organized under Brain Injury,accept_direct,,,,,"Head Injury is a subclass of Brain Injury, aligning with standard medical definitions.",0.95,,,
410,hierarchy,Neurological Injury,subClassOf,Brain Injury,[inferred] Chain-of-Layer: Neurological Injury is organized under Brain Injury,accept_direct,,,,,"Neurological Injury is a subclass of Brain Injury, aligning with the definitions provided.",0.95,,,
411,hierarchy,Coma,subClassOf,Brain Injury,[inferred] Chain-of-Layer: Coma is organized under Brain Injury,accept_direct,,,,,Coma is a recognized subclass of Brain Injury in the neurointensive care context.,0.95,,,
412,hierarchy,Hypertension,subClassOf,Secondary Insult,[inferred] Chain-of-Layer: Hypertension is organized under Secondary Insult,reject,,,,,Hypertension is not a subclass of Secondary Insult; it is a condition that can lead to secondary insults.,0.9,,,
413,hierarchy,Respiratory Distress Syndrome,subClassOf,Secondary Insult,[inferred] Chain-of-Layer: Respiratory Distress Syndrome is organized under Secondary Insult,reject,,,,,Respiratory Distress Syndrome is not a subclass of Secondary Insult; it is a distinct condition.,0.85,,,
414,hierarchy,Sepsis,subClassOf,Secondary Insult,[inferred] Chain-of-Layer: Sepsis is organized under Secondary Insult,accept_direct,,,,,Sepsis is a recognized subclass of Secondary Insult due to its nature as a complication following an initial injury.,0.85,,,
415,hierarchy,Adrenaline,subClassOf,Therapy,[inferred] Chain-of-Layer: Adrenaline is organized under Therapy,accept_direct,,,,,"Adrenaline is a recognized therapy used in medical treatments, fitting under the Therapy class.",0.95,,,
416,hierarchy,Noradrenaline,subClassOf,Therapy,[inferred] Chain-of-Layer: Noradrenaline is organized under Therapy,accept_direct,,,,,"Noradrenaline is a recognized treatment used in medical settings, fitting under the Therapy class.",0.9,,,
417,hierarchy,Derived Parameter,subClassOf,Monitoring Data,[inferred] Derived Parameter is a subclass of Monitoring Data.,accept_direct,,,,,Derived Parameter is correctly classified as a subclass of Monitoring Data.,0.95,,,
418,hierarchy,Probable Error,subClassOf,Data Quality Assessment,a reading outside its acceptable range with no contextual clinical explanation,accept_direct,,,,,"Probable Error is a subclass of Data Quality Assessment, aligning with the definitions provided.",0.9,,,
419,hierarchy,Bedside Intervention,subClassOf,Nursing Intervention,"Line insertion/renewal, transducer calibration, x-ray",accept_direct,,,,,"Bedside Intervention is a specific type of Nursing Intervention, making the subclass relationship valid.",0.9,,,
420,hierarchy,CPP,subClassOf,Parameter,Cerebral perfusion pressure (CPP 1/4 Blood Pressure (BP)-ICP) monitoring is a good example.,accept_direct,,,,,CPP is a subclass of Parameter as it is a physiological variable measured in neurointensive care.,0.9,,,
421,hierarchy,Brain Temperature,subClassOf,Optional Monitoring Parameter,Domain-scope scaffolding: Brain Temperature is a known subclass of Optional Monitoring Parameter in the BrainIT domain.,accept_direct,,,,,Brain Temperature is correctly classified as a subclass of Optional Monitoring Parameter.,0.95,,,
422,hierarchy,Microdialysis,subClassOf,Optional Monitoring Parameter,Domain-scope scaffolding: Microdialysis is a known subclass of Optional Monitoring Parameter in the BrainIT domain.,accept_direct,,,,,Microdialysis is correctly classified as a subclass of Optional Monitoring Parameter.,0.95,,,
423,hierarchy,Evacuation of Mass Lesion,subClassOf,Surgical Procedure,Domain-scope scaffolding: Evacuation of Mass Lesion is a known subclass of Surgical Procedure in the BrainIT domain.,accept_direct,,,,,Evacuation of Mass Lesion is correctly classified as a subclass of Surgical Procedure.,0.95,,,
424,hierarchy,Adrenaline,subClassOf,Vasopressors,Schema-inferred: Adrenaline is a subclass of Vasopressors.,accept_direct,,,,,"Adrenaline is a known vasopressor used in critical care, making the subclass relationship valid.",0.9,,,
