triple_index,kind,subject,relation,object,evidence,verdict,revise_subtype,suggested_subject,suggested_relation,suggested_object,justification,confidence,stage_b_justification,stage_b_confidence,flags
0,relation,Decompressive Craniectomy,has outcome,Outcome,The outcome was captured at six months using the extended Glasgow Outcome Scale (GOSE).,accept_direct,,,,,Decompressive Craniectomy hasOutcome Outcome is a valid direct relationship as surgical procedures directly relate to patient outcomes.,0.95,,,
1,relation,Traumatic Brain Injury,targets condition,Intracranial Pressure (ICP),one of the cornerstones of brain-protective strategies is to reduce and control intracranial pressure (ICP),accept_direct,,,,,The relationship 'Traumatic Brain Injury targets condition Intracranial Pressure' is valid as ICP is a critical parameter influenced by TBI in neurointensive care.,0.95,,,
2,relation,Intracranial Hypertension,is associated with,Mortality,Uncontrollable intracranial hypertension is a major cause of death in patients with severe traumatic brain injury.,accept_direct,,,,,"Intracranial Hypertension is associated with Mortality, as the evidence states it is a major cause of death in severe traumatic brain injury patients.",0.9,,,
3,relation,Intracranial Hypertension,targets condition,Decompressive Craniectomy,patients with intracranial hypertension treated conservatively were excluded.,accept_direct,,,,,Intracranial Hypertension targets condition Decompressive Craniectomy directly as a valid treatment for elevated intracranial pressure in TBI patients.,0.9,,,
4,relation,GCS Assessment,assesses,Motor Impairment,The Glasgow Motors Score was used for assessing motor impairment.,accept_direct,,,,,"GCS Assessment assesses Motor Impairment directly, as it is used to evaluate neurological status in brain injury patients.",0.95,,,
5,relation,Pupil Assessment,monitoring indicates condition,Motor Impairment,Pupil abnormalities were seen in 34.4% of our patients.,reject,,,,,The relationship 'monitoring indicates condition' does not hold between 'Pupil Assessment' and 'Motor Impairment'; they are not directly related as per the domain context.,0.7,,,low_evidence
6,relation,Secondary Insult,is associated with,Hypotension,"Hypoxia and arterial hypotension were found in 10.0% and 6.1%, respectively.",accept_direct,,,,,"Secondary Insult is associated with Hypotension as both are valid subclasses under Condition, and the relationship holds directly between these classes.",0.9,,,
7,relation,Traumatic Brain Injury,has outcome,Outcome,A more extensive description is provided in the Supplementary Appendix.,accept_direct,,,,,Traumatic Brain Injury hasOutcome Outcome is a valid relationship as TBI is associated with patient outcomes in neurointensive care.,0.9,,,
8,relation,Traumatic Brain Injury,is treated with,Decompressive Craniectomy,Decompressive craniectomy (DC) as a last-tier intervention,accept_direct,,,,,"Traumatic Brain Injury is treated with Decompressive Craniectomy, which is a valid surgical procedure for TBI management in neurointensive care.",0.95,,,
9,relation,Decompressive Craniectomy,is monitored by,Intracranial Pressure (ICP),Mean intracranial pressure (ICP) pre-Decompressive craniectomy (DC),accept_indirect,,,,,Decompressive Craniectomy indirectly relates to Intracranial Pressure via the monitoring of ICP post-surgery; it is a critical parameter in neurological assessments.,0.7,,,low_evidence
10,relation,Intracranial Pressure (ICP),is influenced by,Cerebral Perfusion Pressure (CPP),Mean intracranial pressure (ICP)/Cerebral Perfusion Pressure (CPP),accept_direct,,,,,The relationship 'Intracranial Pressure (ICP) is influenced by Cerebral Perfusion Pressure (CPP)' is clinically valid as CPP directly affects ICP in neurointensive care.,0.95,,,
11,relation,Decompressive Craniectomy,is administered during,Barbiturates,Decompressive craniectomy (DC) + thiopental can be referring to barbiturate administration,accept_indirect,,,,,"Decompressive Craniectomy is associated with Barbiturates via the relation of isAdministeredDuring, as Barbiturates are used for sedation during such procedures.",0.7,,,low_evidence
12,relation,Decompressive Craniectomy,targets condition,Traumatic Intracranial Hypertension,Decompressive craniectomy (DC) in a patient-tailored combination with other second and third-tier therapies should maintain its place in the management of severe traumatic intracranial hypertension.,accept_direct,,,,,"Decompressive Craniectomy targets Traumatic Intracranial Hypertension as a valid surgical procedure for managing this condition, supported by the evidence provided.",0.9,,,
13,relation,Decompressive Craniectomy,has clinical assessment,GOSe Outcome,outcome was only evaluated in terms of robust extended Glasgow Outcome Scores,revise,4.4,Decompressive Craniectomy,hasClinicalAssessment,GOSe Outcome,The relation 'has clinical assessment' should be 'hasClinicalAssessment' as it must follow the BrainIT relation naming conventions.,0.9,The relation 'has clinical assessment' should be 'hasClinicalAssessment' to follow BrainIT naming conventions.,1.0,
14,relation,Decompressive Craniectomy,reduces,Mean Intracranial Pressure,it effectively reduces Mean intracranial pressure (ICP),accept_direct,,,,,"Decompressive Craniectomy reduces Mean Intracranial Pressure is a valid direct relationship as the procedure aims to relieve pressure on the brain, directly affecting ICP.",0.95,,,
15,relation,Intracranial Pressure (ICP),has monitoring data,Traumatic Brain Injury,The BESTIntracranial pressure (ICP) monitoring is still considered to provide important information to detect and prevent secondary injury after severe Traumatic brain injury (TBI).,accept_direct,,,,,Intracranial Pressure (ICP) has monitoring data related to Traumatic Brain Injury (TBI) as ICP is a critical parameter monitored in TBI cases.,0.9,,,
16,relation,Intracranial Hypertension,receives therapy,GOSe Outcome,"Intracranial pressures above 20 mmHg lasting longer than 37 min in adults, and longer than 8 min in children, are associated with worse outcomes.",revise,4.4,Intracranial Hypertension,isInfluencedBy,Secondary Insult Therapy,"The relation 'receivesTherapy' requires a therapy as the object; 'GOSe Outcome' is an outcome, not a therapy, so it should be replaced with a valid therapy class.",0.9,The relation 'receivesTherapy' is incorrect; 'Intracranial Hypertension' is influenced by 'Secondary Insult Therapy' instead.,0.9,
17,relation,Cerebral Perfusion Pressure (CPP),has clinical assessment,Intracranial Hypertension,"When the cerebral perfusion pressure is below 50 mmHg, all intracranial pressure insults, regardless of duration, are associated with worse outcome.",revise,4.4,Cerebral Perfusion Pressure,isMonitoredBy,Intracranial Hypertension,The relation 'has clinical assessment' should be 'isMonitoredBy' as CPP is monitored to assess Intracranial Hypertension.,0.85,The relation 'has clinical assessment' should be 'isMonitoredBy' as CPP is monitored to assess Intracranial Hypertension.,1.0,
18,relation,Intracranial Pressure (ICP),has monitoring data,Monitoring Data,The BESTIntracranial pressure (ICP) and mean arterial blood pressure (MAP) monitoring data,accept_direct,,,,,Intracranial Pressure (ICP) hasMonitoringData Monitoring Data is valid as ICP is a core monitoring parameter and falls under the Monitoring Data class.,0.9,,,
19,relation,Monitoring Data,monitoring indicates condition,Condition,the percentage of monitoring time in the red zone during the first day only was a significant independent predictor of mortality,reject,,,,,"The relation 'monitoring indicates condition' is semantically incorrect; monitoring data does not indicate a condition directly, and no small edit would fix it.",0.85,,,
20,relation,Intracranial Pressure (ICP),associated with condition,Condition,"when Cerebral Perfusion Pressure (CPP) was below 50 mmHg, almost all The BESTIntracranial pressure (ICP) insults were associated with worse outcome",reject,,,,,'Intracranial Pressure (ICP) associated with Condition' is incorrect as Condition is too generic; ICP does not specifically associate with a type of stroke.,0.7,,,low_evidence
21,relation,Traumatic Brain Injury,has monitoring data,Monitoring Data,"The present study autoregulation is intact, the transition curve shifts to the right.",accept_direct,,,,,"The relationship 'Traumatic Brain Injury has monitoring data Monitoring Data' is valid as TBI is monitored through various physiological parameters, which are classified under Monitoring Data.",0.9,,,
22,relation,Traumatic Brain Injury,is associated with,Secondary Brain Injury,"Cerebrovascular pressure autoregulation is often impaired in severe Traumatic brain injury (TBI), and such impairment is such as the relationship between physiological thresholds and outcome.",accept_direct,,,,,Traumatic Brain Injury is associated with Secondary Brain Injury as a valid clinical relationship in neurointensive care.,0.95,,,
23,relation,Cerebral Perfusion Pressure (CPP),receives therapy,Traumatic Brain Injury,"One would expect such change in recommendation to be followed, and hence to lead to alterations in Cerebral Perfusion Pressure (CPP) policy across centres.",revise,4.4,Cerebral Perfusion Pressure (CPP),assesses,Traumatic Brain Injury,"Cerebral Perfusion Pressure (CPP) is a parameter, not a therapy; it should be linked to a therapy class instead of receiving therapy.",0.85,"Cerebral Perfusion Pressure (CPP) assesses Traumatic Brain Injury, correcting the relation from 'receives therapy' to 'assesses'.",0.9,
24,relation,Cerebral Perfusion Pressure (CPP),has monitoring data,Monitoring Data,Cerebral perfusion pressure (CPP 1/4 Blood Pressure (BP)-ICP) monitoring is a good example.,accept_direct,,,,,"Cerebral Perfusion Pressure (CPP) is a Core Monitoring Parameter, and Monitoring Data is the top-level class for all monitored values, making the relationship valid.",0.9,,,
25,relation,Vasopressors,receives therapy,Cerebral Perfusion Pressure (CPP),the non-beneficial effect of keeping Cerebral Perfusion Pressure (CPP) above 70 mmHg by administering high doses of vasopressors.,revise,4.4,Vasopressors,isTreatedWith,Vasopressor Therapy,Cerebral Perfusion Pressure (CPP) is not a therapy; it should be replaced with a valid therapy class like 'Vasopressor Therapy'.,0.9,Cerebral Perfusion Pressure is not a therapy; it should be replaced with 'Vasopressor Therapy' as the correct therapy class.,1.0,
26,relation,Cerebral Perfusion Pressure (CPP),correlates with,Mean Arterial Pressure (MAP),Cerebral Perfusion Pressure (CPP) strongly correlated with Mean Arterial Pressure (MAP).,accept_direct,,,,,Cerebral Perfusion Pressure (CPP) correlates with Mean Arterial Pressure (MAP) as both are valid physiological parameters in neurointensive care.,0.95,,,
27,relation,Cerebral Perfusion Pressure (CPP),receives therapy,Intracranial Pressure (ICP),it is influenced by Intracranial Pressure (ICP) variability,revise,4.4,Cerebral Perfusion Pressure,assesses,Intracranial Pressure,"Cerebral Perfusion Pressure (CPP) is not a therapy; it should be related to Intracranial Pressure (ICP) via a monitoring or assessment relation, not 'receives therapy'.",0.7,"Cerebral Perfusion Pressure assesses Intracranial Pressure, reflecting the correct monitoring relationship per the domain context.",0.9,low_evidence
28,relation,Cerebral Perfusion Pressure (CPP),receives therapy,Mean Arterial Pressure (MAP),Mean Arterial Pressure (MAP) variability including,revise,4.4,Cerebral Perfusion Pressure,isMonitoredBy,Mean Arterial Pressure,Cerebral Perfusion Pressure (CPP) should not receive therapy; it is a derived parameter. The relation should be 'isMonitoredBy' or similar.,0.7,"Cerebral Perfusion Pressure is a derived parameter and should be monitored by Mean Arterial Pressure, not receive therapy.",1.0,low_evidence
29,relation,Cerebral Perfusion Pressure (CPP),associates with,Acute Respiratory Distress Syndrome,acute respiratory distress syndrome (ARDS) reportedly associated with vasopressors,accept_indirect,,,,,Cerebral Perfusion Pressure (CPP) is associated with secondary insults like Acute Respiratory Distress Syndrome (ARDS) through the pathway of monitoring and assessing conditions in TBI patients.,0.7,,,low_evidence
30,relation,Cerebral Perfusion Pressure (CPP),follows,Guideline,the Brain Trauma Foundation (BTF) guidelines issued this year,accept_indirect,,,,,"Cerebral Perfusion Pressure (CPP) is assessed via guidelines, making the relationship valid through an indirect chain of clinical practice; it follows from guidelines to assessment methods.",0.7,,,low_evidence
31,relation,Guideline Adherence,receives therapy,Traumatic Brain Injury,Guideline adherence and outcomes in severe adult traumatic brain injury,revise,4.4,Guideline Adherence,affectsOutcome,Traumatic Brain Injury,The relation 'receivesTherapy' is incorrect as 'Guideline Adherence' cannot receive therapy; it should be 'Guideline Adherence affects Outcome' instead.,0.85,The relation 'receivesTherapy' is incorrect; 'Guideline Adherence' affects the outcome of 'Traumatic Brain Injury'.,1.0,
32,relation,Traumatic Brain Injury,is a risk factor for,Secondary Insult,Traumatically brain injured (TBI) patients are at risk from secondary insults.,accept_direct,,,,,"Traumatic Brain Injury is a known risk factor for Secondary Insult, as indicated by the clinical context provided.",0.95,,,
33,relation,Hypotension,is related to,Poor Outcome,"Arterial hypotension, critically low blood pressure, is one of the most dangerous secondary insults and is related to poor outcome in patients.",accept_direct,,,,,Hypotension is related to Poor Outcome as the evidence states arterial hypotension is one of the most dangerous secondary insults related to poor outcomes in patients.,0.9,,,
34,relation,Hypotension,affects outcome,Traumatic Brain Injury,there is compelling evidence that even 'minute by minute' hypotension events cumulatively can influence patient outcome.,accept_direct,,,,,Hypotension affects outcome directly as it is a condition that can lead to poor outcomes in patients with Traumatic Brain Injury.,0.9,,,
35,relation,Hypotension,prognostic factor for,Head Injury,the cumulative duration of arterial hypotensive events is a prognostic factor for their clinical outcome following a head injury.,accept_direct,,,,,"Hypotension is a condition that can indeed be a prognostic factor for Head Injury, as supported by the evidence provided.",0.9,,,
36,relation,Hypotension,associated with condition,Condition,"for with the medical management of sepsis, it has been shown that duration of hypotension before initiation",reject,,,,,'Hypotension associated with Condition' is incorrect as 'Condition' is too generic and does not specifically relate to 'Hypotension'; no valid relation exists between them.,0.7,,,low_evidence
37,relation,Traumatic Brain Injury,has monitoring data,Hypotension,both systolic and mean arterial pressure should be monitored and considered in the definition of hypotension,accept_direct,,,,,"Hypotension is a condition that can be monitored, thus the relationship 'Traumatic Brain Injury hasMonitoringData Hypotension' is valid and directly holds.",0.95,,,
38,relation,Hypotension,is a condition of,Sepsis,"for with the medical management of sepsis, it has been shown that duration of hypotension before initiation",accept_indirect,,,,,"Hypotension is a condition that can lead to poor outcomes in critically ill patients; Sepsis can be a consequence of such conditions, forming an indirect relationship.",0.7,,,low_evidence
39,relation,Sepsis,receives therapy,Hypotension,it has been shown that with each hour delay in treatment of hypotension leads to an increase in in-hospital mortality.,revise,4.3,Sepsis,receivesTherapy,Fluid,Hypotension should be replaced with a valid therapy class as the object for 'receivesTherapy'; it cannot receive therapy itself.,0.9,"Hypotension cannot receive therapy; Fluid is a valid therapy class for Sepsis, correcting the object to a therapy class.",0.9,
40,relation,Monitoring Data,has monitoring data,Monitoring Data,sophisticated patient monitoring systems can capture large volumes of streaming physiological data which continuously report on a patient's status.,reject,,,,,The triple 'Monitoring Data has monitoring data Monitoring Data' is semantically incorrect as it implies a circular relationship without valid context or hierarchy.,0.7,,,low_evidence
41,relation,Intracranial Pressure (ICP),affects outcome,Hypotension,Impact of Intracranial Pressure (ICP) instability and hypotension on outcome in patients with severe head trauma.,accept_direct,,,,,The relationship 'Intracranial Pressure affects outcome Hypotension' is clinically valid as ICP instability can lead to poor outcomes in patients with hypotension.,0.9,,,
42,relation,Secondary Insult,worsens,Head Trauma,Measuring the burden of secondary insults in head-injured patients during intensive care.,accept_indirect,,,,,"Secondary Insult worsens Head Trauma indirectly through the concept of 'Condition', as both are subclasses of 'Condition'.",0.85,,,
43,relation,Decompressive Craniectomy,is associated with,Mean Intracranial Pressure,Decompressive craniectomy (DC) resulted in an absolute reduction in median mean Mean intracranial pressure (ICP) from 19.5 group to 13.9 mmHg.,accept_direct,,,,,Decompressive Craniectomy is associated with Mean Intracranial Pressure as a clinical measure in neurointensive care; the relationship is valid and direct.,0.95,,,
44,relation,Decompressive Craniectomy,is associated with,Cerebrovascular Autoregulation,"A control varying effect on Cerebral Perfusion Pressure (CPP) was seen, as well as a trend of reduction in median Pressure Reactivity Index (PRx).",accept_indirect,,,,,Decompressive Craniectomy is associated with Cerebrovascular Autoregulation via the chain: Surgical Procedure → isAssociatedWith → Insult → affectsOutcome → Cerebrovascular Autoregulation.,0.8,,,
45,relation,Decompressive Craniectomy,has monitoring data,Monitoring Data,"patient, injury and management variables including physiological monitoring data and administration of thiopental were analysed",accept_direct,,,,,Decompressive Craniectomy hasMonitoringData Monitoring Data is valid as surgical procedures are monitored for physiological parameters during treatment.,0.9,,,
46,relation,Decompressive Craniectomy,is associated with,Intracranial Pressure (ICP),uncontrollable intracranial hypertension is a major cause of death in patients with severe traumatic brain injury.,accept_direct,,,,,Decompressive Craniectomy is associated with Intracranial Pressure (ICP) as it directly impacts brain pressure management in neurointensive care.,0.9,,,
47,relation,Decompressive Craniectomy,is treated with,Barbiturates,"Decompressive craniectomy (DC) was chosen as a next step, with or without first having applied third-tier medical therapy with barbiturates.",accept_indirect,,,,,Decompressive Craniectomy is associated with Barbiturates through the intermediate concept of therapy; the relationship is valid but not direct.,0.7,,,low_evidence
48,relation,Decompressive Craniectomy,affects outcome,Mortality,the results of RESCUEicp showed that Decompressive craniectomy (DC) resulted in lower mortality rates.,accept_direct,,,,,Decompressive Craniectomy affects outcome Mortality is clinically valid as the procedure is known to influence mortality rates in TBI patients.,0.9,,,
49,relation,Monitoring,has outcome,Outcome,the outcome was captured at six months using the extended Glasgow Outcome Scale (GOSE).,accept_direct,,,,,Monitoring hasOutcome Outcome is a valid direct relationship as monitoring directly relates to patient outcomes in neurointensive care.,0.95,,,
50,relation,Patient,has demographic data,Demographic Data,the collection of demographic data from traumatic brain injury (TBI) patients.,accept_direct,,,,,Patient hasDemographicData Demographic Data is a direct relationship as demographic data is collected for patients in the neurointensive care context.,0.95,,,
51,relation,Patient,has surgical procedure,Surgical Procedure,the physiological vital functions are extensively monitored.,accept_direct,,,,,The triple 'Patient has surgical procedure Surgical Procedure' is semantically correct as it directly connects a patient to a surgical procedure performed during their ICU stay.,0.95,,,
52,relation,Patient,has monitoring data,Monitoring Data,"The Brain Monitoring with Information Technology (BrainIT) network provides a more standardised and higher resolution data collection mechanism for research groups, organisations and the device industry to conduct multi-centre trials of new health care technology in patients with traumatic brain injury.",accept_direct,,,,,The relationship 'Patient hasMonitoringData Monitoring Data' is valid as monitoring data is collected for patients in neurointensive care.,0.9,,,
53,relation,Patient,receives therapy,Therapy,the physiological vital functions are extensively monitored.,accept_direct,,,,,Patient receives therapy is a direct relationship as Therapy is a valid class for treatments in neurointensive care.,0.95,,,
54,relation,Therapy,targets condition,Condition,Therapeutic hypothermia reduces intracranial pressure and partial brain oxygen tension in patients with severe traumatic brain injury.,reject,,,,,The relation 'targetsCondition' does not hold between 'Therapy' and 'Condition'; therapy does not target a condition directly as defined in the domain context.,0.9,,,
55,relation,Patient,has clinical assessment,Clinical Assessment,the physiological vital functions are extensively monitored.,accept_direct,,,,,The relationship 'Patient hasClinicalAssessment Clinical Assessment' is semantically correct as patients undergo clinical assessments during ICU care.,0.95,,,
56,relation,Patient,has outcome,Outcome,the physiological vital functions are extensively monitored.,accept_direct,,,,,The relationship 'Patient hasOutcome Outcome' is valid as 'Outcome' is a measure of patient outcomes in neurointensive care.,0.95,,,
57,relation,Patient,has laboratory value,Laboratory Values,the physiological vital functions are extensively monitored.,accept_direct,,,,,Patient hasLaboratoryValue Laboratory Values is a direct relationship as laboratory values are routinely assessed for patients in neurointensive care.,0.95,,,
58,relation,Patient,has nursing intervention,Nursing Intervention,"Routine nursing care, physiotherapy, or bedside clinical activities",accept_direct,,,,,The relationship 'Patient has nursing intervention Nursing Intervention' is valid as nursing interventions are a subclass of Nursing Intervention in the neurointensive care context.,0.95,,,
59,relation,Patient,has session,Session,a live clinical environment to test the data collection systems.,revise,4.4,Patient,hasMonitoringData,Session,The relation 'has session' should be 'hasMonitoringData' as it connects Patient to Session in the context of continuous monitoring.,0.85,The relation 'has session' should be 'hasMonitoringData' as it connects Patient to Session in the context of continuous monitoring.,1.0,
60,relation,Session,has timepoint,Timepoint,minute-by-minute physiological data from bedside monitors.,accept_direct,,,,,Session has timepoint is a direct relationship as a monitoring session comprises discrete timepoints with associated readings.,0.9,,,
61,relation,Timepoint,has monitoring data,Observation,minute-by-minute physiological data from bedside monitors.,accept_direct,,,,,Timepoint hasMonitoringData Observation is valid as Timepoint is associated with sensor readings and Observation is a measurement recorded at that Timepoint.,0.9,,,
62,relation,Observation,measures parameter,Parameter,the physiological vital functions are extensively monitored.,accept_direct,,,,,Observation measuresParameter Parameter is a valid direct relationship as Observation is defined as a single measurement for a given Parameter.,0.95,,,
63,relation,Observation,produced by sensor,Sensor,the physiological vital functions are extensively monitored.,accept_direct,,,,,"Observation is produced by Sensor, as Sensors are used to record physiological parameters, aligning with the domain context.",0.9,,,
64,relation,Observation,has quality assessment,Data Quality Assessment,the physiological vital functions are extensively monitored.,accept_direct,,,,,Observation has quality assessment Data Quality Assessment is a valid relationship as quality assessments are directly associated with observations in clinical monitoring.,0.9,,,
65,relation,Data Quality Assessment,associated with condition,Condition,the physiological vital functions are extensively monitored.,accept_indirect,,,,,"DataQualityAssessment is associated with Observation, which measures Parameter, leading to Condition indirectly; thus, the relationship holds via intermediate concepts.",0.7,,,low_evidence
66,relation,Data Quality Assessment,receives therapy,Therapy,the physiological vital functions are extensively monitored.,revise,4.4,Data Quality Assessment,isAssociatedWith,Therapy,The relation 'receivesTherapy' is incorrect as 'Data Quality Assessment' cannot receive therapy; it should be 'isAssociatedWith' or similar.,0.7,"The relation 'receivesTherapy' is incorrect; 'Data Quality Assessment' cannot receive therapy, it should be 'isAssociatedWith'.",1.0,low_evidence
67,relation,Arterial Hypotension,receives therapy,Barbiturates,administration of hyperosmolar molecules were used at the discretion of the managing teams.,revise,4.4,Arterial Hypotension,isAssociatedWith,Barbiturates,"Arterial Hypotension should not 'receives therapy'; it should be revised to 'isAConditionOf' Barbiturates, as Barbiturates are a therapy for conditions like Arterial Hypotension.",0.9,The relation 'receives therapy' should be 'isAssociatedWith' as Barbiturates are therapies associated with conditions like Arterial Hypotension.,0.9,
68,relation,Brain Injury,is associated with,Traumatic Brain Injury,Decompressive craniectomy as a second/third-tier intervention in traumatic brain injury,accept_direct,,,,,"Brain Injury is associated with Traumatic Brain Injury as TBI is a subclass of Brain Injury, making the relationship valid directly.",0.95,,,
69,relation,CVP,has monitoring data,Monitoring Data,physiological monitoring data,accept_direct,,,,,CVP is a physiological parameter that falls under Monitoring Data as per the preamble; the relationship is direct.,0.95,,,
70,relation,Clinical Outcome,has outcome,Outcome,demonstrated a decrease in mortality with similar rates of favorable outcome,accept_direct,,,,,Clinical Outcome hasOutcome Outcome is a valid relationship as both classes are defined in the context of patient health measures.,0.9,,,
71,relation,Cranial Injuries,is a type of,Injuries,the occurrence of arterial hypotension (systolic pressure less than 90 mmHg) and hypoxia (SaO2 below 90%) at baseline,accept_direct,,,,,Cranial Injuries is a subclass of Injuries as both are related to physical damage from trauma; the relationship holds directly.,0.9,,,
72,relation,Disability,is a type of,Clinical Outcome,the outcome was unfavorable in 51.4% and favorable in 48.6%,reject,,,,,Disability is not a subclass or type of Clinical Outcome; the relationship does not hold directly or indirectly between these classes.,0.9,,,
73,relation,Extracranial Injury,is a type of,Injuries,45.9% presented with an additional extracranial injury,revise,4.9,Extracranial Injury,subClassOf,Injuries,The relation 'is a type of' should be 'subClassOf' as 'Extracranial Injury' is a subclass of 'Injuries' in the context of physical damage from trauma.,0.9,The relation 'is a type of' should be 'subClassOf' as 'Extracranial Injury' is a subclass of 'Injuries' in the context of physical damage from trauma.,1.0,
74,relation,Intensive Care Management,is a type of,Condition,"In many neurointensive care centers, Decompressive craniectomy (DC) is being used in combination with other second/third-tier therapies.",reject,,,,,The relationship 'Intensive Care Management is a type of Condition' is incorrect; Intensive Care Management is not a medical condition but rather a management category.,0.9,,,
75,relation,NIBP,is a type of,Monitoring Data,Mean arterial blood pressure (MAP) and Mean intracranial pressure (ICP),accept_direct,,,,,NIBP is a valid subclass of Monitoring Data as it is listed as an optional monitoring parameter in the preamble.,0.95,,,
76,relation,Pressure Reactivity Index (PRx),is a type of,Core Monitoring Parameter,Pressure Reactivity Index (PRx) is the moving correlation between mean arterial blood pressure (MAP) and Mean intracranial pressure (ICP).,accept_direct,,,,,Pressure Reactivity Index (PRx) is correctly classified as a Core Monitoring Parameter according to the preamble's definitions.,0.9,,,
77,relation,Hypotension,is treated with,Noradrenaline,the time and dose of a bolus of Noradrenaline,accept_direct,,,,,"Hypotension is a valid Condition and Noradrenaline is used to treat it, making the relationship semantically correct.",0.95,,,
78,relation,Cerebral Perfusion Pressure (CPP),targets condition,Respiratory Distress Syndrome,Cerebral Perfusion Pressure (CPP) value to target lies within the range of 50-70 mm Hg.,reject,,,,,Cerebral Perfusion Pressure does not target Respiratory Distress Syndrome; they are not directly related in the context of neurointensive care.,0.9,,,
79,relation,Traumatic Brain Injury,applies treatment,Osmotics,#2 - Hyperosmolar therapy,revise,4.4,Traumatic Brain Injury,receivesTherapy,Osmotics,The relation 'applies treatment' should be changed to 'receivesTherapy' since Osmotics is a type of therapy for Traumatic Brain Injury.,0.9,The relation 'applies treatment' should be 'receivesTherapy' as Osmotics is a therapy for Traumatic Brain Injury.,1.0,
80,relation,Cerebrovascular Autoregulation,receives therapy,Cerebral Perfusion Pressure (CPP),the presence (or not) of cerebral autoregulation,revise,4.4,Cerebrovascular Autoregulation,affects,Cerebral Perfusion Pressure,Cerebrovascular Autoregulation should not receive therapy; it is a physiological mechanism. The relation should be changed to 'affects' or similar to reflect its role in CPP.,0.7,Cerebrovascular Autoregulation should not receive therapy; it affects Cerebral Perfusion Pressure instead.,1.0,low_evidence
81,relation,Intracranial Pressure (ICP),receives therapy,Partial Pressure of Brain Tissue Oxygen,There is a statistically significant (p < 0.001) non-linear effect of Intracranial Pressure (ICP) on Regression model of partial pressure of brain tissue oxygen (PbtO2).,revise,4.3,Intracranial Pressure (ICP),receivesTherapy,Barbiturates,Partial Pressure of Brain Tissue Oxygen is not a Therapy; it should be replaced with a valid therapy class such as Barbiturates or Steroids.,0.9,Partial Pressure of Brain Tissue Oxygen is not a therapy; Barbiturates is a valid therapy class under Secondary Insult Therapy.,0.9,
82,relation,Traumatic Brain Injury,has clinical assessment,GOSe Outcome,Monitoring of Intracranial Pressure (ICP) has also been shown to have better functional outcomes.,accept_indirect,,,,,The relationship 'Traumatic Brain Injury has clinical assessment GOSe Outcome' holds indirectly via 'GOSe Outcome assesses Outcome' and 'Traumatic Brain Injury hasOutcome Outcome'.,0.85,,,
83,relation,Partial Pressure of Brain Tissue Oxygen,is measured at,Measurement Time,Partial pressure of brain tissue oxygen over intracranial pressure stratified by days in Intensive Care Unit (ICU),accept_direct,,,,,"Partial Pressure of Brain Tissue Oxygen is a physiological parameter that is measured at specific time points during ICU stay, aligning directly with the definitions provided.",0.9,,,
84,relation,Intracranial Pressure (ICP),receives therapy,PbrO2,an overall increase in Regression model of partial pressure of brain tissue oxygen (PbtO2) of 5.2% for a 10 mmHg increase in Intracranial Pressure (ICP),revise,4.4,Intracranial Pressure (ICP),isMonitoredBy,PbrO2,"The relation 'receives therapy' is incorrect; 'PbrO2' is a parameter, not a therapy. It should be replaced with a valid therapy class.",0.7,"Intracranial Pressure (ICP) is monitored by PbrO2, as it is a critical parameter for assessing cerebral oxygenation.",0.9,low_evidence
85,relation,Partial Pressure of Carbon Dioxide,receives therapy,PbrO2,a decrease of 0.16% from a unit increase in Mean Arterial Pressure (MAP) and a Regression model of partial pressure of brain tissue oxygen (PbtO2) decrease of 0.16% from a unit increase in PaCO2,revise,4.4,Partial Pressure of Carbon Dioxide,affectsOutcome,PbrO2,"Partial Pressure of Carbon Dioxide should not receive therapy; it is a parameter. The relation should be changed to a more appropriate one, such as 'affectsOutcome'.",0.9,The relation 'receives therapy' is incorrect; 'Partial Pressure of Carbon Dioxide' affects the outcome related to 'PbrO2'.,0.9,
86,relation,Intracranial Pressure (ICP),has outcome,Outcome,median extended Glasgow outcome scale of 7.00,accept_direct,,,,,Intracranial Pressure (ICP) hasOutcome Outcome is a valid direct relationship as ICP is a critical parameter influencing patient outcomes in neurointensive care.,0.95,,,
87,relation,Intracranial Hypertension,receives therapy,Cerebral Perfusion Pressure (CPP),the impact of autoregulation on Regression model of partial pressure of brain tissue oxygen (PbtO2) cannot be directly assessed.,revise,4.4,Intracranial Hypertension,isMonitoredBy,Cerebral Perfusion Pressure,"Intracranial Hypertension should not 'receive therapy' as it is a condition; it should be related to a specific therapy instead, such as CPP management.",0.7,The relation should be isMonitoredBy as CPP is used to monitor Intracranial Hypertension.,0.9,low_evidence
88,relation,Hypotension,is associated with,Traumatic Brain Injury,guarding against hypotensive conditions in Traumatic Brain Injury (TBI) patients.,accept_direct,,,,,Hypotension is associated with Traumatic Brain Injury as both are valid conditions in the neurointensive care context.,0.95,,,
89,relation,Intracranial Hypertension,receives therapy,Traumatic Brain Injury,episodes of increased intracranial pressure (ICP) and worse clinical outcomes,revise,4.4,Intracranial Hypertension,isTreatedWith,Traumatic Brain Injury,"The relation 'receives therapy' is incorrect as 'Intracranial Hypertension' should be associated with a specific therapy class, not a condition.",0.85,The relation 'receives therapy' should be 'isTreatedWith' as it directly connects the condition to its treatment.,0.9,
90,relation,Cerebral Perfusion Pressure (CPP),assesses,Intracranial Hypertension,the ability to tolerate elevated intracranial pressures is reduced.,accept_direct,,,,,"Cerebral Perfusion Pressure (CPP) assesses Intracranial Hypertension, as CPP is a critical parameter for evaluating intracranial pressure conditions in TBI patients.",0.9,,,
91,relation,Cerebral Perfusion Pressure (CPP),is associated with,Intracranial Pressure (ICP),Role of Cerebral Perfusion Pressure (CPP),accept_direct,,,,,"Cerebral Perfusion Pressure (CPP) is associated with Intracranial Pressure (ICP) as both are critical parameters in neurological assessments, confirming a direct relationship.",0.95,,,
92,relation,Intracranial Pressure (ICP),associated with condition,Mortality,"when Cerebral Perfusion Pressure (CPP) was below 50 mmHg, almost all The BESTIntracranial pressure (ICP) insults were associated with worse outcome",accept_direct,,,,,Intracranial Pressure (ICP) is associated with Mortality as it influences outcomes in neurological assessments.,0.9,,,
93,relation,Intracranial Pressure (ICP),predicts outcome,Outcome Score,"Above 20 mmHg, the vast majority of insults are clearly deleterious with the exception of those lasting less than 37 min in adults.",reject,,,,,judge output unparseable; defaulted to reject,0.0,,,parse_error
94,relation,Mean Arterial Pressure (MAP),triggers intervention,Hypotension,our analysis shows that most events are triggered by a drop in mean arterial pressure.,accept_direct,,,,,"Mean Arterial Pressure (MAP) triggers intervention for Hypotension, as a drop in MAP is clinically known to lead to interventions for low blood pressure.",0.9,,,
95,relation,Brain Injury,has monitoring data,Arterial Hypotension,The brain monitoring with information technology (BrainIT) database contains 199 patients,revise,4.4,Brain Injury,isMonitoredBy,Arterial Hypotension,"The relation 'has monitoring data' should be 'isMonitoredBy' as Arterial Hypotension is a condition that can be monitored, not a data type.",0.85,The relation 'has monitoring data' should be 'isMonitoredBy' as Arterial Hypotension is a condition that can be monitored.,1.0,
96,relation,Hypotension,relates to clinical outcome,Brain Injury,arterial hypotension consistently relate to clinical outcome,accept_direct,,,,,"Hypotension relates to clinical outcome as it is a condition that can lead to poor outcomes, directly linking it to Brain Injury.",0.9,,,
97,relation,Dsg,has monitoring data,Hypotensive,to scan the BrainIT database for hypotensive events;,accept_direct,,,,,Dsg hasMonitoringData Hypotensive is valid as Hypotensive is a condition monitored in the context of neurointensive care.,0.9,,,
98,relation,Secondary Insult Grades,defines,Hypotensive,the Edinburgh University Secondary Insult Grades (EUSIG) definition.,reject,,,,,"'Secondary Insult Grades defines Hypotensive' is incorrect; 'Hypotensive' is a condition, not defined by a grading system.",0.9,,,
99,relation,Cerebral Perfusion Pressure (CPP),calculates,Mean Arterial Pressure (MAP),"which uses cerebral perfusion pressure (CPP), which of course uses Java-Based Software BPm in its calculation.",accept_indirect,,,,,"CPP calculates MAP indirectly through the relationship of physiological parameters, as CPP is derived from MAP in clinical assessments.",0.7,,,low_evidence
100,relation,Intracranial Pressure (ICP),receives therapy,Outcome,Impact of Intracranial Pressure (ICP) instability and hypotension on outcome in patients with severe head trauma.,revise,4.4,Intracranial Pressure (ICP),affectsOutcome,Outcome,"The relation 'receives therapy' is incorrect as ICP is a parameter, not a therapy; it should be replaced with a valid therapy class.",0.9,"Intracranial Pressure (ICP) affects patient outcomes, so the relation should be affectsOutcome instead of receives therapy.",1.0,
101,relation,Cerebral Perfusion Pressure (CPP),is measured by,Mean Arterial Pressure (MAP),its role in calculating Cerebral Perfusion Pressure (CPP),accept_indirect,,,,,"Cerebral Perfusion Pressure (CPP) is calculated from Mean Arterial Pressure (MAP) via the relationship 'calculatesFrom', making the connection indirect.",0.7,,,low_evidence
102,relation,Treatment Data,informs,Clinical Practice,Accurate and comprehensive treatment data,accept_indirect,,,,,Treatment Data informs Clinical Practice indirectly through the application of treatment knowledge in patient care.,0.7,,,low_evidence
103,relation,Clinical Reminders,enhances,Guideline Adherence,clinical reminders (automated interventions),accept_direct,,,,,Clinical Reminders enhances Guideline Adherence as automated notifications directly support adherence to clinical guidelines.,0.9,,,
104,relation,Guideline Adherence,has outcome,Outcome,Several studies have been conducted that show dropping mortality rates and improved long-term outcomes since the adoption and spread of use of these guidelines.,accept_direct,,,,,"Guideline Adherence hasOutcome Outcome is valid as both classes are defined in the BrainIT ontology, with Outcome being a measure of patient outcomes influenced by clinical practices.",0.9,,,
105,relation,Guideline Adherence,is measured by,Clinical Practice,"This work attempts to leverage those advantages by providing a 'near real-time' ability to monitor clinical guideline adherence, as well as providing measurable quantitative feedback.",revise,4.4,Guideline Adherence,assesses,Clinical Practice,"The relation 'is measured by' is not appropriate; 'Guideline Adherence' should 'assess' or 'informs' 'Clinical Practice' instead, as it relates to monitoring adherence.",0.8,The relation 'is measured by' should be 'assesses' as it accurately reflects the monitoring of adherence to clinical practice guidelines.,1.0,
106,relation,Heart Failure,is treated with,Guideline Adherence,"There are many reasons for non-adherence, but these can be broken down into two broad categories: being unwilling to adhere to a guideline and being unable to adhere.",reject,,,,,judge output unparseable; defaulted to reject,0.0,,,parse_error
107,relation,EUSIG Grade,is a type of,Secondary Insult Grades,the classification of pressure events using Edinburgh University Secondary Insult Grades (EUSIG) parameters has a well-established precedent,reject,,,,,EUSIG Grade is not a subclass of Secondary Insult Grades; they represent different classification systems and do not have a direct hierarchical relationship.,0.9,,,
108,relation,Heart Rate,has monitoring data,Monitoring Data,Heart Rate (specifying source: Electrocardiogram (ECG) or Pulse Oximetry),accept_direct,,,,,"Heart Rate is a Core Monitoring Parameter, which is a subclass of Monitoring Data, making the relationship hierarchical and valid.",0.9,,,
109,relation,Respiration Rate,has monitoring data,Impedance Plethmography,Respiration Rate (sources: impedance plethmography or ventilator),accept_direct,,,,,"Respiration Rate is a Core Monitoring Parameter and Impedance Plethmography is a method for monitoring; thus, the relationship holds directly.",0.9,,,
110,relation,Respiration Rate,has monitoring data,Ventilator,Respiration Rate (sources: impedance plethmography or ventilator),accept_direct,,,,,Respiration Rate is a Core Monitoring Parameter and Ventilator is a Monitoring Data class; the relationship holds directly as both are part of monitoring in neurointensive care.,0.95,,,
111,relation,Mean Arterial Pressure (MAP),has monitoring data,Monitoring Data,Mean Arterial Pressure,accept_direct,,,,,Mean Arterial Pressure (MAP) is a Core Monitoring Parameter and thus hasMonitoringData Monitoring Data directly as per the preamble.,1.0,,,
112,relation,SaO2,has monitoring data,Monitoring Data,Pulse Oximetry (SaO2),accept_direct,,,,,SaO2 is a Core Monitoring Parameter and Monitoring Data is the class for all monitored values; the relationship holds directly as SaO2 hasMonitoringData Monitoring Data.,0.95,,,
113,relation,Temperature,has monitoring data,Monitoring Data,Temperature (sources: rectal=oesophageal= bladder=skin),accept_direct,,,,,"Temperature hasMonitoringData Monitoring Data is valid as Temperature is a physiological parameter that is monitored, aligning with the preamble's definitions.",0.95,,,
114,relation,EtCO2,has monitoring data,Monitoring Data,End-Tidal CO2 (EtCO2),accept_direct,,,,,"EtCO2 is a Core Monitoring Parameter, which is a subclass of Monitoring Data, making the relationship hierarchical and valid.",0.95,,,
115,relation,Jugular Venous Oxygen Saturation,has monitoring data,Monitoring Data,Jugular Venous Oxygen Saturation (SjO2),accept_direct,,,,,"Jugular Venous Oxygen Saturation is a valid subclass of Monitoring Data, as it is a physiological parameter collected to assess cerebral oxygenation.",0.95,,,
116,relation,Transcranial Doppler,has monitoring data,Monitoring Data,Transcranial Doppler (TCD),accept_direct,,,,,"Transcranial Doppler is a valid subclass of Monitoring Data as it measures physiological parameters, directly aligning with the preamble's definitions.",0.95,,,
117,relation,PbrO2,has monitoring data,Monitoring Data,Brain Tissue Oxygen (PbrO2),accept_direct,,,,,"PbrO2 is a Core Monitoring Parameter and Monitoring Data is its hierarchical category; thus, the relationship holds directly.",0.95,,,
118,relation,GCS Assessment,has monitoring data,Monitoring Data,Glasgow Coma Scale (GCS) scores,accept_direct,,,,,GCS Assessment hasMonitoringData Monitoring Data is valid as GCS Assessment is a clinical assessment that utilizes monitoring data to evaluate neurological status.,0.95,,,
119,relation,Hypotension,targets condition,Vasopressors,arterial pressors may be given to treat systemic hypotension,accept_direct,,,,,Hypotension targets condition Vasopressors is valid as vasopressors are used to treat hypotension in critical care settings.,0.95,,,
120,relation,Intracranial Pressure (ICP),targets condition,Vasopressors,to treat reduced cerebral perfusion pressure (CPP) secondary to raised Intracranial Pressure (ICP),revise,4.4,Intracranial Pressure (ICP),isARiskFactorFor,Vasopressors,The relation 'targets condition' should be changed to 'isARiskFactorFor' as ICP is a critical parameter influencing the use of Vasopressors in treatment.,0.7,The relation 'targets condition' should be 'isARiskFactorFor' as ICP influences the use of Vasopressors in treatment.,1.0,low_evidence
121,relation,Cerebral Perfusion Pressure (CPP),receives therapy,Respiratory Distress Syndrome,"aggressive management of Cerebral Perfusion Pressure (CPP) > 70 mmHg, although reducing the incidence of jugular venous desaturations < 50%, increased the incidence of acute respiratory distress syndrome and worsened neurological outcome.",revise,4.4,Cerebral Perfusion Pressure,isMonitoredBy,Respiratory Distress Syndrome,"Cerebral Perfusion Pressure (CPP) should not 'receive therapy'; it is a parameter that is monitored, not a therapy itself.",0.9,"Cerebral Perfusion Pressure is a monitored parameter, not a therapy, so the relation should be isMonitoredBy.",1.0,
122,relation,Brain Injury,has monitoring data,Monitoring Data,"collection of admission, monitoring, treatment and outcome data from patients with brain injury.",accept_direct,,,,,Brain Injury hasMonitoringData Monitoring Data is valid as monitoring data is collected to assess physiological parameters in brain injury cases.,0.95,,,
123,relation,Brain Injury,has outcome,Outcome Data,"collection of admission, monitoring, treatment and outcome data from patients with brain injury.",accept_indirect,,,,,The relationship 'Brain Injury has outcome Outcome Data' is valid via 'Brain Injury affects Outcome' and 'Outcome Data is a type of Outcome'.,0.7,,,low_evidence
124,relation,Brain Injury,is managed by,Management,"aid health authorities to monitor, maintain and raise intra and trans-national standards in the management of patients with brain injury.",revise,4.4,Brain Injury,receivesTherapy,Management,"The relation 'is managed by' should be replaced with 'receivesTherapy' since Brain Injury is treated through management processes, aligning with the therapy class.",0.85,The relation 'is managed by' should be 'receivesTherapy' as Brain Injury is treated through management processes.,1.0,
125,relation,Patient,has monitoring data,Observation,pd:Patient as a ssn:FeatureOfInterest,accept_direct,,,,,Patient hasMonitoringData Observation is a direct relationship as Observations are recorded for Patients in neurointensive care.,0.9,,,
126,relation,Timepoint,is associated with,Reading,Each Timepoint is associated with a set of Readings,accept_direct,,,,,Timepoint is associated with Reading as each Timepoint connects directly to a set of Readings in the monitoring context.,0.9,,,
127,relation,Sensor,produced by sensor,Reading,the machines/sensors that produced them,accept_direct,,,,,The relation 'produced by sensor' correctly connects 'Sensor' and 'Reading' as sensors produce readings of physiological parameters.,0.95,,,
128,relation,Sepsis,is associated with,Outcome Data,Improving the standards and resolution for multicentre data collection will also impact upon the assessment of new medical technology of relevance to the medical device industry.,accept_indirect,,,,,"Sepsis is associated with Outcome Data via the relationship that Sepsis affects outcomes in patients, making the connection indirect through the concept of medical conditions influencing outcomes.",0.7,,,low_evidence
129,relation,Arterial Pressors,targets condition,Arterial Hypotension,targets condition(Hypotension → Vasopressors),accept_direct,,,,,Arterial Pressors targets Condition Arterial Hypotension is valid as Arterial Pressors are used to treat low blood pressure in head-injured patients.,0.9,,,
130,relation,Clinical Research Form,has clinical assessment,Clinical Assessment,has clinical assessment(Patient → Clinical Assessment),accept_direct,,,,,Clinical Research Form hasClinicalAssessment Clinical Assessment is a valid direct relationship as the form records clinical evaluations.,0.95,,,
131,relation,End-tidal Carbon Dioxide,has monitoring data,Monitoring Data,has monitoring data(EtCO2 → Monitoring Data),accept_direct,,,,,End-tidal Carbon Dioxide is a Core Monitoring Parameter and Monitoring Data is the class for all monitored values; the relationship holds directly.,0.95,,,
132,relation,Error,is associated with,Monitoring Data,monitoring indicates condition(Monitoring Data → Condition),accept_indirect,,,,,Error is associated with Monitoring Data via the chain: Error → affects Outcome → hasMonitoringData → Monitoring Data.,0.7,,,low_evidence
133,relation,Injuries,has outcome,Outcome Data,has outcome(Brain Injury → Outcome Data),revise,4.4,Injuries,affectsOutcome,Outcome Data,The relation 'has outcome' should be replaced with 'affectsOutcome' as 'Injuries' is not a direct outcome but can affect 'Outcome Data'.,0.85,The relation 'has outcome' should be 'affectsOutcome' as 'Injuries' can affect 'Outcome Data'.,1.0,
134,relation,Intensive Care Management,is managed by,Management,is managed by(Brain Injury → Management),reject,,,,,'Intensive Care Management is managed by Management' is incorrect; the relationship does not hold between these classes as 'Management' is not a specific type of 'Intensive Care Management'.,0.7,,,low_evidence
135,relation,NIBP,has monitoring data,Monitoring Data,has monitoring data(Mean Arterial Pressure → Monitoring Data),accept_direct,,,,,"NIBP is an Optional Monitoring Parameter and hasMonitoringData is a valid relation, confirming the hierarchical relationship with Monitoring Data.",0.95,,,
136,relation,Provenance,has monitoring data,Monitoring Data,has monitoring data(Patient → Monitoring Data),accept_direct,,,,,"Provenance hasMonitoringData Monitoring Data is a direct relationship as Monitoring Data is collected from patients to assess physiological parameters, aligning with the domain context.",0.95,,,
137,relation,Substance Abuse,targets condition,Condition,targets condition(Hypotension → Vasopressors),reject,,,,,Substance Abuse does not target Condition as defined; Condition is too broad and does not specifically relate to substance abuse effects.,0.7,,,low_evidence
138,relation,Adverse Event,is associated with,Clinical Outcome,[inferred] cluster completion,accept_direct,,,,,"Adverse Event is associated with Clinical Outcome, as adverse events can directly impact patient health status after treatment.",0.9,,,
139,relation,Clinical Outcome,is influenced by,Patient Interventions,[inferred] cluster completion,accept_direct,,,,,"ClinicalOutcome is influenced by PatientInterventions, which aligns with the understanding that interventions directly impact patient outcomes.",0.9,,,
140,relation,Clinical Outcome,relates to clinical outcome,Outcome Data,[inferred] cluster completion,revise,4.4,Clinical Outcome,hasOutcome,Outcome Data,The relation 'relates to clinical outcome' should be changed to 'hasOutcome' as it connects Clinical Outcome to Outcome Data.,0.9,The relation 'relates to clinical outcome' should be 'hasOutcome' as it connects Clinical Outcome to Outcome Data.,1.0,
141,relation,Clinical Practice,is influenced by,Clinical Reminders,[inferred] cluster completion,accept_direct,,,,,Clinical Practice is influenced by Clinical Reminders as both are valid classes in the BrainIT ontology related to patient care and guideline adherence.,0.95,,,
142,relation,Clinical Reminders,triggers intervention,Patient Interventions,[inferred] cluster completion,accept_indirect,,,,,Clinical Reminders triggers intervention indirectly via the chain: Clinical Reminders → informs → Patient Interventions.,0.85,,,
143,relation,Data Quality Assessment,assesses,Monitoring Data,[inferred] cluster completion,accept_direct,,,,,"Data Quality Assessment assesses Monitoring Data as it evaluates the quality of data collected from patients during treatment, which is a direct relationship.",0.9,,,
144,relation,Injuries,is a risk factor for,Adverse Event,[inferred] cluster completion,accept_indirect,,,,,"Injuries is a subclass of Condition, which is a risk factor for Adverse Event via the chain: Injuries → isAConditionOf → Condition → isARiskFactorFor → Adverse Event.",0.85,,,
145,relation,Monitoring Data,is monitored by,Core Monitoring Parameter,[inferred] cluster completion,accept_direct,,,,,"Monitoring Data is a top-level class for all monitored values, and Core Monitoring Parameter is a valid subclass; the relationship holds directly.",0.95,,,
146,relation,Monitoring Data,produced by sensor,Sensor,[inferred] cluster completion,accept_direct,,,,,"MonitoringData is produced by Sensor, as Sensors are used to record physiological parameters, aligning with the defined relationship in the domain context.",0.9,,,
147,relation,Outcome,is related to,Clinical Outcome,[inferred] cluster completion,accept_indirect,,,,,Outcome is related to Clinical Outcome via the chain: Outcome affects health status → Clinical Outcome measures health status after treatment.,0.85,,,
148,relation,Outcome Data,is associated with,Clinical Outcome,[inferred] cluster completion,accept_direct,,,,,Outcome Data is associated with Clinical Outcome as both relate to the results of medical treatment in neurointensive care.,0.9,,,
149,relation,Patient Interventions,targets condition,Injuries,[inferred] cluster completion,reject,,,,,'Patient Interventions targets condition Injuries' is incorrect as 'Injuries' is not a valid class in the BrainIT ontology; it should be 'Condition' instead.,0.7,,,low_evidence
150,relation,Physiological Data,is monitored by,Core Monitoring Parameter,[inferred] cluster completion,accept_direct,,,,,"Physiological Data is monitored by Core Monitoring Parameter is a direct relationship as Core Monitoring Parameter is a subclass of Monitoring Data, which Physiological Data relates to.",0.9,,,
151,relation,Possible Error,is a type of,Error,[inferred] cluster completion,accept_direct,,,,,"Possible Error is a type of Error, which aligns with the semantic meaning of the classes involved.",0.9,,,
152,relation,Probable Error,is a type of,Error,[inferred] cluster completion,accept_direct,,,,,"Probable Error is a type of Error, which aligns with the general definition of error in medical data context.",0.9,,,
153,relation,Provenance,is associated with,Monitoring Data,[inferred] cluster completion,accept_direct,,,,,"Provenance is associated with Monitoring Data as both are valid classes in the neurointensive care context, and the relationship accurately reflects their connection.",0.9,,,
154,relation,Substance Abuse,is a risk factor for,Injuries,[inferred] cluster completion,reject,,,,,Substance Abuse is not a valid subclass or directly related to Injuries as defined in the preamble; the relationship does not hold.,0.7,,,low_evidence
155,relation,Therapy,is administered during,Patient Interventions,[inferred] cluster completion,accept_direct,,,,,"Therapy is administered during Patient Interventions, which aligns with the clinical practice of using therapies to improve patient outcomes.",0.95,,,
156,relation,Treatment Data,is associated with,Therapy,[inferred] cluster completion,accept_direct,,,,,Treatment Data is associated with Therapy as it pertains to the information regarding treatments administered to patients in neurointensive care.,0.95,,,
157,relation,Acute Respiratory Distress Syndrome,is associated with,Vasopressors,[inferred] cluster completion,accept_indirect,,,,,Acute Respiratory Distress Syndrome is associated with Vasopressors via the chain: ARDS affects oxygenation → Vasopressors are used to manage blood pressure in critical care.,0.85,,,
158,relation,Adrenaline,is administered during,Hypotension,[inferred] cluster completion,accept_direct,,,,,"Adrenaline is administered during Hypotension, as it is a common treatment for this condition in neurointensive care.",0.9,,,
159,relation,Adrenaline,is administered during,Hypertension,[inferred] cluster completion,accept_direct,,,,,Adrenaline is administered during Hypertension is a clinically valid relationship as Adrenaline is used to treat high blood pressure.,0.9,,,
160,relation,Hypertension,is influenced by,Noradrenaline,[inferred] cluster completion,accept_direct,,,,,"Hypertension is a valid subclass of Condition, and Noradrenaline is clinically recognized to influence blood pressure, making the relationship valid.",0.9,,,
161,relation,Hypertension,is influenced by,Adrenaline,[inferred] cluster completion,accept_direct,,,,,Hypertension is influenced by Adrenaline as adrenaline affects blood pressure regulation directly in clinical contexts.,0.9,,,
162,relation,Hypotension,is influenced by,Noradrenaline,[inferred] cluster completion,accept_direct,,,,,"Hypotension is influenced by Noradrenaline, as Noradrenaline is used to increase blood pressure in hypotensive patients.",0.9,,,
163,relation,Hypotension,is influenced by,Adrenaline,[inferred] cluster completion,accept_indirect,,,,,Hypotension is influenced by Adrenaline through the pathway: Adrenaline affects Condition → Hypotension.,0.85,,,
164,relation,Mean Arterial Pressure (MAP),is monitored by,Sensor,[inferred] cluster completion,accept_direct,,,,,"Mean Arterial Pressure (MAP) is monitored by Sensor, which is a valid relationship as MAP is a physiological parameter recorded by sensors.",0.9,,,
165,relation,Noradrenaline,is administered during,Hypotension,[inferred] cluster completion,accept_direct,,,,,"Noradrenaline is administered during Hypotension, as it is a treatment used to increase blood pressure in this condition.",0.95,,,
166,relation,Noradrenaline,is administered during,Hypertension,[inferred] cluster completion,accept_direct,,,,,"Noradrenaline is administered during Hypertension, as it is a treatment used to manage this condition directly.",0.9,,,
167,relation,Sepsis,is associated with,Hypotension,[inferred] cluster completion,accept_direct,,,,,"Sepsis is associated with Hypotension, both are valid subclasses of Condition as per the preamble.",0.9,,,
168,relation,Septic Shock,is associated with,Hypotension,[inferred] cluster completion,accept_direct,,,,,Septic Shock is associated with Hypotension as both are valid subclasses of Condition in the neurointensive care context.,0.95,,,
169,relation,Systemic Hypotension,is treated with,Vasopressors,[inferred] cluster completion,accept_direct,,,,,"Systemic Hypotension is treated with Vasopressors, which is a valid therapy for this condition in neurointensive care.",0.95,,,
170,relation,Vasopressors,is administered during,Systemic Hypotension,[inferred] cluster completion,accept_direct,,,,,"Vasopressors is administered during Systemic Hypotension, as vasopressors are used to treat low blood pressure in critical care.",0.95,,,
171,relation,Brain Injury,is a condition of,Patient,[inferred] cluster completion,accept_direct,,,,,"Brain Injury is a subclass of Condition, making the relationship valid as 'is a condition of'.",0.95,,,
172,relation,Brain Injury,is associated with,Cranial Injuries,[inferred] cluster completion,accept_direct,,,,,"Brain Injury is associated with Cranial Injuries, as cranial injuries can lead to brain injury, establishing a direct relationship between the two classes.",0.9,,,
173,relation,Brain Injury,is influenced by,Guideline Adherence,[inferred] cluster completion,accept_indirect,,,,,Brain Injury is influenced by Guideline Adherence via the pathway: Guideline Adherence → informs → Clinical Practice → affects → Brain Injury.,0.7,,,low_evidence
174,relation,Cranial Injuries,is associated with,Brain Injury,[inferred] cluster completion,accept_direct,,,,,"Cranial Injuries is associated with Brain Injury as both are valid subclasses of injuries resulting from trauma, confirming the relationship directly.",0.9,,,
175,relation,Cranial Injuries,is a condition of,Patient,[inferred] cluster completion,accept_direct,,,,,"Cranial Injuries is a subclass of Brain Injury, which is a subclass of Condition; thus, the relationship holds directly.",0.9,,,
176,relation,Demographic Data,has demographic data,Patient,[inferred] cluster completion,revise,4.6,Patient,hasDemographicData,Demographic,The relation 'has demographic data' should be 'hasDemographicData' as per BrainIT conventions; 'Demographic Data' is not a class but a description of the data collected.,0.8,The relation 'has demographic data' should be 'hasDemographicData' to follow BrainIT conventions.,0.9,
177,relation,Extracranial Injury,is associated with,Brain Injury,[inferred] cluster completion,accept_direct,,,,,"Extracranial Injury is associated with Brain Injury, as injuries outside the cranial cavity can complicate brain injury management.",0.9,,,
178,relation,Guideline,informs,Guideline Adherence,[inferred] cluster completion,accept_direct,,,,,The relation 'informs' holds directly between 'Guideline' and 'Guideline Adherence' as guidelines inform adherence to clinical practices.,0.9,,,
179,relation,Guideline Adherence,is associated with,Guideline,[inferred] cluster completion,accept_direct,,,,,Guideline Adherence is associated with Guideline as both are valid classes in the context of clinical practice and recommendations.,0.9,,,
180,relation,Guideline Adherence,affects outcome,Traumatic Brain Injury,[inferred] cluster completion,accept_indirect,,,,,Guideline Adherence affects outcome indirectly through its influence on clinical practices that impact Traumatic Brain Injury outcomes.,0.7,,,low_evidence
181,relation,Head Injury,is a condition of,Patient,[inferred] cluster completion,accept_direct,,,,,"Head Injury is a subclass of Brain Injury, which is a condition affecting patients in neurointensive care.",0.95,,,
182,relation,Head Injury,is associated with,Brain Injury,[inferred] cluster completion,accept_direct,,,,,"Head Injury is associated with Brain Injury, as Head Injury is a type of Brain Injury resulting from trauma, which aligns with the definitions in the preamble.",0.95,,,
183,relation,Head Trauma,is a condition of,Patient,[inferred] cluster completion,accept_direct,,,,,"Head Trauma is a subclass of Brain Injury, which is a valid condition for a Patient in neurointensive care.",0.95,,,
184,relation,Head Trauma,is associated with,Traumatic Brain Injury,[inferred] cluster completion,accept_direct,,,,,Head Trauma is associated with Traumatic Brain Injury as both are valid subclasses of Brain Injury and the relationship holds directly.,0.9,,,
185,relation,Mortality,is a risk factor for,Traumatic Brain Injury,[inferred] cluster completion,accept_direct,,,,,"Mortality is a recognized outcome related to Traumatic Brain Injury, confirming the direct relationship.",0.95,,,
186,relation,Neurological Injury,is a condition of,Patient,[inferred] cluster completion,accept_direct,,,,,"Neurological Injury is a subclass of Brain Injury, which is a condition of Patient, making the relationship valid directly.",0.9,,,
187,relation,Patient,is associated with,Brain Injury,[inferred] cluster completion,accept_direct,,,,,The relationship 'Patient is associated with Brain Injury' is valid as patients with TBI are indeed associated with brain injuries.,0.95,,,
188,relation,Traumatic Brain Injury,is a condition of,Patient,[inferred] cluster completion,accept_direct,,,,,"Traumatic Brain Injury is a subclass of Condition, and Patient is associated with Condition; thus, the relationship holds directly.",0.9,,,
189,relation,Traumatic Brain Injury,is associated with,Head Trauma,[inferred] cluster completion,accept_direct,,,,,Traumatic Brain Injury is associated with Head Trauma as both are valid subclasses under Brain Injury and the relationship holds directly.,0.95,,,
190,relation,Traumatic Brain Injury,is influenced by,Guideline Adherence,[inferred] cluster completion,accept_indirect,,,,,The relationship 'Traumatic Brain Injury is influenced by Guideline Adherence' is valid through the chain: Guideline Adherence affects clinical practices that impact Traumatic Brain Injury outcomes.,0.85,,,
191,relation,Traumatic Intracranial Hypertension,is a condition of,Patient,[inferred] cluster completion,accept_direct,,,,,"Traumatic Intracranial Hypertension is a subclass of Condition, and Patient is a valid class receiving care for conditions like TBI; the relationship holds directly.",0.9,,,
192,relation,Traumatic Intracranial Hypertension,is associated with,Traumatic Brain Injury,[inferred] cluster completion,accept_direct,,,,,Traumatic Intracranial Hypertension is associated with Traumatic Brain Injury as both are valid conditions in the neurointensive care context.,0.9,,,
193,relation,Anterior Fossa Repair,is monitored by,Intensive Care Management,[inferred] cluster completion,reject,,,,,'Anterior Fossa Repair is monitored by Intensive Care Management' is incorrect; surgical procedures are not monitored by management data categories directly.,0.9,,,
194,relation,Anterior Fossa Repair,has surgical procedure,Surgical Procedure,[inferred] cluster completion,accept_direct,,,,,The triple 'Anterior Fossa Repair has surgical procedure Surgical Procedure' is valid as Anterior Fossa Repair is a specific type of Surgical Procedure in the neurointensive care context.,0.9,,,
195,relation,Bedside Intervention,has nursing intervention,Nursing Intervention,[inferred] cluster completion,revise,4.9,Bedside Intervention,subClassOf,Nursing Intervention,The relation 'has nursing intervention' should be 'isATypeOf' since 'Bedside Intervention' is a subclass of 'Nursing Intervention' according to the preamble.,0.9,"Bedside Intervention is a subclass of Nursing Intervention according to the preamble, so relation should be subClassOf.",1.0,
196,relation,CT Scan Assessment,assesses,Coma,[inferred] cluster completion,accept_direct,,,,,CT Scan Assessment assesses Coma directly as it evaluates the state of prolonged unconsciousness.,0.9,,,
197,relation,CT Scan Assessment,is monitored by,Intensive Care Management,[inferred] cluster completion,reject,,,,,CT Scan Assessment is not monitored by Intensive Care Management; the relationship does not hold as stated.,0.9,,,
198,relation,Clinical Assessment,has monitoring data,Intensive Care Management,[inferred] cluster completion,reject,,,,,The relation 'has monitoring data' does not hold between 'Clinical Assessment' and 'Intensive Care Management'; they are not hierarchically related or directly associated in the preamble.,0.9,,,
199,relation,Extra Ventricular Drain Placement,is monitored by,Intensive Care Management,[inferred] cluster completion,revise,4.4,Extra Ventricular Drain Placement,hasMonitoringData,Intensive Care Management,The relation 'is monitored by' should be 'hasMonitoringData' since 'Extra Ventricular Drain Placement' is a procedure that generates monitoring data in the ICU context.,0.9,The relation 'is monitored by' should be 'hasMonitoringData' as it directly connects the procedure to the monitoring data generated.,1.0,
200,relation,Intensive Care Management,has clinical assessment,Clinical Assessment,[inferred] cluster completion,accept_direct,,,,,Intensive Care Management hasClinicalAssessment Clinical Assessment is a valid direct relationship as Clinical Assessment is part of ICU management data.,0.9,,,
201,relation,Intensive Care Management,has monitoring data,Laboratory Values,[inferred] cluster completion,accept_direct,,,,,Intensive Care Management has monitoring data Laboratory Values is valid as Laboratory Values are routine tests performed during ICU management.,0.9,,,
202,relation,Laboratory Values,is monitored by,Intensive Care Management,[inferred] cluster completion,revise,4.4,Laboratory Values,hasMonitoringData,Intensive Care Management,The relation 'is monitored by' should be 'hasMonitoringData' as Laboratory Values are not monitored by ICU management data but are part of it.,0.9,The relation 'is monitored by' should be 'hasMonitoringData' as Laboratory Values are part of ICU management data.,1.0,
203,relation,Nursing Intervention,is administered during,Session,[inferred] cluster completion,accept_direct,,,,,Nursing Intervention is administered during Session is a valid relationship as both classes are defined within the neurointensive care context.,0.95,,,
204,relation,Physiotherapy,is administered during,Session,[inferred] cluster completion,accept_direct,,,,,Physiotherapy is administered during Session is a valid relationship as Physiotherapy involves sessions for patient management in ICU.,0.9,,,
205,relation,Routine Nursing Care,is administered during,Session,[inferred] cluster completion,revise,4.9,Routine Nursing Care,subClassOf,Nursing Intervention,"The relation 'is administered during' should be 'isATypeOf' as Routine Nursing Care is a type of Nursing Intervention, which is a subclass of Patient Interventions.",0.85,"Routine Nursing Care is a type of Nursing Intervention, so the relation should be subClassOf.",1.0,
206,relation,Surgical Procedure,is monitored by,Intensive Care Management,[inferred] cluster completion,reject,,,,,"'Surgical Procedure is monitored by Intensive Care Management' is incorrect; surgical procedures are not monitored by ICU management data, which is a category, not a monitoring method.",0.9,,,
207,relation,Barbiturates,is administered during,Decompressive Craniectomy,[inferred] cluster completion,accept_direct,,,,,Barbiturates is administered during Decompressive Craniectomy is a valid relationship as Barbiturates are used for sedation in surgical procedures.,0.9,,,
208,relation,Cerebrovascular Autoregulation,is influenced by,Decompressive Craniectomy,[inferred] cluster completion,accept_indirect,,,,,Cerebrovascular Autoregulation is influenced by Decompressive Craniectomy through the pathway: Decompressive Craniectomy affects Outcome → Cerebrovascular Autoregulation is associated with Outcome.,0.7,,,low_evidence
209,relation,Condition,is a condition of,Hypoperfusion,[inferred] cluster completion,reject,,,,,"The relationship 'Condition is a condition of Hypoperfusion' is semantically incorrect; conditions do not possess conditions, thus the triple does not hold.",0.9,,,
210,relation,Evacuation of Mass Lesion,has surgical procedure,Decompressive Craniectomy,[inferred] cluster completion,accept_direct,,,,,Evacuation of Mass Lesion has surgical procedure Decompressive Craniectomy is a direct relationship as both are valid subclasses of Surgical Procedure.,0.9,,,
211,relation,Hypoperfusion,is associated with,Condition,[inferred] cluster completion,reject,,,,,Hypoperfusion is not a subclass or directly associated with Condition as defined; Condition is too broad and does not specifically relate to hypoperfusion.,0.85,,,
212,relation,Jugular Venous Desaturation,is monitored by,Jugular Venous Oxygen Saturation,[inferred] cluster completion,accept_direct,,,,,"Jugular Venous Desaturation is monitored by Jugular Venous Oxygen Saturation, which is a valid monitoring relationship in the neurointensive care context.",0.9,,,
213,relation,Management,is managed by,Barbiturates,[inferred] cluster completion,revise,4.4,Management,receivesTherapy,Barbiturates,"The relation 'is managed by' should be 'receivesTherapy' as Barbiturates is a subclass of Secondary Insult Therapy, which is a type of therapy.",0.85,The relation 'is managed by' should be 'receivesTherapy' as Barbiturates is a subclass of Secondary Insult Therapy.,1.0,
214,relation,Microdialysis,is monitored by,Partial Pressure of Brain Tissue Oxygen,[inferred] cluster completion,accept_indirect,,,,,Microdialysis indirectly relates to Partial Pressure of Brain Tissue Oxygen through the monitoring of physiological parameters in TBI patients.,0.7,,,low_evidence
215,relation,Removal of Foreign Body,has surgical procedure,Evacuation of Mass Lesion,[inferred] cluster completion,accept_direct,,,,,Removal of Foreign Body has surgical procedure Evacuation of Mass Lesion is valid as both are subclasses of Surgical Procedure in the neurointensive care context.,0.9,,,
216,relation,EUSIG Grade,defines,Secondary Insult,[inferred] cluster completion,revise,4.4,EUSIG Grade,isAConditionOf,Secondary Insult,"The relation 'defines' should be changed to 'isAConditionOf' as EUSIG Grade is a classification related to Secondary Insult, not a defining relationship.",0.8,"The relation 'defines' should be 'isAConditionOf' as EUSIG Grade categorizes Secondary Insult, not defines it.",0.9,
217,relation,Secondary Brain Injury,is a condition of,Secondary Insult,[inferred] cluster completion,accept_indirect,,,,,"Secondary Brain Injury is a subclass of Brain Injury, which is a condition of Secondary Insult, making the relationship valid through a traceable chain.",0.9,,,
218,relation,Secondary Brain Injury,worsens,Outcome,[inferred] cluster completion,accept_direct,,,,,Secondary Brain Injury worsens Outcome is clinically valid as secondary injuries can negatively impact patient outcomes directly.,0.9,,,
219,relation,Secondary Insult,triggers intervention,Secondary Insult Therapy,[inferred] cluster completion,revise,4.4,Secondary Insult,receivesTherapy,Secondary Insult Therapy,The relation 'triggers intervention' should be replaced with 'receivesTherapy' as Secondary Insult Therapy is a type of therapy for Secondary Insult.,0.9,The relation 'triggers intervention' should be 'receivesTherapy' as Secondary Insult Therapy is a type of therapy for Secondary Insult.,1.0,
220,relation,Secondary Insult Grades,defines,Secondary Insult,[inferred] cluster completion,accept_indirect,,,,,"Secondary Insult Grades defines Secondary Insult via a classification system, linking the two concepts indirectly through the definition of secondary complications.",0.8,,,
221,relation,Secondary Insult Therapy,is administered during,Secondary Insult,[inferred] cluster completion,accept_direct,,,,,"Secondary Insult Therapy is administered during Secondary Insult, as both classes are validly related in neurointensive care.",0.95,,,
222,relation,Secondary Insult Therapy,reduces,Secondary Brain Injury,[inferred] cluster completion,accept_direct,,,,,Secondary Insult Therapy reduces Secondary Brain Injury is a valid direct relationship as therapies aim to mitigate secondary complications in brain injury cases.,0.9,,,
223,relation,Secondary Insult Treatment,targets condition,Secondary Insult,[inferred] cluster completion,accept_direct,,,,,"Secondary Insult Treatment targets Secondary Insult as it is a therapy aimed at addressing complications after an initial injury, which is clinically valid.",0.9,,,
224,relation,Analgesia,is administered during,Patient Transport,[inferred] cluster completion,revise,4.4,Analgesia,receivesTherapy,Patient Transport,The relation 'is administered during' should be 'receivesTherapy' as Analgesia is a therapy and Patient Transport is not a therapy class.,0.9,The relation 'is administered during' should be 'receivesTherapy' as Analgesia is a therapy and Patient Transport is not a therapy class.,1.0,
225,relation,Analgesia,reduces,Poor Outcome,[inferred] cluster completion,revise,4.4,Analgesia,affectsOutcome,Poor Outcome,Analgesia reduces Poor Outcome needs to be revised; the relation should be 'affectsOutcome' as Poor Outcome is an Outcome class.,0.85,The relation 'reduces' should be 'affectsOutcome' as Poor Outcome is an Outcome class.,1.0,
226,relation,Anti-hypertensives,is administered during,Ventilation,[inferred] cluster completion,revise,4.4,Anti-hypertensives,receivesTherapy,Ventilation,"The relation 'is administered during' should be 'receivesTherapy' as Anti-hypertensives is a therapy class and Ventilation is a procedure, not a therapy.",0.85,The relation 'is administered during' should be 'receivesTherapy' as Anti-hypertensives is a therapy class and Ventilation is a procedure.,1.0,
227,relation,Anti-pyretics,targets condition,Temperature,[inferred] cluster completion,revise,4.4,Anti-pyretics,hasMonitoringData,Temperature,"The relation 'targets condition' is not appropriate; 'Anti-pyretics' should be linked to 'Temperature' via a monitoring relationship, such as 'hasMonitoringData'.",0.85,"Anti-pyretics should be linked to Temperature via a monitoring relationship, hence 'hasMonitoringData' is appropriate.",1.0,
228,relation,Anti-pyretics,reduces,Poor Outcome,[inferred] cluster completion,revise,4.4,Anti-pyretics,affectsOutcome,Poor Outcome,The relation 'reduces' should be changed to 'affectsOutcome' since Anti-pyretics is a therapy that influences outcomes like Poor Outcome.,0.85,The relation 'reduces' should be 'affectsOutcome' since Anti-pyretics is a therapy that influences outcomes like Poor Outcome.,1.0,
229,relation,Antibiotics,is administered during,Patient Transport,[inferred] cluster completion,revise,4.4,Antibiotics,receivesTherapy,Patient Transport,The relation 'is administered during' should be 'receivesTherapy' as 'Antibiotics' is a therapy and 'Patient Transport' is not a valid therapy class.,0.85,"Antibiotics is a therapy and should be connected to Patient Transport via receivesTherapy, not isAdministeredDuring.",1.0,
230,relation,Electrocardiogram (ECG),is monitored by,Ventilator,[inferred] cluster completion,revise,4.4,Electrocardiogram,producedBySensor,Sensor,"The relation 'is monitored by' should be changed to 'produced by sensor' as ECG is a monitoring data type and should relate to a sensor, not a ventilator.",0.9,The relation 'is monitored by' should be 'produced by sensor' as ECG is a monitoring data type.,1.0,
231,relation,EtCO2,is monitored by,Ventilator,[inferred] cluster completion,accept_direct,,,,,"EtCO2 is a Core Monitoring Parameter and Ventilator is a monitoring method, making the relationship 'is monitored by' valid directly between these classes.",0.9,,,
232,relation,EtCO2,measures parameter,Carbon Dioxide,[inferred] cluster completion,accept_direct,,,,,EtCO2 measuresParameter Carbon Dioxide as it is a valid monitoring relationship in the neurointensive care context.,0.9,,,
233,relation,Impedance Plethmography,is monitored by,Ventilator,[inferred] cluster completion,revise,4.4,Impedance Plethmography,hasMonitoringData,Ventilator,The relation 'is monitored by' should be 'hasMonitoringData' since 'Impedance Plethmography' is a type of monitoring data.,0.9,The relation 'is monitored by' should be 'hasMonitoringData' as it correctly connects monitoring data with the monitoring device.,1.0,
234,relation,Insult,is a risk factor for,Poor Outcome,[inferred] cluster completion,accept_direct,,,,,"Insult is a valid subclass of Secondary Insult, which is clinically recognized as a risk factor for Poor Outcome in TBI patients.",0.9,,,
235,relation,Insult,triggers intervention,Ventilation,[inferred] cluster completion,revise,4.4,Insult,isAssociatedWith,Ventilation,The relation 'triggers intervention' is not valid; it should be 'isAssociatedWith' as Insult relates to interventions like Ventilation.,0.85,The relation 'triggers intervention' should be 'isAssociatedWith' as Insult relates to interventions like Ventilation.,1.0,
236,relation,Paralysis,is a condition of,Neurological Injury,[inferred] cluster completion,reject,,,,,"Paralysis is not a condition of Neurological Injury; it is a type of Baseline Therapy, making the relationship semantically incorrect.",0.9,,,
237,relation,Paralysis,affects outcome,Poor Outcome,[inferred] cluster completion,accept_direct,,,,,Paralysis affects outcome Poor Outcome is clinically valid as paralysis can lead to poor outcomes in TBI patients.,0.9,,,
238,relation,Patient Transport,is associated with,Ventilation,[inferred] cluster completion,accept_indirect,,,,,Patient Transport indirectly relates to Ventilation through the context of Nursing Interventions and Patient Interventions in the neurointensive care setting.,0.7,,,low_evidence
239,relation,Patient Transport,is administered during,Analgesia,[inferred] cluster completion,revise,4.4,Patient Transport,receivesTherapy,Analgesia,The relation 'is administered during' should be replaced with 'receivesTherapy' to correctly reflect that 'Patient Transport' is not a therapy but a nursing intervention.,0.85,"The relation 'is administered during' should be 'receivesTherapy' as 'Patient Transport' is a nursing intervention, not a therapy.",1.0,
240,relation,Poor Outcome,is influenced by,Insult,[inferred] cluster completion,accept_indirect,,,,,"Poor Outcome is influenced by Insult via the relationship of Insult causing conditions that lead to Poor Outcome, making it an indirect relationship.",0.7,,,low_evidence
241,relation,Poor Outcome,is associated with,Paralysis,[inferred] cluster completion,accept_indirect,,,,,Poor Outcome is associated with Paralysis via the relationship that both are linked through the broader context of therapy and patient outcomes in neurointensive care.,0.85,,,
242,relation,SjO2,is monitored by,Ventilator,[inferred] cluster completion,reject,,,,,"SjO2 is a monitoring parameter, while Ventilator is a device; the relationship 'is monitored by' does not hold between these classes as per the domain context.",0.9,,,
243,relation,Skull Fracture Elevation,is associated with,Head Injury,[inferred] cluster completion,accept_direct,,,,,"Skull Fracture Elevation is associated with Head Injury as both are valid classes in the neurointensive care context, and the relationship holds directly.",0.9,,,
244,relation,TCD,is monitored by,Sensor,[inferred] cluster completion,accept_direct,,,,,"TCD is monitored by Sensor, as Sensors are used for monitoring physiological parameters, which includes TCD.",0.9,,,
245,relation,Ventilation,is managed by,Ventilator,[inferred] cluster completion,accept_direct,,,,,Ventilation is managed by Ventilator is a direct relationship as Ventilation settings are indeed managed by a Ventilator in neurointensive care.,0.95,,,
246,relation,Ventilation,is associated with,Patient Transport,[inferred] cluster completion,reject,,,,,'Ventilation is associated with Patient Transport' does not hold as there is no direct or indirect relationship between these classes in the neurointensive care context.,0.9,,,
247,relation,White Blood Cell Count,has laboratory value,Haematology,[inferred] cluster completion,revise,4.9,White Blood Cell Count,subClassOf,Haematology,The relation 'has laboratory value' should be 'subClassOf' as White Blood Cell Count is an analyte subclass of Haematology panel.,0.9,"White Blood Cell Count→Haematology is the analyte→panel subclass pattern in the preamble, so relation should be subClassOf.",1.0,
248,relation,Brain Temperature,is monitored by,Sensor,[inferred] cluster completion,accept_direct,,,,,Brain Temperature is monitored by Sensor directly as per the BrainIT ontology definitions; the relationship holds correctly between the two classes.,0.95,,,
249,relation,Brain Temperature,has monitoring data,Timepoint,[inferred] cluster completion,accept_direct,,,,,"Brain Temperature is an Optional Monitoring Parameter and Timepoint is a hierarchical concept in monitoring data; thus, the relationship holds directly.",0.95,,,
250,relation,Heart Rate,is monitored by,Sensor,[inferred] cluster completion,accept_direct,,,,,Heart Rate is monitored by Sensor is a valid direct relationship as per the domain context where Sensor is used to record physiological parameters.,0.95,,,
251,relation,Heart Rate,has monitoring data,Timepoint,[inferred] cluster completion,accept_direct,,,,,Heart Rate is a Core Monitoring Parameter and Timepoint is a Monitoring Data subclass; the relationship holds directly as Heart Rate hasMonitoringData Timepoint.,0.9,,,
252,relation,ICP Sensor Placement,is related to,Sensor,[inferred] cluster completion,accept_direct,,,,,The relationship 'ICP Sensor Placement is related to Sensor' is valid as ICP Sensor Placement is a type of Sensor used for monitoring.,0.9,,,
253,relation,Measurement Time,has timepoint,Timepoint,[inferred] cluster completion,accept_direct,,,,,Measurement Time has timepoint Timepoint is a valid relationship as Measurement Time refers to specific time points associated with sensor readings.,0.9,,,
254,relation,NIBP,is monitored by,Sensor,[inferred] cluster completion,accept_direct,,,,,"NIBP is a valid subclass of Monitoring Data, and Sensor is a valid class for devices that monitor parameters; the relationship holds directly.",0.9,,,
255,relation,NIBP,has monitoring data,Timepoint,[inferred] cluster completion,accept_direct,,,,,"NIBP is an optional monitoring parameter and Timepoint is associated with monitoring data, making the relationship valid as per the hierarchical structure in the preamble.",0.9,,,
256,relation,Observation,is measured at,Timepoint,[inferred] cluster completion,accept_direct,,,,,"Observation is measured at Timepoint directly, aligning with the definitions of both classes in the domain context.",0.95,,,
257,relation,Parameter,is measured by,Sensor,[inferred] cluster completion,accept_direct,,,,,"Parameter is measured by Sensor is a valid relationship as Sensors are used to record physiological parameters, aligning with the definitions in the preamble.",0.95,,,
258,relation,Peripheral Temperature,is monitored by,Sensor,[inferred] cluster completion,accept_direct,,,,,"Peripheral Temperature is monitored by Sensor, as Sensors are used to record physiological parameters, including temperature readings.",0.95,,,
259,relation,Peripheral Temperature,has monitoring data,Timepoint,[inferred] cluster completion,accept_direct,,,,,"Peripheral Temperature is an Optional Monitoring Parameter and Timepoint is a valid Monitoring Data, thus the relationship holds directly.",0.9,,,
260,relation,Reading,is measured at,Timepoint,[inferred] cluster completion,accept_direct,,,,,Reading is measured at Timepoint is a direct relationship as Timepoint is a specific moment for monitoring data.,0.9,,,
261,relation,Reading,measures parameter,Parameter,[inferred] cluster completion,accept_direct,,,,,Reading measuresParameter Parameter is a direct relationship as Reading is the hub class for physiological observations and Parameter is a valid class of measured variables.,0.95,,,
262,relation,Respiration Rate,is monitored by,Sensor,[inferred] cluster completion,accept_direct,,,,,"Respiration Rate is monitored by Sensor directly, as both classes are defined in the domain context.",0.9,,,
263,relation,Respiration Rate,has monitoring data,Timepoint,[inferred] cluster completion,accept_direct,,,,,Respiration Rate hasMonitoringData Timepoint reflects the hierarchical relationship where physiological parameters are monitored over discrete time points.,0.95,,,
264,relation,Temperature,is monitored by,Sensor,[inferred] cluster completion,accept_direct,,,,,Temperature is monitored by Sensor as both are valid classes in the monitoring context of the BrainIT ontology.,0.9,,,
265,relation,Temperature,has monitoring data,Timepoint,[inferred] cluster completion,accept_direct,,,,,Temperature hasMonitoringData Timepoint is valid as Temperature is a physiological parameter monitored at discrete timepoints.,0.9,,,
266,relation,Biochemistry,has laboratory value,Potassium,[inferred] cluster completion,revise,4.4,Biochemistry,hasLaboratoryValue,Potassium,The relation 'has laboratory value' should be 'hasLaboratoryValue' as it must reflect the correct BrainIT relation for analytes and panels.,0.9,The relation 'has laboratory value' should be 'hasLaboratoryValue' as per BrainIT conventions for analytes and panels.,1.0,
267,relation,Biochemistry,has laboratory value,Sodium,[inferred] cluster completion,revise,4.9,Sodium,subClassOf,Biochemistry,"Sodium is an analyte and should be a subclass of Biochemistry, not related by has laboratory value; the relation should be subClassOf.",0.9,"Sodium→Biochemistry is the analyte→panel subclass pattern in the preamble, so relation should be subClassOf.",1.0,
268,relation,Blood Gases,is monitored by,Monitoring,[inferred] cluster completion,accept_direct,,,,,"Blood Gases is monitored by Monitoring, as Monitoring encompasses the continuous observation of physiological parameters including blood gases.",0.9,,,
269,relation,Cardiac Output,is monitored by,Monitoring,[inferred] cluster completion,revise,4.4,Cardiac Output,hasMonitoringData,Monitoring,The relation 'is monitored by' should be 'hasMonitoringData' as Cardiac Output is a parameter that has monitoring data.,0.9,The relation 'is monitored by' should be 'hasMonitoringData' as Cardiac Output is a parameter that has monitoring data.,1.0,
270,relation,Fluids,is monitored by,Monitoring,[inferred] cluster completion,revise,4.4,Fluids,hasMonitoringData,Monitoring,The relation 'is monitored by' should be 'hasMonitoringData' as Fluids is a type of therapy and Monitoring is a type of monitoring data.,0.9,The relation 'is monitored by' should be 'hasMonitoringData' as Fluids is a type of therapy and Monitoring is a type of monitoring data.,1.0,
271,relation,Glucose,is monitored by,Monitoring,[inferred] cluster completion,accept_indirect,,,,,"Glucose is monitored by Monitoring via the relationship of being a physiological parameter measured in critically ill patients, connecting through Monitoring Data.",0.85,,,
272,relation,Haematocrit,has laboratory value,Haematology,[inferred] cluster completion,revise,4.9,Haematocrit,subClassOf,Haematology,"Haematocrit is an analyte and should be a subclass of Haematology, not related by has laboratory value; the relation should be subClassOf.",0.9,"Haematocrit is an analyte and should be a subclass of Haematology, per the preamble's analyte→panel pattern.",1.0,
273,relation,Haematology,has laboratory value,Haemoglobin,[inferred] cluster completion,revise,4.9,Haematology,subClassOf,Laboratory Values,"Haematology should be a subclass of Laboratory Values, and the relation should be subClassOf instead of has laboratory value.",0.9,"Haematology should be a subclass of Laboratory Values as per the domain context, indicating the analyte-panel relationship.",1.0,
274,relation,Haematology,has laboratory value,Haematocrit,[inferred] cluster completion,revise,4.9,Haematocrit,subClassOf,Haematology,"The relation 'has laboratory value' should be 'subClassOf' as Haematocrit is an analyte under the Haematology panel, according to the preamble.",0.9,"Haematocrit is an analyte under the Haematology panel, so the relation should be subClassOf.",1.0,
275,relation,Haemoglobin,has laboratory value,Haematology,[inferred] cluster completion,revise,4.9,Haemoglobin,subClassOf,Haematology,"Haemoglobin is an analyte and should be subclassed under Haematology, not related via has laboratory value.",0.9,"Haemoglobin is an analyte and should be subclassed under Haematology, per the analyte→panel pattern in the preamble.",1.0,
276,relation,Monitoring,monitoring indicates condition,Secondary Insult,[inferred] cluster completion,reject,,,,,"The relation 'monitoring indicates condition' is incorrect; monitoring does not directly indicate a secondary insult, as it is a broader observation category without a direct causal link.",0.7,,,low_evidence
277,relation,Nutrition,is monitored by,Monitoring,[inferred] cluster completion,revise,4.4,Nutrition,hasMonitoringData,Monitoring,The relation 'is monitored by' should be 'hasMonitoringData' as Nutrition is a type of Therapy and Monitoring is a type of Monitoring Data.,0.9,The relation 'is monitored by' should be 'hasMonitoringData' as Nutrition is a type of Therapy and Monitoring is a type of Monitoring Data.,1.0,
278,relation,Potassium,has laboratory value,Biochemistry,[inferred] cluster completion,revise,4.9,Potassium,subClassOf,Biochemistry,"Potassium is an analyte and should be a subclass of Biochemistry, not related via has laboratory value; the relation should be subClassOf.",0.9,"Potassium→Biochemistry is the analyte→panel subclass pattern in the preamble, so relation should be subClassOf.",1.0,
279,relation,Sedation,is monitored by,Monitoring,[inferred] cluster completion,accept_direct,,,,,"Sedation is monitored by Monitoring, as Monitoring is the method for continuous observation of physiological parameters in critically ill patients.",0.9,,,
280,relation,Sodium,has laboratory value,Biochemistry,[inferred] cluster completion,revise,4.9,Sodium,subClassOf,Biochemistry,Sodium is an analyte and Biochemistry is a panel; the relationship should be subClassOf instead of has laboratory value as per the preamble.,0.9,"Sodium→Biochemistry is the analyte→panel subclass pattern in the preamble, so relation should be subClassOf.",1.0,
281,relation,Disability,is associated with,Outcome Score,[inferred] cluster completion,accept_direct,,,,,Disability is associated with Outcome Score as both are valid classes in the context of brain injury assessment.,0.9,,,
282,relation,Disability,is influenced by,GCS Assessment,[inferred] cluster completion,accept_indirect,,,,,"Disability is influenced by GCS Assessment via the relationship that GCS Assessment assesses neurological status, which impacts disability outcomes.",0.7,,,low_evidence
283,relation,GCS Assessment,is associated with,Pupil Assessment,[inferred] cluster completion,accept_indirect,,,,,"GCS Assessment is associated with neurological status, which indirectly relates to Pupil Assessment through their shared focus on brain injury assessment.",0.85,,,
284,relation,GOSe Outcome,relates to clinical outcome,Outcome Score,[inferred] cluster completion,accept_indirect,,,,,"GOSe Outcome relates to clinical outcome indirectly via Outcome Score, as both are part of assessing patient outcomes in TBI.",0.7,,,low_evidence
285,relation,Motor Impairment,is associated with,Disability,[inferred] cluster completion,accept_direct,,,,,Motor Impairment is associated with Disability as both are valid concepts in the context of brain injury and their relationship is clinically recognized.,0.9,,,
286,relation,Motor Impairment,is influenced by,GCS Assessment,[inferred] cluster completion,accept_indirect,,,,,Motor Impairment is influenced by GCS Assessment indirectly through the assessment of neurological status and its impact on motor function.,0.7,,,low_evidence
287,relation,Outcome Score,predicts outcome,GOSe Outcome,[inferred] cluster completion,accept_direct,,,,,Outcome Score predicts GOSe Outcome is a valid direct relationship as both are classes related to assessing neurological outcomes post-brain injury.,0.9,,,
288,relation,Outcome Score,is associated with,Disability,[inferred] cluster completion,accept_indirect,,,,,"Outcome Score indirectly relates to Disability through the assessment of neurological outcomes, which affects the level of disability in patients with brain injuries.",0.85,,,
289,relation,Pupil Assessment,is associated with,GCS Assessment,[inferred] cluster completion,accept_direct,,,,,Pupil Assessment is associated with GCS Assessment as both are Clinical Assessments related to neurological status.,0.9,,,
290,relation,Cerebral Perfusion Pressure (CPP),is influenced by,Intracranial Pressure (ICP),[inferred] cluster completion,accept_direct,,,,,"Cerebral Perfusion Pressure (CPP) is influenced by Intracranial Pressure (ICP), which is a clinically valid relationship in neurointensive care.",0.95,,,
291,relation,Cerebral Perfusion Pressure (CPP),calculates,Mean Cerebral Perfusion Pressure,[inferred] cluster completion,accept_indirect,,,,,Cerebral Perfusion Pressure calculates Mean Cerebral Perfusion Pressure indirectly through the relationship of CPP being a derived parameter calculated from MAP and ICP.,0.85,,,
292,relation,Intracranial Hypertension,is a condition of,Intracranial Pressure (ICP),[inferred] cluster completion,accept_direct,,,,,Intracranial Hypertension is a condition that directly relates to Intracranial Pressure (ICP) as a critical parameter in neurological assessments.,0.95,,,
293,relation,Mean Cerebral Perfusion Pressure,is influenced by,Intracranial Pressure (ICP),[inferred] cluster completion,accept_direct,,,,,"Mean Cerebral Perfusion Pressure is influenced by Intracranial Pressure, as both are valid parameters in neurointensive care assessments.",0.9,,,
294,relation,Pressure Reactivity Index (PRx),assesses,Intracranial Pressure (ICP),[inferred] cluster completion,accept_direct,,,,,PRx assesses ICP is a valid relationship as PRx is used to evaluate the brain's ability to regulate blood flow in response to ICP changes.,0.9,,,
295,relation,Carbon Dioxide,is monitored by,Partial Pressure of Carbon Dioxide,[inferred] cluster completion,accept_indirect,,,,,The relationship 'Carbon Dioxide is monitored by Partial Pressure of Carbon Dioxide' is true via the indirect path: Carbon Dioxide → is assessed by → Partial Pressure of Carbon Dioxide.,0.7,,,low_evidence
296,relation,Carbon Dioxide,is associated with,Ventilation,[inferred] cluster completion,accept_indirect,,,,,Carbon Dioxide is associated with Ventilation via the relationship that both are part of the respiratory monitoring and management context in neurointensive care.,0.7,,,low_evidence
297,relation,End-tidal Carbon Dioxide,assesses,Ventilation,[inferred] cluster completion,accept_direct,,,,,End-tidal Carbon Dioxide assesses Ventilation directly as it measures the effectiveness of ventilation management.,0.9,,,
298,relation,End-tidal Carbon Dioxide,is measured by,Sensor,[inferred] cluster completion,accept_direct,,,,,"End-tidal Carbon Dioxide is measured by Sensor, which is a valid relationship in the context of physiological monitoring.",0.95,,,
299,relation,Partial Pressure of Carbon Dioxide,is influenced by,Ventilation,[inferred] cluster completion,accept_indirect,,,,,"Partial Pressure of Carbon Dioxide is influenced by Ventilation through the relationship of monitoring respiratory function, thus holding indirectly.",0.85,,,
300,relation,Brain Injury,affects outcome,Outcome Score,[inferred] cluster completion,accept_direct,,,,,Brain Injury affects Outcome Score directly as the outcome score assesses the neurological outcome of patients after brain injury.,0.9,,,
301,relation,Cranial Injuries,is associated with,Traumatic Brain Injury,[inferred] cluster completion,accept_direct,,,,,"Cranial Injuries is associated with Traumatic Brain Injury as both are valid classes in the neurointensive care domain, reflecting the clinical relationship between them.",0.9,,,
302,relation,Disability,is related to,Brain Injury,[inferred] cluster completion,accept_direct,,,,,"Disability is related to Brain Injury as a consequence of neurological deficits caused by brain injuries, which is clinically valid.",0.9,,,
303,relation,Extracranial Injury,is a risk factor for,Brain Injury,[inferred] cluster completion,accept_direct,,,,,"Extracranial Injury is a recognized risk factor for Brain Injury, as injuries outside the cranial cavity can complicate brain injury management.",0.95,,,
304,relation,GCS Assessment,assesses,Brain Injury,[inferred] cluster completion,accept_direct,,,,,"GCS Assessment assesses Brain Injury as it directly evaluates the neurological status following a brain injury, which is clinically valid.",0.95,,,
305,relation,GOSe Outcome,predicts outcome,Brain Injury,[inferred] cluster completion,accept_indirect,,,,,"GOSe Outcome predicts outcome of Brain Injury via the relationship that outcomes are influenced by conditions, making it indirectly valid.",0.7,,,low_evidence
306,relation,Head Trauma,is monitored by,GCS Assessment,[inferred] cluster completion,accept_direct,,,,,"Head Trauma is monitored by GCS Assessment, as GCS Assessment is a clinical assessment used for monitoring neurological status after brain injury.",0.95,,,
307,relation,Motor Impairment,is related to,Brain Injury,[inferred] cluster completion,accept_direct,,,,,"Motor Impairment is related to Brain Injury as both are valid classes in the neurointensive care domain, reflecting a direct clinical relationship.",0.95,,,
308,relation,Outcome Score,relates to clinical outcome,Brain Injury,[inferred] cluster completion,accept_direct,,,,,"Outcome Score relates to Brain Injury as it assesses the neurological outcome of patients after brain injury, directly linking the two classes.",0.9,,,
309,relation,Patient,receives therapy,Guideline,[inferred] cluster completion,revise,4.4,Patient,isTreatedWith,Baseline Therapy,The relation 'receives therapy' is incorrect as 'Guideline' is not a therapy; it should be replaced with a valid therapy class.,0.9,Guideline is not a therapy; Patient should be linked to Baseline Therapy via isTreatedWith.,0.9,
310,relation,Pupil Assessment,assesses,Neurological Injury,[inferred] cluster completion,accept_direct,,,,,Pupil Assessment assesses Neurological Injury directly as it evaluates neurological status through pupil response.,0.9,,,
311,relation,Adverse Event,affects outcome,Hypertension,[inferred] cluster completion,accept_direct,,,,,"Adverse Event affects Outcome is a valid relationship as adverse events can impact patient outcomes, including conditions like Hypertension.",0.9,,,
312,relation,Arterial Hypotension,is a risk factor for,Septic Shock,[inferred] cluster completion,accept_direct,,,,,"Arterial Hypotension is a risk factor for Septic Shock, as low blood pressure can lead to organ dysfunction in head-injured patients.",0.9,,,
313,relation,Arterial Pressors,is treated with,Hypotension,[inferred] cluster completion,revise,4.4,Arterial Pressors,receivesTherapy,Hypotension,The relation 'is treated with' should be replaced with 'receivesTherapy' as Hypotension is a condition that receives therapy from Arterial Pressors.,0.9,The relation 'is treated with' should be 'receivesTherapy' as Hypotension is a condition that receives therapy from Arterial Pressors.,1.0,
314,relation,Hypertension,is related to,Adverse Event,[inferred] cluster completion,accept_indirect,,,,,Hypertension is related to Adverse Event via the chain: Hypertension affects Outcome → Adverse Event is a type of Outcome.,0.85,,,
315,relation,Hypotension,is a risk factor for,Acute Respiratory Distress Syndrome,[inferred] cluster completion,accept_direct,,,,,"Hypotension is a condition that can lead to Acute Respiratory Distress Syndrome, making the relationship valid as a risk factor.",0.9,,,
316,relation,Hypotension,is treated with,Vasopressors,[inferred] cluster completion,accept_direct,,,,,Hypotension is treated with Vasopressors is a valid direct relationship as Vasopressors are medications used to manage low blood pressure in critical care settings.,0.9,,,
317,relation,Mean Arterial Pressure (MAP),measures parameter,Hypotension,[inferred] cluster completion,accept_direct,,,,,"Mean Arterial Pressure (MAP) measures the parameter Hypotension, as MAP is a vital sign directly related to blood pressure conditions.",0.9,,,
318,relation,Sepsis,is a risk factor for,Septic Shock,[inferred] cluster completion,accept_direct,,,,,"Sepsis is a valid subclass of Condition and Septic Shock is a valid subclass of Secondary Insult, making the relationship valid as Sepsis is a risk factor for Septic Shock.",0.95,,,
319,relation,Vasopressors,is administered during,Hypotension,[inferred] cluster completion,accept_direct,,,,,"Vasopressors is administered during Hypotension, as vasopressors are used to treat low blood pressure in critical care settings.",0.95,,,
320,relation,Clinical Outcome,relates to clinical outcome,Outcome,[inferred] cluster completion,accept_direct,,,,,Clinical Outcome relates to Outcome as both are valid classes in the context of patient health measures post-treatment.,0.95,,,
321,relation,Monitoring Data,has monitoring data,Physiological Data,[inferred] cluster completion,accept_direct,,,,,Monitoring Data hasMonitoringData Physiological Data is valid as both classes are part of the monitoring hierarchy in the preamble.,0.95,,,
322,relation,Outcome Data,is related to,Clinical Outcome,[inferred] cluster completion,accept_indirect,,,,,Outcome Data is indirectly related to Clinical Outcome through the concept of medical treatment results; the relationship holds via a traceable chain of intermediate concepts.,0.85,,,
323,relation,Patient Interventions,affects outcome,Outcome,[inferred] cluster completion,accept_direct,,,,,"The relation 'affectsOutcome' directly connects 'Patient Interventions' and 'Outcome', as interventions are designed to improve patient outcomes.",0.95,,,
324,relation,Physiological Data,is monitored by,Monitoring Data,[inferred] cluster completion,accept_direct,,,,,Physiological Data is monitored by Monitoring Data as both classes are defined in the context of patient physiological assessment and monitoring.,0.95,,,
325,relation,Treatment Data,is administered during,Patient Interventions,[inferred] cluster completion,accept_direct,,,,,"Treatment Data is administered during Patient Interventions, which is a direct relationship in the neurointensive care context.",0.95,,,
326,relation,Error,is related to,Reading,[inferred] cluster completion,accept_indirect,,,,,Error is related to Reading via the chain: Error assesses Observation → Observation measuresParameter → Reading.,0.7,,,low_evidence
327,relation,Observation,is measured at,Measurement Time,[inferred] cluster completion,accept_direct,,,,,Observation is measured at Measurement Time is a direct relationship between the classes as defined in the context of monitoring data.,0.9,,,
328,relation,Possible Error,is associated with,Reading,[inferred] cluster completion,accept_direct,,,,,Possible Error is associated with Reading as it reflects the relationship between a reading outside acceptable range and recorded physiological observations.,0.9,,,
329,relation,Probable Error,is associated with,Reading,[inferred] cluster completion,accept_direct,,,,,"Probable Error is associated with Reading as both are valid classes in the BrainIT ontology, and the relationship holds directly between them.",0.9,,,
330,relation,Reading,is measured by,Sensor,[inferred] cluster completion,accept_direct,,,,,"Reading is measured by Sensor is a direct relationship as Sensors are used to record physiological parameters, aligning with the domain context.",0.95,,,
331,relation,Temperature,measures parameter,Brain Temperature,[inferred] cluster completion,accept_indirect,,,,,"Temperature measuresParameter Brain Temperature indirectly through the Reading class, as both are physiological parameters under Monitoring Data.",0.9,,,
332,relation,Decompressive Craniectomy,has surgical procedure,Evacuation of Mass Lesion,[inferred] cluster completion,revise,4.4,Decompressive Craniectomy,isAProcedureFor,Evacuation of Mass Lesion,The relation 'has surgical procedure' should be 'isAProcedureFor' to correctly reflect the relationship between 'Decompressive Craniectomy' and 'Evacuation of Mass Lesion'.,0.85,The relation 'has surgical procedure' should be 'isAProcedureFor' to correctly reflect the relationship between 'Decompressive Craniectomy' and 'Evacuation of Mass Lesion'.,1.0,
333,relation,Jugular Venous Desaturation,is associated with,Jugular Venous Oxygen Saturation,[inferred] cluster completion,accept_direct,,,,,Jugular Venous Desaturation is associated with Jugular Venous Oxygen Saturation as both relate to cerebral oxygenation in TBI patients.,0.9,,,
334,relation,Jugular Venous Oxygen Saturation,assesses,Partial Pressure of Brain Tissue Oxygen,[inferred] cluster completion,accept_indirect,,,,,Jugular Venous Oxygen Saturation assesses Partial Pressure of Brain Tissue Oxygen indirectly through the relationship of monitoring cerebral oxygenation and metabolic activity.,0.7,,,low_evidence
335,relation,Management,is managed by,Hypothermia Therapy,[inferred] cluster completion,revise,4.4,Hypothermia Therapy,receivesTherapy,Management,The relation 'is managed by' is not appropriate; 'Hypothermia Therapy' should be the subject in a relation like 'receivesTherapy' to connect it to 'Management'.,0.8,"Hypothermia Therapy should receive therapy from Management, correcting the relation from 'is managed by' to 'receivesTherapy'.",1.0,
336,relation,Partial Pressure of Brain Tissue Oxygen,is monitored by,Jugular Venous Oxygen Saturation,[inferred] cluster completion,accept_indirect,,,,,"Partial Pressure of Brain Tissue Oxygen is monitored by Jugular Venous Oxygen Saturation via the physiological monitoring chain, linking both as parameters of cerebral oxygenation.",0.85,,,
337,relation,PbrO2,measures parameter,Jugular Venous Oxygen Saturation,[inferred] cluster completion,accept_indirect,,,,,"PbrO2 measures parameter Jugular Venous Oxygen Saturation indirectly through the concept of cerebral oxygenation assessment, which connects them via physiological monitoring.",0.7,,,low_evidence
338,relation,SaO2,has laboratory value,Partial Pressure of Brain Tissue Oxygen,[inferred] cluster completion,revise,4.4,SaO2,hasMonitoringData,Partial Pressure of Brain Tissue Oxygen,"SaO2 is a monitoring parameter, while Partial Pressure of Brain Tissue Oxygen is a physiological parameter; the relation should be hasMonitoringData instead of has laboratory value.",0.9,"SaO2 is a monitoring parameter, while Partial Pressure of Brain Tissue Oxygen is a physiological parameter; the relation should be hasMonitoringData instead of has laboratory value.",1.0,
339,relation,Anti-hypertensives,is treated with,Analgesia,[inferred] cluster completion,revise,4.4,Anti-hypertensives,receivesTherapy,Analgesia,"The relation 'is treated with' should be replaced with 'receivesTherapy' as Anti-hypertensives is a therapy and Analgesia is also a therapy, aligning with the BrainIT conventions.",0.9,The relation 'is treated with' should be 'receivesTherapy' as both are therapies according to BrainIT conventions.,1.0,
340,relation,Electrocardiogram (ECG),assesses,Poor Outcome,[inferred] cluster completion,revise,4.4,Electrocardiogram (ECG),affectsOutcome,Poor Outcome,The relation 'assesses' should be replaced with 'affectsOutcome' as ECG is related to outcomes in the context of neurointensive care.,0.85,The relation 'assesses' should be replaced with 'affectsOutcome' as ECG is related to outcomes in neurointensive care.,1.0,
341,relation,EtCO2,is monitored by,Ventilation,[inferred] cluster completion,revise,4.4,EtCO2,hasMonitoringData,Ventilation,"The relation 'is monitored by' should be 'hasMonitoringData' since EtCO2 is a monitoring parameter and Ventilation is a therapy, not a monitoring method.",0.9,The relation 'is monitored by' should be 'hasMonitoringData' as EtCO2 is a monitoring parameter and Ventilation is a therapy.,1.0,
342,relation,Insult,is associated with,Poor Outcome,[inferred] cluster completion,accept_direct,,,,,Insult is associated with Poor Outcome is a valid relationship as Insult can lead to negative outcomes in neurointensive care contexts.,0.9,,,
343,relation,Paralysis,is a risk factor for,Poor Outcome,[inferred] cluster completion,accept_indirect,,,,,"Paralysis is a subclass of Baseline Therapy, which reduces Poor Outcome indirectly through its therapeutic effects on TBI patients.",0.7,,,low_evidence
344,relation,SjO2,is monitored by,Ventilation,[inferred] cluster completion,revise,4.4,SjO2,hasMonitoringData,Ventilation,"The relation 'is monitored by' should be replaced with 'hasMonitoringData' as SjO2 is a monitoring parameter and Ventilation is a therapy, not a monitoring method.",0.9,The relation 'is monitored by' should be 'hasMonitoringData' as SjO2 is a monitoring parameter and Ventilation is a therapy.,1.0,
345,relation,Ventilator,is associated with,Ventilation,[inferred] cluster completion,accept_direct,,,,,"Ventilator is associated with Ventilation, as mechanical ventilation settings and management directly relate to the use of a ventilator in neurointensive care.",0.9,,,
346,relation,Secondary Brain Injury,worsens,Secondary Insult,[inferred] cluster completion,accept_direct,,,,,Secondary Brain Injury worsens Secondary Insult is clinically valid as both are types of brain injuries that can exacerbate each other in neurointensive care.,0.9,,,
347,relation,Secondary Insult,is associated with,Secondary Brain Injury,[inferred] cluster completion,accept_direct,,,,,"Secondary Insult is associated with Secondary Brain Injury as both are valid subclasses of Brain Injury, establishing a direct relationship.",0.9,,,
348,relation,Secondary Insult Therapy,is treated with,Secondary Insult,[inferred] cluster completion,accept_direct,,,,,"Secondary Insult Therapy is treated with Secondary Insult, as the therapy targets the complications arising after the initial injury, which aligns with the definitions in the preamble.",0.9,,,
349,relation,Biochemistry,has laboratory value,Haematocrit,[inferred] cluster completion,revise,4.4,Biochemistry,hasLaboratoryValue,Haematocrit,"The relation 'has laboratory value' should be 'hasLaboratoryValue' as analytes like Haematocrit are subclasses of Biochemistry, indicating a subclass relationship.",0.9,The relation 'has laboratory value' should be 'hasLaboratoryValue' as per BrainIT conventions.,1.0,
350,relation,Biochemistry,has laboratory value,Haemoglobin,[inferred] cluster completion,revise,4.4,Biochemistry,hasLaboratoryValue,Haemoglobin,"The relation 'has laboratory value' should be 'hasLaboratoryValue' as Haemoglobin is an analyte under the Biochemistry panel, indicating a subclass relationship.",0.9,The relation 'has laboratory value' should be 'hasLaboratoryValue' as Haemoglobin is an analyte under the Biochemistry panel.,1.0,
351,relation,Haematocrit,is monitored by,Monitoring,[inferred] cluster completion,revise,4.4,Haematocrit,hasMonitoringData,Monitoring,The relation 'is monitored by' should be 'hasMonitoringData' as Haematocrit is a specific parameter that falls under Monitoring Data.,0.9,The relation 'is monitored by' should be 'hasMonitoringData' as Haematocrit is a specific parameter under Monitoring Data.,1.0,
352,relation,Haemoglobin,is monitored by,Monitoring,[inferred] cluster completion,revise,4.4,Haemoglobin,isMonitoredBy,Monitoring,"Haemoglobin is a laboratory value, while Monitoring is a method; the correct relation should be 'isMonitoredBy' with 'Haemoglobin' as the subject and a valid monitoring method as the object.",0.8,The relation 'is monitored by' should be 'isMonitoredBy' as it correctly connects Haemoglobin to the monitoring method.,1.0,
353,relation,Monitoring,assesses,Blood Gases,[inferred] cluster completion,accept_direct,,,,,Monitoring assesses Blood Gases as it directly relates to the observation and measurement of physiological parameters in critically ill patients.,0.9,,,
354,relation,Monitoring,assesses,Cardiac Output,[inferred] cluster completion,accept_direct,,,,,Monitoring assesses Cardiac Output is valid as Monitoring is a broader category that includes various assessments of physiological parameters.,0.9,,,
355,relation,Monitoring,assesses,Fluids,[inferred] cluster completion,accept_indirect,,,,,"Monitoring assesses Fluids indirectly through the relationship with Reading, which measures parameters related to fluid management.",0.7,,,low_evidence
356,relation,Monitoring,assesses,Glucose,[inferred] cluster completion,accept_direct,,,,,Monitoring assesses Glucose directly as it is a physiological parameter monitored in critically ill patients.,0.9,,,
357,relation,Monitoring,assesses,Haematocrit,[inferred] cluster completion,accept_direct,,,,,Monitoring assesses Haematocrit as it is a valid relationship between the class of Monitoring and the specific laboratory value of Haematocrit.,0.95,,,
358,relation,Monitoring,assesses,Haemoglobin,[inferred] cluster completion,accept_direct,,,,,Monitoring assesses Haemoglobin as it is a valid relationship between monitoring data and laboratory values in the neurointensive care context.,0.95,,,
359,relation,Monitoring,assesses,Potassium,[inferred] cluster completion,accept_direct,,,,,Monitoring assesses Potassium as it is a physiological parameter that is monitored in critically ill patients.,0.9,,,
360,relation,Monitoring,assesses,Sodium,[inferred] cluster completion,revise,4.4,Monitoring,hasMonitoringData,Sodium,The relationship 'Monitoring assesses Sodium' should be 'Monitoring hasMonitoringData Sodium' as Sodium is a laboratory value monitored in clinical settings.,0.9,The relationship 'Monitoring assesses Sodium' should be 'Monitoring hasMonitoringData Sodium' as Sodium is a laboratory value monitored in clinical settings.,1.0,
361,relation,Potassium,is monitored by,Monitoring,[inferred] cluster completion,revise,4.4,Potassium,hasLaboratoryValue,Serum potassium (K+),"Potassium is a valid subclass of Laboratory Values, and the relation should be hasLaboratoryValue instead of is monitored by.",0.9,"The relation should be hasLaboratoryValue instead of is monitored by, as Potassium is a laboratory value.",1.0,
362,relation,Sodium,is monitored by,Monitoring,[inferred] cluster completion,revise,4.4,Sodium,hasMonitoringData,Monitoring,The relation 'is monitored by' should be 'hasMonitoringData' as Sodium is a laboratory value and Monitoring is a method of observation.,0.9,The relation 'is monitored by' should be 'hasMonitoringData' as Sodium is a laboratory value and Monitoring is a method of observation.,1.0,
363,relation,Clinical Assessment,has outcome,Coma,[inferred] cluster completion,accept_indirect,,,,,"Clinical Assessment indirectly influences Coma through the assessment of neurological status, which can determine the state of consciousness.",0.7,,,low_evidence
364,relation,Coma,is a condition of,Clinical Assessment,[inferred] cluster completion,reject,,,,,'Coma is a condition of Clinical Assessment' is incorrect; Clinical Assessment is not a condition but a process used to evaluate conditions like Coma.,0.9,,,
365,relation,Extra Ventricular Drain Placement,is monitored by,Laboratory Values,[inferred] cluster completion,revise,4.4,Extra Ventricular Drain Placement,hasMonitoringData,Laboratory Values,The relation 'is monitored by' should be 'hasMonitoringData' since Laboratory Values are not monitoring methods but rather the data being monitored.,0.9,"The relation 'is monitored by' should be 'hasMonitoringData' as Laboratory Values represent the data being monitored, not the monitoring method.",1.0,
366,relation,Laboratory Values,is associated with,Routine Nursing Care,[inferred] cluster completion,accept_direct,,,,,Laboratory Values is associated with Routine Nursing Care as both are integral components of ICU management for TBI patients.,0.9,,,
367,relation,Nursing Intervention,is managed by,Intensive Care Management,[inferred] cluster completion,revise,4.4,Nursing Intervention,hasNursingIntervention,Intensive Care Management,The relation 'is managed by' should be replaced with 'hasNursingIntervention' as Nursing Intervention is a type of intervention in ICU management.,0.85,The relation 'is managed by' should be 'hasNursingIntervention' as Nursing Intervention is a type of intervention in ICU management.,1.0,
368,relation,Routine Nursing Care,is associated with,Clinical Assessment,[inferred] cluster completion,accept_direct,,,,,Routine Nursing Care is associated with Clinical Assessment as both are relevant components of patient care in the neurointensive care setting.,0.9,,,
369,relation,Session,has timepoint,Laboratory Values,[inferred] cluster completion,accept_indirect,,,,,"The relationship 'Session has timepoint Laboratory Values' is true via 'Session hasMonitoringData' and 'MonitoringData hasLaboratoryValue', making it indirect.",0.7,,,low_evidence
370,relation,Cerebral Perfusion Pressure (CPP),is a risk factor for,Traumatic Intracranial Hypertension,[inferred] cluster completion,accept_direct,,,,,"Cerebral Perfusion Pressure (CPP) is a risk factor for Traumatic Intracranial Hypertension, as increased CPP can indicate the risk of secondary injury in TBI patients.",0.95,,,
371,relation,Intracranial Hypertension,worsens,Cerebral Perfusion Pressure (CPP),[inferred] cluster completion,accept_direct,,,,,Intracranial Hypertension worsens Cerebral Perfusion Pressure (CPP) directly as elevated intracranial pressure negatively affects CPP in TBI patients.,0.9,,,
372,relation,Intracranial Pressure (ICP),is monitored by,CVP,[inferred] cluster completion,reject,,,,,The relation 'is monitored by' does not hold between 'Intracranial Pressure' and 'CVP' as CVP is not a monitoring method for ICP; both are separate physiological parameters.,0.9,,,
373,relation,Intracranial Pressure (ICP),is influenced by,Mean Cerebral Perfusion Pressure,[inferred] cluster completion,accept_direct,,,,,"Intracranial Pressure (ICP) is influenced by Mean Cerebral Perfusion Pressure, which is a valid relationship in neurointensive care.",0.9,,,
374,relation,Mean Cerebral Perfusion Pressure,calculates,Intracranial Pressure (ICP),[inferred] cluster completion,accept_direct,,,,,Mean Cerebral Perfusion Pressure calculates Intracranial Pressure as it directly defines the relationship between these two parameters in neurointensive care.,0.95,,,
375,relation,Mean Intracranial Pressure,is a condition of,Intracranial Hypertension,[inferred] cluster completion,accept_direct,,,,,Mean Intracranial Pressure is a measurable parameter that directly relates to Intracranial Hypertension as a condition of elevated pressure in the skull.,0.9,,,
376,relation,Traumatic Intracranial Hypertension,affects outcome,Intracranial Hypertension,[inferred] cluster completion,accept_direct,,,,,The relationship 'Traumatic Intracranial Hypertension affects outcome Intracranial Hypertension' is valid as both classes are related to the clinical outcomes of TBI patients.,0.9,,,
377,relation,Carbon Dioxide,is monitored by,End-tidal Carbon Dioxide,[inferred] cluster completion,accept_direct,,,,,"Carbon Dioxide is monitored by End-tidal Carbon Dioxide, as both are valid classes in the monitoring context of respiratory function.",0.95,,,
378,relation,Carbon Dioxide,has laboratory value,Partial Pressure of Carbon Dioxide,[inferred] cluster completion,revise,4.9,Carbon Dioxide,subClassOf,Laboratory Value,"Carbon Dioxide hasLaboratoryValue Partial Pressure of Carbon Dioxide implies a subclass relationship, as analytes are subclasses of their respective panels.",0.9,Carbon Dioxide is an analyte and should be a subclass of Laboratory Value as per the preamble's analyte→panel pattern.,1.0,
379,relation,End-tidal Carbon Dioxide,assesses,Carbon Dioxide,[inferred] cluster completion,accept_direct,,,,,End-tidal Carbon Dioxide assesses Carbon Dioxide as it directly relates to monitoring respiratory function in neurointensive care.,0.95,,,
380,relation,Partial Pressure of Carbon Dioxide,is associated with,Carbon Dioxide,[inferred] cluster completion,accept_indirect,,,,,"The triple is valid via the chain: Partial Pressure of Carbon Dioxide measuresParameter Carbon Dioxide, linking the two concepts indirectly.",0.85,,,
381,hierarchy,Decompressive Craniectomy,subClassOf,Surgical Procedure,Decompressive craniectomy (DC) is a surgical technique originally described by Kocher in 1901.,accept_direct,,,,,"Decompressive Craniectomy is listed as a valid subclass of Surgical Procedure in the preamble; thus, the relationship is valid.",1.0,,,
382,hierarchy,Secondary Insult,subClassOf,Insult,One of the most critical types of systemic secondary insult is arterial hypotension.,accept_direct,,,,,"The preamble states that 'Secondary Insult' is a valid subclass of 'Insult', confirming the hierarchy relationship directly.",1.0,,,
383,hierarchy,Vasopressors,subClassOf,Baseline Therapy,[inferred] Vasopressors is a subclass of Baseline Therapy (deterministic hierarchy checklist).,reject,,,,,"Vasopressors is not a subclass of Baseline Therapy; it is a type of Secondary Insult Therapy, which contradicts the preamble's classification.",0.9,,,
384,hierarchy,Secondary Insult,subClassOf,Condition,[inferred] Secondary Insult is a subclass of Condition (deterministic hierarchy checklist).,accept_direct,,,,,"Secondary Insult is listed as a valid subclass of Condition in the preamble; thus, the relation is correct as subClassOf.",1.0,,,
385,hierarchy,Core Monitoring Parameter,subClassOf,Monitoring Data,[inferred] Chain-of-Layer: Core Monitoring Parameter is organized under Monitoring Data,accept_direct,,,,,"Core Monitoring Parameter is explicitly listed as a subclass of Monitoring Data in the preamble; thus, the relationship holds directly.",1.0,,,
386,hierarchy,Heart Rate,subClassOf,Core Monitoring Parameter,[inferred] Chain-of-Layer: Heart Rate is organized under Core Monitoring Parameter,accept_direct,,,,,Heart Rate is listed as a valid subclass of Core Monitoring Parameter in the preamble.,1.0,,,
387,hierarchy,Mean Arterial Pressure (MAP),subClassOf,Core Monitoring Parameter,[inferred] Chain-of-Layer: Mean Arterial Pressure (MAP) is organized under Core Monitoring Parameter,accept_direct,,,,,Mean Arterial Pressure (MAP) is explicitly listed as a subclass of Core Monitoring Parameter in the preamble.,1.0,,,
388,hierarchy,Mean Intracranial Pressure,subClassOf,Core Monitoring Parameter,[inferred] Chain-of-Layer: Mean Intracranial Pressure is organized under Core Monitoring Parameter,accept_direct,,,,,Mean Intracranial Pressure is listed as a valid subclass of Core Monitoring Parameter in the preamble.,1.0,,,
389,hierarchy,Mean Cerebral Perfusion Pressure,subClassOf,Core Monitoring Parameter,[inferred] Chain-of-Layer: Mean Cerebral Perfusion Pressure is organized under Core Monitoring Parameter,accept_direct,,,,,"Mean Cerebral Perfusion Pressure is listed as a subclass of Core Monitoring Parameter in the preamble; thus, the relationship holds directly.",1.0,,,
390,hierarchy,Pressure Reactivity Index (PRx),subClassOf,Core Monitoring Parameter,[inferred] Chain-of-Layer: Pressure Reactivity Index (PRx) is organized under Core Monitoring Parameter,accept_direct,,,,,Pressure Reactivity Index (PRx) is listed as a subclass of Core Monitoring Parameter in the preamble; the relation is valid as stated.,1.0,,,
391,hierarchy,Monitoring Time,subClassOf,Monitoring Data,[inferred] Chain-of-Layer: Monitoring Time is organized under Monitoring Data,accept_direct,,,,,Monitoring Time is a subclass of Monitoring Data as per the preamble's hierarchy of monitoring concepts.,1.0,,,
392,hierarchy,Baseline Therapy,subClassOf,Therapy,[inferred] Chain-of-Layer: Baseline Therapy is organized under Therapy,accept_direct,,,,,"Baseline Therapy is explicitly listed as a valid subclass of Therapy in the preamble; thus, the relation holds directly.",1.0,,,
393,hierarchy,Barbiturates,subClassOf,Secondary Insult Therapy,[inferred] Chain-of-Layer: Barbiturates is organized under Baseline Therapy,accept_direct,,,,,"Barbiturates is listed as a valid subclass of Secondary Insult Therapy in the preamble; thus, the subclass relationship holds directly.",1.0,,,
394,hierarchy,Traumatic Brain Injury,subClassOf,Condition,[inferred] Chain-of-Layer: Traumatic Brain Injury is organized under Condition,accept_direct,,,,,"Traumatic Brain Injury is listed as a valid subclass of Condition in the preamble; thus, the subclass relationship holds directly.",1.0,,,
395,hierarchy,Sepsis,subClassOf,Condition,[inferred] Chain-of-Layer: Sepsis is organized under Condition,accept_direct,,,,,Sepsis is listed as a valid subclass of Condition in the preamble; the relation is subClassOf.,1.0,,,
396,hierarchy,Septic Shock,subClassOf,Condition,[inferred] Chain-of-Layer: Septic Shock is organized under Condition,reject,,,,,"Septic Shock is not a subclass of Condition as defined; Condition is a generic class for medical conditions, not specific to septic shock.",0.7,,,low_evidence
397,hierarchy,GCS Assessment,subClassOf,Clinical Assessment,[inferred] Chain-of-Layer: GCS Assessment is organized under Outcome,accept_direct,,,,,"GCS Assessment is listed as a subclass of Clinical Assessment in the preamble; thus, the subclass relationship is valid.",1.0,,,
398,hierarchy,Guideline Adherence,subClassOf,Guideline,[inferred] Chain-of-Layer: Guideline Adherence is organized under Guideline,accept_direct,,,,,"Guideline Adherence is listed as a valid subclass of Clinical Practice in the preamble, making the subclass relationship directly valid.",1.0,,,
399,hierarchy,Cerebrovascular Autoregulation,subClassOf,Condition,[inferred] Cerebrovascular Autoregulation is a subclass of Condition (deterministic hierarchy checklist).,reject,,,,,"Cerebrovascular Autoregulation is not a subclass of Condition; it is a mechanism rather than a medical condition, which contradicts the preamble's definitions.",0.9,,,
400,hierarchy,Haematocrit,subClassOf,Haematology,the physiological vital functions are extensively monitored.,accept_direct,,,,,"Haematocrit is a valid subclass of Haematology as it is an analyte within the panel, aligning with the preamble's subclass listings.",1.0,,,
401,hierarchy,TCD,subClassOf,Optional Monitoring Parameter,the physiological vital functions are extensively monitored.,accept_direct,,,,,TCD subClassOf Optional Monitoring Parameter is valid as TCD is listed as a subclass of monitoring parameters in the preamble.,1.0,,,
402,hierarchy,Optional Monitoring Parameter,subClassOf,Monitoring Data,the physiological vital functions are extensively monitored.,accept_direct,,,,,"Optional Monitoring Parameter subClassOf Monitoring Data is directly supported by the preamble, which lists Optional Monitoring Parameter as a valid subclass of Monitoring Data.",1.0,,,
403,hierarchy,Intracranial Pressure (ICP),subClassOf,Core Monitoring Parameter,the physiological vital functions are extensively monitored.,accept_direct,,,,,Intracranial Pressure (ICP) is explicitly listed as a subclass of Core Monitoring Parameter in the preamble.,1.0,,,
404,hierarchy,Removal of Foreign Body,subClassOf,Surgical Procedure,the physiological vital functions are extensively monitored.,accept_direct,,,,,"Removal of Foreign Body is listed as a valid subclass of Surgical Procedure in the preamble; thus, the relation is correctly subClassOf.",1.0,,,
405,hierarchy,Peripheral Temperature,subClassOf,Optional Monitoring Parameter,the physiological vital functions are extensively monitored.,accept_direct,,,,,"Peripheral Temperature is listed as a valid subclass of Optional Monitoring Parameter in the preamble; thus, the relation is correct.",1.0,,,
406,hierarchy,Sodium,subClassOf,Biochemistry,the physiological vital functions are extensively monitored.,accept_direct,,,,,Sodium subClassOf Biochemistry is the analyte→panel subclass pattern listed in the preamble; relation should be subClassOf.,0.9,,,
407,hierarchy,Fluids,subClassOf,Baseline Therapy,the physiological vital functions are extensively monitored.,accept_direct,,,,,"Fluids is listed as a valid subclass of Baseline Therapy in the preamble; thus, the subclass relationship holds directly.",1.0,,,
408,hierarchy,Extra Ventricular Drain Placement,subClassOf,Surgical Procedure,the physiological vital functions are extensively monitored.,accept_direct,,,,,Extra Ventricular Drain Placement is a valid subclass of Surgical Procedure as per the preamble's hierarchy of surgical interventions.,1.0,,,
409,hierarchy,EtCO2,subClassOf,Optional Monitoring Parameter,the physiological vital functions are extensively monitored.,accept_direct,,,,,"EtCO2 is listed as a valid subclass of Optional Monitoring Parameter in the preamble; thus, the subclass relationship is valid.",1.0,,,
410,hierarchy,SjO2,subClassOf,Optional Monitoring Parameter,the physiological vital functions are extensively monitored.,accept_direct,,,,,"SjO2 is listed as a valid subclass of Optional Monitoring Parameter in the preamble; thus, the relation is correctly subClassOf.",1.0,,,
411,hierarchy,Blood Gases,subClassOf,Laboratory Values,the physiological vital functions are extensively monitored.,accept_direct,,,,,"Blood Gases is listed as a valid subclass of Laboratory Values in the preamble; thus, the relation is correctly subClassOf.",1.0,,,
412,hierarchy,Haemoglobin,subClassOf,Haematology,the physiological vital functions are extensively monitored.,accept_direct,,,,,"Haemoglobin is listed as a valid subclass of Haematology in the preamble; thus, the relation is correctly subClassOf.",1.0,,,
413,hierarchy,Glucose,subClassOf,Biochemistry,the physiological vital functions are extensively monitored.,accept_direct,,,,,"Glucose is a valid subclass of Biochemistry as it is an analyte within the biochemistry panel, which is listed in the preamble.",0.95,,,
414,hierarchy,Anterior Fossa Repair,subClassOf,Surgical Procedure,the physiological vital functions are extensively monitored.,accept_direct,,,,,"Anterior Fossa Repair is listed as a valid subclass of Surgical Procedure in the preamble; thus, the relationship holds directly.",1.0,,,
415,hierarchy,Secondary Insult Treatment,subClassOf,Secondary Insult Therapy,the physiological vital functions are extensively monitored.,accept_direct,,,,,Secondary Insult Treatment is a subclass of Secondary Insult Therapy as per the preamble's hierarchy of therapy classes.,1.0,,,
416,hierarchy,NIBP,subClassOf,Optional Monitoring Parameter,the physiological vital functions are extensively monitored.,accept_direct,,,,,"NIBP is listed as a valid subclass of Optional Monitoring Parameter in the preamble; therefore, the relation is correctly subClassOf.",1.0,,,
417,hierarchy,Hypotension,subClassOf,Condition,the physiological vital functions are extensively monitored.,reject,,,,,"Hypotension is a condition, but the definition incorrectly describes Condition as a type of stroke, which is not accurate; the relationship does not hold.",0.7,,,low_evidence
418,hierarchy,Haematology,subClassOf,Laboratory Values,the physiological vital functions are extensively monitored.,accept_direct,,,,,"Haematology is listed as a valid subclass of Laboratory Values in the preamble; thus, the subclass relationship holds directly.",1.0,,,
419,hierarchy,Sedation,subClassOf,Baseline Therapy,the physiological vital functions are extensively monitored.,accept_direct,,,,,Sedation is listed as a valid subclass of Baseline Therapy in the preamble; the relationship holds directly.,1.0,,,
420,hierarchy,CT Scan Assessment,subClassOf,Clinical Assessment,the physiological vital functions are extensively monitored.,accept_direct,,,,,"CT Scan Assessment is listed as a subclass of Clinical Assessment in the preamble, confirming the hierarchical relationship.",1.0,,,
421,hierarchy,Hypotension,subClassOf,Septic Shock,Duration of hypotension before initiation of effective antimicrobial therapy is the critical determinant of survival in human septic shock.,reject,,,,,Hypotension and Septic Shock are not in a subclass relationship; both are conditions but not hierarchically related as per the preamble.,0.9,,,
422,hierarchy,Hypoperfusion,subClassOf,Cerebrovascular Autoregulation,secondary ischemic damage from associated hypoperfusion.,reject,,,,,"Hypoperfusion is not a subclass of Cerebrovascular Autoregulation; they are distinct concepts, and the relationship does not hold.",0.9,,,
423,hierarchy,Cardiac Output,subClassOf,Optional Monitoring Parameter,Domain-scope scaffolding: Cardiac Output is a known subclass of Optional Monitoring Parameter in the BrainIT domain.,accept_direct,,,,,"Cardiac Output is explicitly listed as a subclass of Optional Monitoring Parameter in the preamble; thus, the relation is valid as subClassOf.",1.0,,,
424,hierarchy,Nutrition,subClassOf,Baseline Therapy,Domain-scope scaffolding: Nutrition is a known subclass of Baseline Therapy in the BrainIT domain.,accept_direct,,,,,Nutrition is explicitly listed as a valid subclass of Baseline Therapy in the preamble; the relation is subClassOf.,1.0,,,
425,hierarchy,Pupil Assessment,subClassOf,Clinical Assessment,Domain-scope scaffolding: Pupil Assessment is a known subclass of Clinical Assessment in the BrainIT domain.,accept_direct,,,,,"Pupil Assessment is explicitly listed as a subclass of Clinical Assessment in the preamble, confirming the direct subclass relationship.",1.0,,,
426,hierarchy,Potassium,subClassOf,Biochemistry,Domain-scope scaffolding: Potassium is a known subclass of Biochemistry in the BrainIT domain.,accept_direct,,,,,Potassium subClassOf Biochemistry is the analyte-panel subclass pattern listed in the preamble; relation is correctly subClassOf.,1.0,,,
427,hierarchy,Possible Error,subClassOf,Data Quality Assessment,Domain-scope scaffolding: Possible Error is a known subclass of Data Quality Assessment in the BrainIT domain.,accept_direct,,,,,"Possible Error is explicitly listed as a subclass of Data Quality Assessment in the preamble; thus, the relationship holds directly.",1.0,,,
428,hierarchy,Hypertension,subClassOf,Condition,Schema-inferred: Hypertension is a subclass of Condition.,reject,,,,,"Hypertension is not a type of stroke; it is a condition that can lead to various health complications, contradicting the definition provided for 'Condition'.",0.9,,,
429,hierarchy,Biochemistry,subClassOf,Laboratory Values,Schema-inferred: Biochemistry is a subclass of Laboratory Values.,accept_direct,,,,,Biochemistry is listed as a valid subclass of Laboratory Values in the preamble; the relation is correctly subClassOf.,1.0,,,
430,hierarchy,Arterial Pressors,subClassOf,Secondary Insult Therapy,Schema-inferred: Arterial Pressors is a subclass of Secondary Insult Therapy.,accept_direct,,,,,"Arterial Pressors is explicitly listed as a subclass of Secondary Insult Therapy in the preamble; thus, the relationship holds directly.",1.0,,,
431,hierarchy,Secondary Insult Therapy,subClassOf,Therapy,Schema-inferred: Secondary Insult Therapy is a subclass of Therapy.,accept_direct,,,,,"Secondary Insult Therapy is listed as a subclass of Therapy in the preamble, confirming the direct subclass relationship.",1.0,,,
432,hierarchy,Intracranial Hypertension,subClassOf,Secondary Insult,Schema-inferred: Intracranial Hypertension is a subclass of Secondary Insult.,accept_direct,,,,,"Intracranial Hypertension is listed as a subclass of Secondary Insult in the preamble, confirming the direct subclass relationship.",1.0,,,
433,hierarchy,Jugular Venous Desaturation,subClassOf,Secondary Insult,Schema-inferred: Jugular Venous Desaturation is a subclass of Secondary Insult.,accept_direct,,,,,"Jugular Venous Desaturation is listed as a subclass of Secondary Insult in the preamble, confirming the hierarchy relationship directly.",1.0,,,
434,hierarchy,GOSe Outcome,subClassOf,Outcome,Schema-inferred: GOSe Outcome is a subclass of Outcome.,accept_direct,,,,,"GOSe Outcome is explicitly listed as a subclass of Outcome in the preamble, confirming the hierarchy relationship.",1.0,,,
435,hierarchy,CVP,subClassOf,Optional Monitoring Parameter,Schema-inferred: Central Venous Pressure is a subclass of Optional Monitoring Parameter.,accept_direct,,,,,CVP is listed as a subclass of Optional Monitoring Parameter in the preamble; the relationship is valid as stated.,1.0,,,
436,hierarchy,Acute Respiratory Distress Syndrome,subClassOf,Secondary Insult,Schema-inferred: Acute Respiratory Distress Syndrome is a subclass of Secondary Insult.,accept_direct,,,,,"Acute Respiratory Distress Syndrome is listed as a subclass of Secondary Insult in the preamble; thus, the relationship holds directly.",1.0,,,
437,hierarchy,Traumatic Brain Injury,subClassOf,Brain Injury,Traumatic brain injury (TBI) is a leading cause of death and long-term disability worldwide.,accept_direct,,,,,"Traumatic Brain Injury is explicitly listed as a subclass of Brain Injury in the preamble; therefore, the subclass relationship holds directly.",1.0,,,
438,hierarchy,Condition,subClassOf,Mortality,"Clinical management of this population is focused on minimising tivity, disease severity and mortality is related to the partial pressure of any secondary injury, such as ischemia or raised intracranial pressure brain tissue oxygen (PbtO2) .",reject,,,,,"Condition does not subclass Mortality; Mortality is an outcome, not a medical condition, making the relationship semantically incorrect.",0.9,,,
439,hierarchy,Arterial Hypotension,subClassOf,Secondary Insult,[inferred] Arterial Hypotension is a subclass of Secondary Insult (deterministic hierarchy checklist).,accept_direct,,,,,"Arterial Hypotension is listed as a valid subclass of Secondary Insult in the preamble, confirming the hierarchy relationship.",1.0,,,
440,hierarchy,Brain Injury,subClassOf,Condition,[inferred] Chain-of-Layer: Brain Injury is organized under Condition,accept_direct,,,,,Brain Injury is listed as a valid subclass of Condition in the preamble; the relation is subClassOf.,1.0,,,
441,hierarchy,Secondary Brain Injury,subClassOf,Brain Injury,[inferred] Chain-of-Layer: Secondary Brain Injury is organized under Brain Injury,accept_direct,,,,,Secondary Brain Injury is listed as a valid subclass of Brain Injury in the preamble; the relation is subClassOf.,1.0,,,
442,hierarchy,Cerebrovascular Autoregulation,subClassOf,Secondary Insult,[inferred] Chain-of-Layer: Cerebrovascular Autoregulation is organized under Secondary Insult,accept_direct,,,,,"Cerebrovascular Autoregulation is listed as a valid subclass of Secondary Insult in the preamble; therefore, the subclass relationship is valid.",1.0,,,
443,hierarchy,Adverse Event,subClassOf,Condition,[inferred] Chain-of-Layer: Adverse Event is organized under Condition,accept_direct,,,,,Adverse Event is listed as a valid subclass of Condition in the preamble; the relationship holds directly as stated.,1.0,,,
444,hierarchy,Heart Rate,subClassOf,Physiological Data,[inferred] Chain-of-Layer: Heart Rate is organized under Physiological Data,accept_direct,,,,,"Heart Rate subClassOf Physiological Data is directly supported by the preamble, which lists Heart Rate as a valid subclass of Physiological Data.",1.0,,,
445,hierarchy,Mean Arterial Pressure (MAP),subClassOf,Physiological Data,[inferred] Chain-of-Layer: Mean Arterial Pressure (MAP) is organized under Physiological Data,accept_direct,,,,,"Mean Arterial Pressure (MAP) is listed as a subclass of Physiological Data in the preamble, confirming the subclass relationship.",1.0,,,
446,hierarchy,Intracranial Pressure (ICP),subClassOf,Physiological Data,[inferred] Chain-of-Layer: ICP is organized under Physiological Data,accept_direct,,,,,"Intracranial Pressure (ICP) is explicitly listed as a subclass of Physiological Data in the preamble, confirming the direct subclass relationship.",1.0,,,
447,hierarchy,Cerebral Perfusion Pressure (CPP),subClassOf,Physiological Data,[inferred] Chain-of-Layer: CPP is organized under Physiological Data,accept_direct,,,,,"Cerebral Perfusion Pressure (CPP) is listed as a subclass of Physiological Data in the preamble, confirming the hierarchical relationship.",1.0,,,
448,hierarchy,Carbon Dioxide,subClassOf,Physiological Data,[inferred] Chain-of-Layer: Carbon Dioxide is organized under Physiological Data,accept_direct,,,,,"Carbon Dioxide is listed as a subclass of Physiological Data in the preamble, confirming the subclass relationship.",1.0,,,
449,hierarchy,PbrO2,subClassOf,Physiological Data,[inferred] Chain-of-Layer: Pbro2 is organized under Physiological Data,accept_direct,,,,,"PbrO2 is listed as a valid subclass of Physiological Data in the preamble; thus, the relation is correct as subClassOf.",1.0,,,
450,hierarchy,Partial Pressure of Brain Tissue Oxygen,subClassOf,Physiological Data,[inferred] Chain-of-Layer: Partial Pressure of Brain Tissue Oxygen is organized under Physiological Data,accept_direct,,,,,Partial Pressure of Brain Tissue Oxygen is a subclass of Physiological Data as per the preamble's classification of physiological parameters.,0.9,,,
451,hierarchy,Partial Pressure of Carbon Dioxide,subClassOf,Physiological Data,[inferred] Chain-of-Layer: Partial Pressure of Carbon Dioxide is organized under Physiological Data,accept_direct,,,,,Partial Pressure of Carbon Dioxide is a valid subclass of Physiological Data as stated in the preamble.,1.0,,,
452,hierarchy,Hypothermia Therapy,subClassOf,Baseline Therapy,[inferred] Chain-of-Layer: Hypothermia Therapy is organized under Therapy,reject,,,,,"Hypothermia Therapy is not a subclass of Baseline Therapy; it is a specific therapy under the broader class Therapy, not a state of normal carbon dioxide levels.",0.9,,,
453,hierarchy,Patient Interventions,subClassOf,Therapy,[inferred] Chain-of-Layer: Patient Interventions is organized under Therapy,accept_direct,,,,,Patient Interventions is explicitly listed as a valid subclass of Therapy in the preamble.,1.0,,,
454,hierarchy,Guideline Adherence,subClassOf,Clinical Practice,[inferred] Chain-of-Layer: Guideline Adherence is organized under Clinical Practice,accept_direct,,,,,"Guideline Adherence is explicitly listed as a subclass of Clinical Practice in the preamble, confirming the subclass relationship directly.",1.0,,,
455,hierarchy,Clinical Reminders,subClassOf,Clinical Practice,[inferred] Chain-of-Layer: Clinical Reminders is organized under Clinical Practice,accept_direct,,,,,"Clinical Reminders is listed as a valid subclass of Clinical Practice in the preamble, making the subclass relationship valid.",1.0,,,
456,hierarchy,Outcome Score,subClassOf,Outcome,[inferred] Chain-of-Layer: Outcome Score is organized under Outcome,accept_direct,,,,,"Outcome Score is listed as a subclass of Outcome in the preamble, confirming the subclass relationship directly.",1.0,,,
457,hierarchy,Mortality,subClassOf,Outcome,[inferred] Mortality is a subclass of Outcome (deterministic hierarchy checklist).,accept_direct,,,,,"Mortality is listed as a subclass of Outcome in the preamble, confirming the hierarchy relationship.",1.0,,,
458,hierarchy,Pressure Reactivity Index (PRx),subClassOf,Derived Parameter,derived index reflecting cerebrovascular pressure reactivity,accept_direct,,,,,Pressure Reactivity Index (PRx) is listed as a subclass of Derived Parameter in the preamble; the relationship holds directly.,1.0,,,
459,hierarchy,Physiotherapy,subClassOf,Nursing Intervention,[inferred] Physiotherapy is a subclass of Nursing Intervention.,accept_direct,,,,,"Physiotherapy is listed as a valid subclass of Nursing Intervention in the preamble; thus, the subclass relationship holds directly.",1.0,,,
460,hierarchy,ICP Sensor Placement,subClassOf,Surgical Procedure,placement of ICP monitoring sensor,accept_direct,,,,,"ICP Sensor Placement is listed as a valid subclass of Surgical Procedure in the preamble; thus, the subclass relationship holds directly.",1.0,,,
461,hierarchy,White Blood Cell Count,subClassOf,Haematology,[inferred] White Blood Cell Count is a subclass of Haematology.,accept_direct,,,,,"White Blood Cell Count is listed as a subclass of Haematology in the preamble; thus, the relationship holds directly.",1.0,,,
462,hierarchy,Analgesia,subClassOf,Baseline Therapy,[inferred] Analgesia is a subclass of Baseline Therapy.,accept_direct,,,,,Analgesia is explicitly listed as a valid subclass of Baseline Therapy in the preamble.,1.0,,,
463,hierarchy,Noradrenaline,subClassOf,Vasopressors,[inferred] Noradrenaline is a subclass of Vasopressors.,accept_direct,,,,,"Noradrenaline is listed as a valid subclass of Vasopressors in the preamble; thus, the relationship holds directly.",1.0,,,
464,hierarchy,Anti-pyretics,subClassOf,Baseline Therapy,[inferred] Anti-pyretics is a subclass of Baseline Therapy.,accept_direct,,,,,"Anti-pyretics subClassOf Baseline Therapy is directly supported by the preamble, which lists Anti-pyretics as a valid subclass of Baseline Therapy.",1.0,,,
465,hierarchy,Paralysis,subClassOf,Baseline Therapy,[inferred] Paralysis is a subclass of Baseline Therapy.,accept_direct,,,,,Paralysis is explicitly listed as a subclass of Baseline Therapy in the preamble.,1.0,,,
466,hierarchy,Anti-hypertensives,subClassOf,Baseline Therapy,[inferred] Anti-hypertensives is a subclass of Baseline Therapy.,accept_direct,,,,,Anti-hypertensives is explicitly listed as a subclass of Baseline Therapy in the preamble.,1.0,,,
467,hierarchy,Osmotics,subClassOf,Secondary Insult Therapy,[inferred] Osmotics is a subclass of Secondary Insult Therapy.,accept_direct,,,,,"Osmotics is listed as a valid subclass of Secondary Insult Therapy in the preamble; thus, the relationship holds directly.",1.0,,,
468,hierarchy,Skull Fracture Elevation,subClassOf,Surgical Procedure,[inferred] Skull Fracture Elevation is a subclass of Surgical Procedure.,accept_direct,,,,,Skull Fracture Elevation is explicitly listed as a subclass of Surgical Procedure in the preamble.,1.0,,,
469,hierarchy,Cerebral Perfusion Pressure (CPP),subClassOf,Derived Parameter,Cerebral Perfusion Pressure (CPP) management,accept_direct,,,,,Cerebral Perfusion Pressure (CPP) is listed as a subclass of Derived Parameter in the preamble; the relationship is valid.,1.0,,,
470,hierarchy,Patient Transport,subClassOf,Nursing Intervention,[inferred] Patient Transport is a subclass of Nursing Intervention.,accept_direct,,,,,"Patient Transport is listed as a valid subclass of Nursing Intervention in the preamble; thus, the subclass relationship holds directly.",1.0,,,
471,hierarchy,Systemic Hypotension,subClassOf,Secondary Insult,[inferred] Systemic Hypotension is a subclass of Secondary Insult.,accept_direct,,,,,Systemic Hypotension is listed as a valid subclass of Secondary Insult in the preamble; thus the relationship holds directly.,1.0,,,
472,hierarchy,Ventilation,subClassOf,Baseline Therapy,[inferred] Ventilation is a subclass of Baseline Therapy.,accept_direct,,,,,"Ventilation is listed as a subclass of Baseline Therapy in the preamble, confirming the direct subclass relationship.",1.0,,,
473,hierarchy,Routine Nursing Care,subClassOf,Nursing Intervention,routine nursing care,accept_direct,,,,,"Routine Nursing Care is listed as a subclass of Nursing Intervention in the preamble; thus, the relationship holds directly.",1.0,,,
474,hierarchy,Antibiotics,subClassOf,Baseline Therapy,[inferred] Antibiotics is a subclass of Baseline Therapy.,accept_direct,,,,,"Antibiotics is explicitly listed as a valid subclass of Baseline Therapy in the preamble; thus, the relation is directly valid.",1.0,,,
475,hierarchy,Hypotension,subClassOf,Secondary Insult,Hypotension is a recognized secondary insult after traumatic brain injury (TBI).,accept_direct,,,,,"Hypotension is listed as a valid subclass of Secondary Insult in the preamble; thus, the subclass relationship is correct.",1.0,,,
476,hierarchy,Steroids,subClassOf,Secondary Insult Therapy,Domain-scope scaffolding: Steroids is a known subclass of Secondary Insult Therapy in the BrainIT domain.,accept_direct,,,,,"Steroids is listed as a valid subclass of Secondary Insult Therapy in the preamble; thus, the subclass relationship is correct.",1.0,,,
477,hierarchy,Arterial Hypotension,subClassOf,Systemic Hypotension,Schema-inferred: Arterial Hypotension is a subclass of Systemic Hypotension.,accept_direct,,,,,"Arterial Hypotension is listed as a subclass of Systemic Hypotension in the preamble, confirming the subclass relationship directly.",1.0,,,
478,hierarchy,PbrO2,subClassOf,Optional Monitoring Parameter,Schema-inferred: Brain Tissue Oxygen is a subclass of Optional Monitoring Parameter.,accept_direct,,,,,PbrO2 is listed as a valid subclass of Optional Monitoring Parameter in the preamble.,1.0,,,
479,hierarchy,Electrocardiogram (ECG),subClassOf,Monitoring Data,"Minute by minute monitoring data This is the minimum minute by minute monitoring data required for inclusion in the Brain Monitoring with Information Technology (BrainIT) Database and include: Heart Rate (specifying source: Electrocardiogram (ECG) or Pulse Oximetry), Respiration Rate (sources: impedance plethmography or ventilator), Mean Arterial Pressure, mean Intracranial Pressure (ICP), Pulse Oximetry (SaO2) and Temperature (sources: rectal=oesophageal= bladder=skin.) I.",accept_direct,,,,,"Electrocardiogram (ECG) is explicitly listed as a subclass of Monitoring Data in the preamble; thus, the relationship is valid.",1.0,,,
480,hierarchy,Respiration Rate,subClassOf,Core Monitoring Parameter,"Minute by minute monitoring data This is the minimum minute by minute monitoring data required for inclusion in the Brain Monitoring with Information Technology (BrainIT) Database and include: Heart Rate (specifying source: Electrocardiogram (ECG) or Pulse Oximetry), Respiration Rate (sources: impedance plethmography or ventilator), Mean Arterial Pressure, mean Intracranial Pressure (ICP), Pulse Oximetry (SaO2) and Temperature (sources: rectal=oesophageal= bladder=skin.) I.",accept_direct,,,,,Respiration Rate is explicitly listed as a subclass of Core Monitoring Parameter in the preamble; the relation is valid as stated.,1.0,,,
481,hierarchy,Mean Arterial Pressure (MAP),subClassOf,Monitoring Data,"Minute by minute monitoring data This is the minimum minute by minute monitoring data required for inclusion in the Brain Monitoring with Information Technology (BrainIT) Database and include: Heart Rate (specifying source: Electrocardiogram (ECG) or Pulse Oximetry), Respiration Rate (sources: impedance plethmography or ventilator), Mean Arterial Pressure, mean Intracranial Pressure (ICP), Pulse Oximetry (SaO2) and Temperature (sources: rectal=oesophageal= bladder=skin.) I.",accept_direct,,,,,"Mean Arterial Pressure (MAP) is explicitly listed as a subclass of Monitoring Data in the preamble, confirming the hierarchical relationship.",1.0,,,
482,hierarchy,SaO2,subClassOf,Monitoring Data,"Minute by minute monitoring data This is the minimum minute by minute monitoring data required for inclusion in the Brain Monitoring with Information Technology (BrainIT) Database and include: Heart Rate (specifying source: Electrocardiogram (ECG) or Pulse Oximetry), Respiration Rate (sources: impedance plethmography or ventilator), Mean Arterial Pressure, mean Intracranial Pressure (ICP), Pulse Oximetry (SaO2) and Temperature (sources: rectal=oesophageal= bladder=skin.) I.",accept_direct,,,,,"SaO2 is listed as a subclass of Monitoring Data in the preamble, confirming the subclass relationship directly.",1.0,,,
483,hierarchy,Temperature,subClassOf,Core Monitoring Parameter,"Minute by minute monitoring data This is the minimum minute by minute monitoring data required for inclusion in the Brain Monitoring with Information Technology (BrainIT) Database and include: Heart Rate (specifying source: Electrocardiogram (ECG) or Pulse Oximetry), Respiration Rate (sources: impedance plethmography or ventilator), Mean Arterial Pressure, mean Intracranial Pressure (ICP), Pulse Oximetry (SaO2) and Temperature (sources: rectal=oesophageal= bladder=skin.) I.",accept_direct,,,,,"Temperature is explicitly listed as a subclass of Core Monitoring Parameter in the preamble, confirming the subclass relationship.",1.0,,,
484,hierarchy,Reading,subClassOf,Observation,define pd:Reading as a subclass of ssn:ObservationValue,accept_direct,,,,,"Reading is explicitly listed as a subclass of Observation in the preamble, confirming the subclass relationship directly.",1.0,,,
485,hierarchy,Parameter,subClassOf,Observation,pd:Parameter (representing things that were recorded) as a subclass of ssn:Property,accept_direct,,,,,"Parameter subClassOf Observation is directly supported by the preamble, which classifies Parameter as a subclass of Observation.",1.0,,,
486,hierarchy,Machine,subClassOf,Sensor,defined mms:Machine as a subclass of ssn:Platform,accept_direct,,,,,Machine is listed as a valid subclass of Sensor in the preamble; the relation is subClassOf.,1.0,,,
487,hierarchy,SaO2,subClassOf,Core Monitoring Parameter,[inferred] Chain-of-Layer: Sao2 is organized under Core Monitoring Parameter,accept_direct,,,,,"SaO2 is listed as a valid subclass of Core Monitoring Parameter in the preamble, confirming the hierarchy relationship.",1.0,,,
488,hierarchy,Cerebral Perfusion Pressure (CPP),subClassOf,Core Monitoring Parameter,[inferred] Chain-of-Layer: Cerebral Perfusion Pressure (CPP) is organized under Core Monitoring Parameter,accept_direct,,,,,Cerebral Perfusion Pressure (CPP) is explicitly listed as a subclass of Core Monitoring Parameter in the preamble.,1.0,,,
489,hierarchy,CVP,subClassOf,Core Monitoring Parameter,[inferred] Chain-of-Layer: CVP is organized under Core Monitoring Parameter,accept_direct,,,,,"CVP is listed as a valid subclass of Core Monitoring Parameter in the preamble; thus, the subclass relationship holds directly.",1.0,,,
490,hierarchy,Head Injury,subClassOf,Brain Injury,[inferred] Chain-of-Layer: Head Injury is organized under Brain Injury,accept_direct,,,,,"Head Injury is listed as a valid subclass of Brain Injury in the preamble; thus, the subclass relationship holds directly.",1.0,,,
491,hierarchy,Neurological Injury,subClassOf,Brain Injury,[inferred] Chain-of-Layer: Neurological Injury is organized under Brain Injury,accept_direct,,,,,Neurological Injury is listed as a subclass of Brain Injury in the preamble; the relationship holds directly.,1.0,,,
492,hierarchy,Coma,subClassOf,Brain Injury,[inferred] Chain-of-Layer: Coma is organized under Brain Injury,accept_direct,,,,,"Coma is explicitly listed as a subclass of Brain Injury in the preamble; therefore, the relationship holds directly.",1.0,,,
493,hierarchy,Hypertension,subClassOf,Secondary Insult,[inferred] Chain-of-Layer: Hypertension is organized under Secondary Insult,accept_direct,,,,,"Hypertension is a valid subclass of Secondary Insult as per the preamble, which lists Hypertension under Secondary Insult.",1.0,,,
494,hierarchy,Respiratory Distress Syndrome,subClassOf,Secondary Insult,[inferred] Chain-of-Layer: Respiratory Distress Syndrome is organized under Secondary Insult,reject,,,,,Respiratory Distress Syndrome is not listed as a subclass of Secondary Insult in the preamble; it does not fit the subclass relationship.,0.9,,,
495,hierarchy,Sepsis,subClassOf,Secondary Insult,[inferred] Chain-of-Layer: Sepsis is organized under Secondary Insult,accept_direct,,,,,"Sepsis is listed as a valid subclass of Condition, and Secondary Insult is a valid subclass of Insult; thus, Sepsis subClassOf Secondary Insult is valid.",1.0,,,
496,hierarchy,Adrenaline,subClassOf,Therapy,[inferred] Chain-of-Layer: Adrenaline is organized under Therapy,accept_direct,,,,,"Adrenaline is a valid subclass of Therapy as per the preamble, which lists it under treatments.",1.0,,,
497,hierarchy,Noradrenaline,subClassOf,Therapy,[inferred] Chain-of-Layer: Noradrenaline is organized under Therapy,accept_direct,,,,,"Noradrenaline is listed as a valid subclass of Therapy in the preamble, confirming the subclass relationship directly.",1.0,,,
498,hierarchy,Derived Parameter,subClassOf,Monitoring Data,[inferred] Derived Parameter is a subclass of Monitoring Data.,accept_direct,,,,,Derived Parameter is explicitly listed as a subclass of Monitoring Data in the preamble.,1.0,,,
499,hierarchy,Probable Error,subClassOf,Data Quality Assessment,a reading outside its acceptable range with no contextual clinical explanation,accept_direct,,,,,Probable Error is a valid subclass of Data Quality Assessment as per the preamble's subclass hierarchy.,1.0,,,
500,hierarchy,Bedside Intervention,subClassOf,Nursing Intervention,"Line insertion/renewal, transducer calibration, x-ray",accept_direct,,,,,"Bedside Intervention is listed as a valid subclass of Nursing Intervention in the preamble; thus, the subclass relationship holds directly.",1.0,,,
501,hierarchy,Cerebral Perfusion Pressure (CPP),subClassOf,Parameter,Cerebral perfusion pressure (CPP 1/4 Blood Pressure (BP)-ICP) monitoring is a good example.,accept_direct,,,,,"Cerebral Perfusion Pressure (CPP) is listed as a subclass of Parameter in the preamble, confirming the subclass relationship directly.",1.0,,,
502,hierarchy,Brain Temperature,subClassOf,Optional Monitoring Parameter,Domain-scope scaffolding: Brain Temperature is a known subclass of Optional Monitoring Parameter in the BrainIT domain.,accept_direct,,,,,"Brain Temperature is listed as a valid subclass of Optional Monitoring Parameter in the preamble; thus, the subclass relationship is correct.",1.0,,,
503,hierarchy,Microdialysis,subClassOf,Optional Monitoring Parameter,Domain-scope scaffolding: Microdialysis is a known subclass of Optional Monitoring Parameter in the BrainIT domain.,accept_direct,,,,,Microdialysis is explicitly listed as a subclass of Optional Monitoring Parameter in the preamble.,1.0,,,
504,hierarchy,Evacuation of Mass Lesion,subClassOf,Surgical Procedure,Domain-scope scaffolding: Evacuation of Mass Lesion is a known subclass of Surgical Procedure in the BrainIT domain.,accept_direct,,,,,"Evacuation of Mass Lesion is explicitly listed as a subclass of Surgical Procedure in the BrainIT domain; thus, the triple holds directly.",1.0,,,
505,hierarchy,Adrenaline,subClassOf,Vasopressors,Schema-inferred: Adrenaline is a subclass of Vasopressors.,accept_direct,,,,,"Adrenaline is listed as a valid subclass of Vasopressors in the preamble; thus, the relationship holds directly.",1.0,,,
