triple_index,kind,subject,relation,object,evidence,verdict,revise_subtype,suggested_subject,suggested_relation,suggested_object,justification,confidence,stage_b_justification,stage_b_confidence,flags
0,relation,Decompressive Craniectomy,has outcome,Outcome,The outcome was captured at six months using the extended Glasgow Outcome Scale (GOSE).,accept_direct,,,,,The relationship 'has outcome' directly connects the surgical procedure 'Decompressive Craniectomy' to the class 'Outcome'.,0.9,,,
1,relation,Traumatic Brain Injury,targets condition,ICP,one of the cornerstones of brain-protective strategies is to reduce and control intracranial pressure (ICP),accept_direct,,,,,Traumatic Brain Injury can indeed target ICP as part of its management in neurointensive care.,0.85,,,
2,relation,Intracranial Hypertension,is associated with,Mortality,Uncontrollable intracranial hypertension is a major cause of death in patients with severe traumatic brain injury.,accept_direct,,,,,Intracranial Hypertension is clinically associated with Mortality in TBI patients.,0.9,,,
3,relation,Intracranial Hypertension,targets condition,Decompressive Craniectomy,patients with intracranial hypertension treated conservatively were excluded.,accept_direct,,,,,Decompressive Craniectomy is a recognized procedure targeting Intracranial Hypertension in neurointensive care.,0.85,,,
4,relation,GCS Assessment,assesses,Motor Impairment,The Glasgow Motors Score was used for assessing motor impairment.,accept_direct,,,,,The GCS Assessment directly assesses Motor Impairment in brain injury patients.,0.9,,,
5,relation,Pupil Assessment,monitoring indicates condition,Motor Impairment,Pupil abnormalities were seen in 34.4% of our patients.,reject,,,,,The relationship 'monitoring indicates condition' is not clinically valid between Pupil Assessment and Motor Impairment.,0.85,,,
6,relation,Secondary Insult,is associated with,Hypotension,"Hypoxia and arterial hypotension were found in 10.0% and 6.1%, respectively.",accept_direct,,,,,"Secondary Insult is clinically associated with Hypotension, reflecting a direct relationship in neurointensive care.",0.85,,,
7,relation,Traumatic Brain Injury,has outcome,Outcome,A more extensive description is provided in the Supplementary Appendix.,accept_direct,,,,,The relationship 'has outcome' directly connects Traumatic Brain Injury and Outcome as patient outcome measures.,0.9,,,
8,relation,Traumatic Brain Injury,is treated with,Decompressive Craniectomy,Decompressive craniectomy (DC) as a last-tier intervention,accept_direct,,,,,Decompressive craniectomy is a recognized treatment for traumatic brain injury.,0.9,,,
9,relation,Decompressive Craniectomy,is monitored by,ICP,Mean intracranial pressure (ICP) pre-Decompressive craniectomy (DC),reject,,,,,The relationship 'is monitored by' does not hold between a surgical procedure and ICP directly or indirectly.,0.85,,,
10,relation,ICP,is influenced by,CPP,Mean intracranial pressure (ICP)/Cerebral Perfusion Pressure (CPP),accept_direct,,,,,"ICP is influenced by CPP, which is a direct relationship in neurointensive care.",0.9,,,
11,relation,Decompressive Craniectomy,is administered during,Barbiturates,Decompressive craniectomy (DC) + thiopental can be referring to barbiturate administration,accept_indirect,,,,,"Barbiturates are administered during Decompressive Craniectomy via sedation protocols, establishing an indirect relationship.",0.7,,,low_evidence
12,relation,Decompressive Craniectomy,targets condition,Traumatic Intracranial Hypertension,Decompressive craniectomy (DC) in a patient-tailored combination with other second and third-tier therapies should maintain its place in the management of severe traumatic intracranial hypertension.,accept_direct,,,,,Decompressive craniectomy directly targets traumatic intracranial hypertension as a surgical procedure for managing the condition.,0.95,,,
13,relation,Decompressive Craniectomy,has clinical assessment,GOSe Outcome,outcome was only evaluated in terms of robust extended Glasgow Outcome Scores,reject,,,,,The relationship 'has clinical assessment' does not hold between 'Decompressive Craniectomy' and 'GOSe Outcome' directly or indirectly.,0.85,,,
14,relation,Decompressive Craniectomy,reduces,Mean Intracranial Pressure,it effectively reduces Mean intracranial pressure (ICP),accept_direct,,,,,"The triple correctly states that Decompressive Craniectomy reduces Mean Intracranial Pressure, supported by clinical evidence.",0.95,,,
15,relation,ICP,has monitoring data,Traumatic Brain Injury,The BESTIntracranial pressure (ICP) monitoring is still considered to provide important information to detect and prevent secondary injury after severe Traumatic brain injury (TBI).,accept_direct,,,,,ICP is a core monitoring parameter that provides critical monitoring data for Traumatic Brain Injury.,0.9,,,
16,relation,Intracranial Hypertension,receives therapy,GOSe Outcome,"Intracranial pressures above 20 mmHg lasting longer than 37 min in adults, and longer than 8 min in children, are associated with worse outcomes.",reject,,,,,The relationship 'receives therapy' does not hold between 'Intracranial Hypertension' and 'GOSe Outcome'.,0.9,,,
17,relation,CPP,has clinical assessment,Intracranial Hypertension,"When the cerebral perfusion pressure is below 50 mmHg, all intracranial pressure insults, regardless of duration, are associated with worse outcome.",reject,,,,,The relationship 'has clinical assessment' does not hold between CPP and Intracranial Hypertension as defined.,0.85,,,
18,relation,ICP,has monitoring data,Monitoring Data,The BESTIntracranial pressure (ICP) and mean arterial blood pressure (MAP) monitoring data,accept_direct,,,,,The relationship 'has monitoring data' directly holds between ICP and Monitoring Data.,0.9,,,
19,relation,Monitoring Data,monitoring indicates condition,Condition,the percentage of monitoring time in the red zone during the first day only was a significant independent predictor of mortality,reject,,,,,The relationship 'monitoring indicates condition' is semantically incorrect as monitoring data does not directly indicate a condition.,0.85,,,
20,relation,ICP,associated with condition,Condition,"when Cerebral Perfusion Pressure (CPP) was below 50 mmHg, almost all The BESTIntracranial pressure (ICP) insults were associated with worse outcome",reject,,,,,The relationship 'ICP is associated with Condition' is semantically incorrect as Condition is too broad and not specific to ICP.,0.85,,,
21,relation,Traumatic Brain Injury,has monitoring data,Monitoring Data,"The present study autoregulation is intact, the transition curve shifts to the right.",accept_direct,,,,,The relationship 'has monitoring data' directly connects Traumatic Brain Injury and Monitoring Data as TBI requires monitoring data for assessment.,0.9,,,
22,relation,Traumatic Brain Injury,is associated with,Secondary Brain Injury,"Cerebrovascular pressure autoregulation is often impaired in severe Traumatic brain injury (TBI), and such impairment is such as the relationship between physiological thresholds and outcome.",accept_direct,,,,,The relationship 'is associated with' holds directly between Traumatic Brain Injury and Secondary Brain Injury.,0.9,,,
23,relation,CPP,receives therapy,Traumatic Brain Injury,"One would expect such change in recommendation to be followed, and hence to lead to alterations in Cerebral Perfusion Pressure (CPP) policy across centres.",reject,,,,,"CPP does not receive therapy; it is a physiological parameter, not a patient or condition that receives treatment.",0.85,,,
24,relation,CPP,has monitoring data,Monitoring Data,Cerebral perfusion pressure (CPP 1/4 Blood Pressure (BP)-ICP) monitoring is a good example.,accept_direct,,,,,CPP is a specific monitoring parameter that directly relates to Monitoring Data.,0.9,,,
25,relation,Vasopressors,receives therapy,CPP,the non-beneficial effect of keeping Cerebral Perfusion Pressure (CPP) above 70 mmHg by administering high doses of vasopressors.,revise,4.4,Vasopressors,isAdministeredDuring,CPP,The relation 'receives therapy' should be 'isAdministeredDuring' to accurately reflect the relationship between vasopressors and CPP.,0.85,The relation 'receives therapy' should be 'isAdministeredDuring' for accuracy.,0.9,
26,relation,CPP,correlates with,Mean Arterial Pressure (MAP),Cerebral Perfusion Pressure (CPP) strongly correlated with Mean Arterial Pressure (MAP).,accept_direct,,,,,CPP directly correlates with MAP as both are vital parameters in neurointensive care.,0.9,,,
27,relation,CPP,receives therapy,ICP,it is influenced by Intracranial Pressure (ICP) variability,reject,,,,,"The relationship 'receives therapy' does not hold between CPP and ICP, as they are both parameters rather than a therapy and a condition.",0.85,,,
28,relation,CPP,receives therapy,Mean Arterial Pressure (MAP),Mean Arterial Pressure (MAP) variability including,reject,,,,,"CPP does not receive therapy; rather, MAP influences CPP as a physiological parameter.",0.85,,,
29,relation,CPP,associates with,Acute Respiratory Distress Syndrome,acute respiratory distress syndrome (ARDS) reportedly associated with vasopressors,accept_indirect,,,,,CPP is indirectly associated with ARDS through the influence of vasopressors on blood flow and secondary injury risk.,0.7,,,low_evidence
30,relation,CPP,follows,Guideline,the Brain Trauma Foundation (BTF) guidelines issued this year,reject,,,,,The relationship 'follows' does not hold between CPP and Guideline as defined in the ontology.,0.85,,,
31,relation,Guideline Adherence,receives therapy,Traumatic Brain Injury,Guideline adherence and outcomes in severe adult traumatic brain injury,reject,,,,,Guideline Adherence does not receive therapy; it is a measure of practice rather than a treatment itself.,0.85,,,
32,relation,Traumatic Brain Injury,is a risk factor for,Secondary Insult,Traumatically brain injured (TBI) patients are at risk from secondary insults.,accept_direct,,,,,Traumatic Brain Injury is clinically recognized as a risk factor for Secondary Insult in neurointensive care.,0.9,,,
33,relation,Hypotension,is related to,Poor Outcome,"Arterial hypotension, critically low blood pressure, is one of the most dangerous secondary insults and is related to poor outcome in patients.",accept_direct,,,,,Hypotension is clinically recognized as related to poor outcomes in critically ill patients.,0.9,,,
34,relation,Hypotension,affects outcome,Traumatic Brain Injury,there is compelling evidence that even 'minute by minute' hypotension events cumulatively can influence patient outcome.,accept_direct,,,,,Hypotension directly affects the outcome of Traumatic Brain Injury patients.,0.9,,,
35,relation,Hypotension,prognostic factor for,Head Injury,the cumulative duration of arterial hypotensive events is a prognostic factor for their clinical outcome following a head injury.,accept_direct,,,,,Hypotension is a known prognostic factor for outcomes in head injury cases.,0.9,,,
36,relation,Hypotension,associated with condition,Condition,"for with the medical management of sepsis, it has been shown that duration of hypotension before initiation",reject,,,,,The relationship 'associated with condition' does not hold between Hypotension and Condition as defined; they are distinct concepts.,0.85,,,
37,relation,Traumatic Brain Injury,has monitoring data,Hypotension,both systolic and mean arterial pressure should be monitored and considered in the definition of hypotension,accept_direct,,,,,Hypotension is a condition that can be monitored in patients with Traumatic Brain Injury.,0.9,,,
38,relation,Hypotension,is a condition of,Sepsis,"for with the medical management of sepsis, it has been shown that duration of hypotension before initiation",reject,,,,,Hypotension is not a condition of Sepsis; they are separate conditions that can influence each other but do not have a direct relationship.,0.85,,,
39,relation,Sepsis,receives therapy,Hypotension,it has been shown that with each hour delay in treatment of hypotension leads to an increase in in-hospital mortality.,accept_indirect,,,,,"Sepsis can lead to hypotension, which may require therapy, establishing an indirect relationship.",0.7,,,low_evidence
40,relation,Monitoring Data,has monitoring data,Monitoring Data,sophisticated patient monitoring systems can capture large volumes of streaming physiological data which continuously report on a patient's status.,reject,,,,,The relationship 'has monitoring data' does not hold as both subject and object are the same class.,0.9,,,
41,relation,ICP,affects outcome,Hypotension,Impact of Intracranial Pressure (ICP) instability and hypotension on outcome in patients with severe head trauma.,accept_direct,,,,,"ICP directly affects outcomes in patients with hypotension, as supported by the evidence provided.",0.85,,,
42,relation,Secondary Insult,worsens,Head Trauma,Measuring the burden of secondary insults in head-injured patients during intensive care.,accept_direct,,,,,Secondary Insult can clinically worsen Head Trauma in neurointensive care settings.,0.85,,,
43,relation,Decompressive Craniectomy,is associated with,Mean Intracranial Pressure,Decompressive craniectomy (DC) resulted in an absolute reduction in median mean Mean intracranial pressure (ICP) from 19.5 group to 13.9 mmHg.,accept_direct,,,,,Decompressive craniectomy is directly associated with mean intracranial pressure as it aims to relieve pressure on the brain.,0.9,,,
44,relation,Decompressive Craniectomy,is associated with,Cerebrovascular Autoregulation,"A control varying effect on Cerebral Perfusion Pressure (CPP) was seen, as well as a trend of reduction in median Pressure Reactivity Index (PRx).",accept_indirect,,,,,The relationship holds indirectly through the concept of cerebral perfusion pressure influenced by surgical procedures.,0.7,,,low_evidence
45,relation,Decompressive Craniectomy,has monitoring data,Monitoring Data,"patient, injury and management variables including physiological monitoring data and administration of thiopental were analysed",accept_direct,,,,,The relationship 'Decompressive Craniectomy has monitoring data' is semantically correct as surgical procedures are monitored during treatment.,0.9,,,
46,relation,Decompressive Craniectomy,is associated with,ICP,uncontrollable intracranial hypertension is a major cause of death in patients with severe traumatic brain injury.,accept_direct,,,,,Decompressive Craniectomy is directly associated with ICP as it aims to relieve pressure caused by elevated ICP.,0.85,,,
47,relation,Decompressive Craniectomy,is treated with,Barbiturates,"Decompressive craniectomy (DC) was chosen as a next step, with or without first having applied third-tier medical therapy with barbiturates.",accept_indirect,,,,,Decompressive craniectomy is associated with barbiturates through the chain of surgical intervention and subsequent medical therapy.,0.7,,,low_evidence
48,relation,Decompressive Craniectomy,affects outcome,Mortality,the results of RESCUEicp showed that Decompressive craniectomy (DC) resulted in lower mortality rates.,accept_direct,,,,,The relationship between Decompressive Craniectomy and Mortality is supported by clinical evidence indicating that the procedure affects mortality rates.,0.9,,,
49,relation,Monitoring,has outcome,Outcome,the outcome was captured at six months using the extended Glasgow Outcome Scale (GOSE).,accept_direct,,,,,Monitoring directly relates to Outcome as patient outcomes are assessed through monitoring data.,0.85,,,
50,relation,Patient,has demographic data,Demographic Data,the collection of demographic data from traumatic brain injury (TBI) patients.,accept_direct,,,,,The relationship 'Patient has demographic data' is semantically correct and directly holds between the two classes.,0.9,,,
51,relation,Patient,has surgical procedure,Surgical Procedure,the physiological vital functions are extensively monitored.,accept_direct,,,,,The relationship 'has surgical procedure' directly connects 'Patient' and 'Surgical Procedure' in the context of neurointensive care.,0.9,,,
52,relation,Patient,has monitoring data,Monitoring Data,"The Brain Monitoring with Information Technology (BrainIT) network provides a more standardised and higher resolution data collection mechanism for research groups, organisations and the device industry to conduct multi-centre trials of new health care technology in patients with traumatic brain injury.",accept_direct,,,,,The relationship 'Patient has monitoring data Monitoring Data' is semantically correct and holds directly between the two named classes.,0.9,,,
53,relation,Patient,receives therapy,Therapy,the physiological vital functions are extensively monitored.,accept_direct,,,,,The relationship 'receives therapy' directly holds between 'Patient' and 'Therapy'.,0.9,,,
54,relation,Therapy,targets condition,Condition,Therapeutic hypothermia reduces intracranial pressure and partial brain oxygen tension in patients with severe traumatic brain injury.,reject,,,,,The relationship 'targets condition' does not hold between 'Therapy' and 'Condition' as defined; therapy does not target a condition directly.,0.85,,,
55,relation,Patient,has clinical assessment,Clinical Assessment,the physiological vital functions are extensively monitored.,accept_direct,,,,,The relationship 'Patient has clinical assessment Clinical Assessment' is semantically correct and holds directly.,0.95,,,
56,relation,Patient,has outcome,Outcome,the physiological vital functions are extensively monitored.,accept_direct,,,,,The relationship 'Patient hasOutcome Outcome' is semantically correct as outcomes are measures related to patient status.,0.9,,,
57,relation,Patient,has laboratory value,Laboratory Values,the physiological vital functions are extensively monitored.,accept_direct,,,,,The relationship 'has laboratory value' directly holds between 'Patient' and 'Laboratory Values' in the context of neurointensive care.,0.9,,,
58,relation,Patient,has nursing intervention,Nursing Intervention,"Routine nursing care, physiotherapy, or bedside clinical activities",accept_direct,,,,,The relationship 'Patient has nursing intervention' is semantically correct and holds directly between the two classes.,0.95,,,
59,relation,Patient,has session,Session,a live clinical environment to test the data collection systems.,reject,,,,,The relationship 'has session' does not hold between 'Patient' and 'Session' as defined in the ontology.,0.85,,,
60,relation,Session,has timepoint,Timepoint,minute-by-minute physiological data from bedside monitors.,accept_direct,,,,,The relationship 'Session has timepoint' directly holds as timepoints are part of a monitoring session.,0.9,,,
61,relation,Timepoint,has monitoring data,Observation,minute-by-minute physiological data from bedside monitors.,accept_direct,,,,,The relationship 'Timepoint hasMonitoringData Observation' holds directly as a Timepoint is associated with recorded Observations.,0.85,,,
62,relation,Observation,measures parameter,Parameter,the physiological vital functions are extensively monitored.,accept_direct,,,,,The relationship 'Observation measures Parameter' holds directly as observations are defined to measure parameters in the context of monitoring.,0.9,,,
63,relation,Observation,produced by sensor,Sensor,the physiological vital functions are extensively monitored.,accept_direct,,,,,The relationship 'produced by sensor' holds directly between Observation and Sensor as defined.,0.9,,,
64,relation,Observation,has quality assessment,Data Quality Assessment,the physiological vital functions are extensively monitored.,accept_direct,,,,,The relationship 'Observation has quality assessment Data Quality Assessment' holds directly between the two classes.,0.9,,,
65,relation,Data Quality Assessment,associated with condition,Condition,the physiological vital functions are extensively monitored.,reject,,,,,The relationship 'associated with' does not hold between Data Quality Assessment and Condition as defined.,0.85,,,
66,relation,Data Quality Assessment,receives therapy,Therapy,the physiological vital functions are extensively monitored.,reject,,,,,Data Quality Assessment cannot receive therapy as it is not a treatment or intervention.,0.9,,,
67,relation,Arterial Hypotension,receives therapy,Barbiturates,administration of hyperosmolar molecules were used at the discretion of the managing teams.,reject,,,,,Arterial Hypotension does not receive therapy directly; it is a condition that may be treated with therapies like Barbiturates.,0.85,,,
68,relation,Brain Injury,is associated with,Traumatic Brain Injury,Decompressive craniectomy as a second/third-tier intervention in traumatic brain injury,accept_direct,,,,,The relationship 'is associated with' holds directly between 'Brain Injury' and 'Traumatic Brain Injury'.,0.9,,,
69,relation,CVP,has monitoring data,Monitoring Data,physiological monitoring data,accept_direct,,,,,CVP is a physiological parameter that directly relates to Monitoring Data.,0.9,,,
70,relation,Clinical Outcome,has outcome,Outcome,demonstrated a decrease in mortality with similar rates of favorable outcome,accept_direct,,,,,The relationship 'Clinical Outcome hasOutcome Outcome' holds directly as both classes are relevant to patient health status measurement.,0.9,,,
71,relation,Cranial Injuries,is a type of,Injuries,the occurrence of arterial hypotension (systolic pressure less than 90 mmHg) and hypoxia (SaO2 below 90%) at baseline,accept_direct,,,,,"Cranial Injuries are a specific type of Injuries, aligning with standard medical definitions.",0.9,,,
72,relation,Disability,is a type of,Clinical Outcome,the outcome was unfavorable in 51.4% and favorable in 48.6%,accept_direct,,,,,Disability is a recognized type of Clinical Outcome in the context of brain injuries.,0.85,,,
73,relation,Extracranial Injury,is a type of,Injuries,45.9% presented with an additional extracranial injury,accept_direct,,,,,"Extracranial Injury is a type of Injuries, which is clinically valid.",0.9,,,
74,relation,Intensive Care Management,is a type of,Condition,"In many neurointensive care centers, Decompressive craniectomy (DC) is being used in combination with other second/third-tier therapies.",reject,,,,,The relationship 'is a type of' does not hold between 'Intensive Care Management' and 'Condition' as defined.,0.85,,,
75,relation,NIBP,is a type of,Monitoring Data,Mean arterial blood pressure (MAP) and Mean intracranial pressure (ICP),accept_direct,,,,,NIBP is a valid subclass of Monitoring Data as it represents a monitored physiological parameter.,0.95,,,
76,relation,Pressure Reactivity Index (PRx),is a type of,Core Monitoring Parameter,Pressure Reactivity Index (PRx) is the moving correlation between mean arterial blood pressure (MAP) and Mean intracranial pressure (ICP).,accept_direct,,,,,PRx is a recognized subclass of Core Monitoring Parameter.,0.95,,,
77,relation,Hypotension,is treated with,Noradrenaline,the time and dose of a bolus of Noradrenaline,accept_direct,,,,,"Hypotension is treated with Noradrenaline, directly linking the condition and the treatment.",0.9,,,
78,relation,CPP,targets condition,Respiratory Distress Syndrome,Cerebral Perfusion Pressure (CPP) value to target lies within the range of 50-70 mm Hg.,reject,,,,,CPP does not target Respiratory Distress Syndrome directly or indirectly in the context of neurointensive care.,0.85,,,
79,relation,Traumatic Brain Injury,applies treatment,Osmotics,#2 - Hyperosmolar therapy,accept_indirect,,,,,Osmotics applies treatment indirectly through its role in managing intracranial pressure in TBI patients.,0.8,,,
80,relation,Cerebrovascular Autoregulation,receives therapy,CPP,the presence (or not) of cerebral autoregulation,reject,,,,,"Cerebrovascular Autoregulation does not receive therapy; it is a physiological mechanism, not a treatment target.",0.9,,,
81,relation,ICP,receives therapy,Partial Pressure of Brain Tissue Oxygen,There is a statistically significant (p < 0.001) non-linear effect of Intracranial Pressure (ICP) on Regression model of partial pressure of brain tissue oxygen (PbtO2).,reject,,,,,The relationship 'receives therapy' does not hold between ICP and Partial Pressure of Brain Tissue Oxygen.,0.85,,,
82,relation,Traumatic Brain Injury,has clinical assessment,GOSe Outcome,Monitoring of Intracranial Pressure (ICP) has also been shown to have better functional outcomes.,accept_direct,,,,,The relationship 'has clinical assessment' directly connects Traumatic Brain Injury and GOSe Outcome as a valid assessment method.,0.85,,,
83,relation,Partial Pressure of Brain Tissue Oxygen,is measured at,Measurement Time,Partial pressure of brain tissue oxygen over intracranial pressure stratified by days in Intensive Care Unit (ICU),accept_direct,,,,,The relationship 'is measured at' holds directly between Partial Pressure of Brain Tissue Oxygen and Measurement Time.,0.9,,,
84,relation,ICP,receives therapy,Pbro2,an overall increase in Regression model of partial pressure of brain tissue oxygen (PbtO2) of 5.2% for a 10 mmHg increase in Intracranial Pressure (ICP),reject,,,,,The relationship 'receives therapy' does not hold between ICP and PbtO2 as they are not classes of therapy and monitoring data respectively.,0.85,,,
85,relation,Partial Pressure of Carbon Dioxide,receives therapy,Pbro2,a decrease of 0.16% from a unit increase in Mean Arterial Pressure (MAP) and a Regression model of partial pressure of brain tissue oxygen (PbtO2) decrease of 0.16% from a unit increase in PaCO2,reject,,,,,"The relationship 'receives therapy' does not hold between Partial Pressure of Carbon Dioxide and PbtO2 as they are both measures, not therapy recipients.",0.85,,,
86,relation,ICP,has outcome,Outcome,median extended Glasgow outcome scale of 7.00,accept_indirect,,,,,ICP indirectly influences patient outcomes through its role in cerebral perfusion assessments.,0.7,,,low_evidence
87,relation,Intracranial Hypertension,receives therapy,CPP,the impact of autoregulation on Regression model of partial pressure of brain tissue oxygen (PbtO2) cannot be directly assessed.,reject,,,,,"The relationship 'receives therapy' does not hold between 'Intracranial Hypertension' and 'CPP' as CPP is a parameter, not a therapy.",0.9,,,
88,relation,Hypotension,is associated with,Traumatic Brain Injury,guarding against hypotensive conditions in Traumatic Brain Injury (TBI) patients.,accept_direct,,,,,"Hypotension is clinically associated with Traumatic Brain Injury, as low blood pressure can worsen outcomes in TBI patients.",0.85,,,
89,relation,Intracranial Hypertension,receives therapy,Traumatic Brain Injury,episodes of increased intracranial pressure (ICP) and worse clinical outcomes,reject,,,,,"Intracranial Hypertension does not receive therapy; rather, it is a condition that may be treated with therapies.",0.85,,,
90,relation,CPP,assesses,Intracranial Hypertension,the ability to tolerate elevated intracranial pressures is reduced.,accept_direct,,,,,CPP directly assesses Intracranial Hypertension as it relates to blood flow and pressure dynamics in TBI patients.,0.85,,,
91,relation,CPP,is associated with,ICP,Role of Cerebral Perfusion Pressure (CPP),accept_direct,,,,,CPP is directly associated with ICP as both are critical parameters in neurological assessments.,0.9,,,
92,relation,ICP,associated with condition,Mortality,"when Cerebral Perfusion Pressure (CPP) was below 50 mmHg, almost all The BESTIntracranial pressure (ICP) insults were associated with worse outcome",accept_indirect,,,,,ICP indirectly influences mortality through its effect on cerebral perfusion pressure.,0.7,,,low_evidence
93,relation,ICP,predicts outcome,Outcome Score,"Above 20 mmHg, the vast majority of insults are clearly deleterious with the exception of those lasting less than 37 min in adults.",accept_indirect,,,,,ICP indirectly influences Outcome Score through its effect on cerebral perfusion and neurological assessments.,0.8,,,
94,relation,Mean Arterial Pressure (MAP),triggers intervention,Hypotension,our analysis shows that most events are triggered by a drop in mean arterial pressure.,accept_indirect,,,,,MAP indirectly influences interventions for hypotension through its role as a vital sign affecting patient management.,0.7,,,low_evidence
95,relation,Brain Injury,has monitoring data,Arterial Hypotension,The brain monitoring with information technology (BrainIT) database contains 199 patients,reject,,,,,The relationship 'has monitoring data' does not hold between 'Brain Injury' and 'Arterial Hypotension' as stated.,0.85,,,
96,relation,Hypotension,relates to clinical outcome,Brain Injury,arterial hypotension consistently relate to clinical outcome,accept_direct,,,,,Hypotension directly relates to clinical outcomes in patients with brain injury.,0.85,,,
97,relation,Dsg,has monitoring data,Hypotensive,to scan the BrainIT database for hypotensive events;,reject,,,,,The relationship 'has monitoring data' does not hold between a Java application and a medical condition.,0.9,,,
98,relation,Secondary Insult Grades,defines,Hypotensive,the Edinburgh University Secondary Insult Grades (EUSIG) definition.,reject,,,,,The relationship 'defines' does not hold between 'Secondary Insult Grades' and 'Hypotensive' as they are not directly related concepts.,0.85,,,
99,relation,CPP,calculates,Mean Arterial Pressure (MAP),"which uses cerebral perfusion pressure (CPP), which of course uses Java-Based Software BPm in its calculation.",accept_indirect,,,,,"CPP is calculated from MAP, making the relationship valid through intermediate concepts.",0.8,,,
100,relation,ICP,receives therapy,Outcome,Impact of Intracranial Pressure (ICP) instability and hypotension on outcome in patients with severe head trauma.,reject,,,,,The relationship 'receives therapy' does not hold between ICP and Outcome as they are not directly related in this context.,0.85,,,
101,relation,CPP,is measured by,Mean Arterial Pressure (MAP),its role in calculating Cerebral Perfusion Pressure (CPP),accept_indirect,,,,,"CPP is calculated from MAP, making the relationship valid through a chain of concepts.",0.85,,,
102,relation,Treatment Data,informs,Clinical Practice,Accurate and comprehensive treatment data,accept_direct,,,,,Treatment Data directly informs Clinical Practice in patient care.,0.85,,,
103,relation,Clinical Reminders,enhances,Guideline Adherence,clinical reminders (automated interventions),accept_indirect,,,,,Clinical reminders enhance guideline adherence through automated interventions that support clinical practice.,0.7,,,low_evidence
104,relation,Guideline Adherence,has outcome,Outcome,Several studies have been conducted that show dropping mortality rates and improved long-term outcomes since the adoption and spread of use of these guidelines.,accept_direct,,,,,The relationship 'Guideline Adherence hasOutcome Outcome' is semantically correct as adherence to guidelines can directly influence patient outcomes.,0.85,,,
105,relation,Guideline Adherence,is measured by,Clinical Practice,"This work attempts to leverage those advantages by providing a 'near real-time' ability to monitor clinical guideline adherence, as well as providing measurable quantitative feedback.",reject,,,,,The relationship 'is measured by' does not hold between 'Guideline Adherence' and 'Clinical Practice' as they are not directly related in this context.,0.85,,,
106,relation,Heart Failure,is treated with,Guideline Adherence,"There are many reasons for non-adherence, but these can be broken down into two broad categories: being unwilling to adhere to a guideline and being unable to adhere.",reject,,,,,Heart Failure is not directly treated with Guideline Adherence; they are related but not in a treatment context.,0.85,,,
107,relation,EUSIG Grade,is a type of,Secondary Insult Grades,the classification of pressure events using Edinburgh University Secondary Insult Grades (EUSIG) parameters has a well-established precedent,reject,,,,,EUSIG Grade does not classify Secondary Insult Grades; they are distinct concepts.,0.85,,,
108,relation,Heart Rate,has monitoring data,Monitoring Data,Heart Rate (specifying source: Electrocardiogram (ECG) or Pulse Oximetry),accept_direct,,,,,Heart Rate is a physiological parameter that is directly monitored as part of Monitoring Data.,0.9,,,
109,relation,Respiration Rate,has monitoring data,Impedance Plethmography,Respiration Rate (sources: impedance plethmography or ventilator),revise,4.4,Respiration Rate,isMonitoredBy,Impedance Plethmography,The relation 'has monitoring data' should be 'is monitored by' to accurately reflect the relationship between Respiration Rate and Impedance Plethmography.,0.85,The relation label should accurately reflect the monitoring relationship.,0.9,
110,relation,Respiration Rate,has monitoring data,Ventilator,Respiration Rate (sources: impedance plethmography or ventilator),reject,,,,,The relationship 'has monitoring data' does not correctly apply between 'Respiration Rate' and 'Ventilator'.,0.85,,,
111,relation,Mean Arterial Pressure (MAP),has monitoring data,Monitoring Data,Mean Arterial Pressure,accept_direct,,,,,"Mean Arterial Pressure is a type of Monitoring Data, making the relationship valid.",0.9,,,
112,relation,Sao2,has monitoring data,Monitoring Data,Pulse Oximetry (SaO2),accept_direct,,,,,SaO2 is a type of Monitoring Data that measures oxygen saturation directly.,0.9,,,
113,relation,Temperature,has monitoring data,Monitoring Data,Temperature (sources: rectal=oesophageal= bladder=skin),accept_direct,,,,,Temperature is a physiological parameter that directly relates to Monitoring Data.,0.9,,,
114,relation,EtCO2,has monitoring data,Monitoring Data,End-Tidal CO2 (EtCO2),accept_direct,,,,,"EtCO2 is a specific type of Monitoring Data, and the relationship holds directly.",0.9,,,
115,relation,Jugular Venous Oxygen Saturation,has monitoring data,Monitoring Data,Jugular Venous Oxygen Saturation (SjO2),accept_direct,,,,,The relationship 'has monitoring data' directly holds between 'Jugular Venous Oxygen Saturation' and 'Monitoring Data'.,0.9,,,
116,relation,Transcranial Doppler,has monitoring data,Monitoring Data,Transcranial Doppler (TCD),accept_direct,,,,,The relationship 'Transcranial Doppler has monitoring data Monitoring Data' is semantically correct as TCD is a method used to collect monitoring data.,0.9,,,
117,relation,Pbro2,has monitoring data,Monitoring Data,Brain Tissue Oxygen (PbrO2),accept_direct,,,,,The relationship 'has monitoring data' directly holds between PbrO2 and Monitoring Data as PbrO2 is a specific parameter of monitoring data.,0.9,,,
118,relation,GCS Assessment,has monitoring data,Monitoring Data,Glasgow Coma Scale (GCS) scores,accept_direct,,,,,The relationship 'GCS Assessment has monitoring data Monitoring Data' is semantically correct as GCS is a clinical assessment that utilizes monitoring data.,0.9,,,
119,relation,Hypotension,targets condition,Vasopressors,arterial pressors may be given to treat systemic hypotension,accept_direct,,,,,Hypotension is directly targeted by vasopressors in critical care settings.,0.9,,,
120,relation,ICP,targets condition,Vasopressors,to treat reduced cerebral perfusion pressure (CPP) secondary to raised Intracranial Pressure (ICP),accept_indirect,,,,,ICP indirectly influences the use of vasopressors through its effect on cerebral perfusion pressure.,0.85,,,
121,relation,CPP,receives therapy,Respiratory Distress Syndrome,"aggressive management of Cerebral Perfusion Pressure (CPP) > 70 mmHg, although reducing the incidence of jugular venous desaturations < 50%, increased the incidence of acute respiratory distress syndrome and worsened neurological outcome.",reject,,,,,"CPP does not receive therapy; rather, it is a monitored parameter influenced by therapies.",0.85,,,
122,relation,Brain Injury,has monitoring data,Monitoring Data,"collection of admission, monitoring, treatment and outcome data from patients with brain injury.",accept_direct,,,,,The relationship 'Brain Injury has monitoring data Monitoring Data' is semantically correct as monitoring data is collected for brain injury assessment.,0.9,,,
123,relation,Brain Injury,has outcome,Outcome Data,"collection of admission, monitoring, treatment and outcome data from patients with brain injury.",accept_indirect,,,,,Outcome Data is related to the results of Brain Injury through treatment and monitoring processes.,0.7,,,low_evidence
124,relation,Brain Injury,is managed by,Management,"aid health authorities to monitor, maintain and raise intra and trans-national standards in the management of patients with brain injury.",accept_indirect,,,,,Management indirectly involves Brain Injury through the process of administering care and treatment.,0.7,,,low_evidence
125,relation,Patient,has monitoring data,Observation,pd:Patient as a ssn:FeatureOfInterest,accept_direct,,,,,The relationship 'Patient hasMonitoringData Observation' holds directly as patients receive monitoring data in neurointensive care.,0.9,,,
126,relation,Timepoint,is associated with,Reading,Each Timepoint is associated with a set of Readings,accept_direct,,,,,The relationship 'is associated with' holds directly between Timepoint and Reading as stated in the evidence.,0.9,,,
127,relation,Sensor,produced by sensor,Reading,the machines/sensors that produced them,reject,,,,,The relation 'produced by sensor' is incorrectly stated as it should be 'isProducedBy' for the correct direction.,0.85,,,
128,relation,Sepsis,is associated with,Outcome Data,Improving the standards and resolution for multicentre data collection will also impact upon the assessment of new medical technology of relevance to the medical device industry.,accept_direct,,,,,Sepsis is clinically associated with outcomes in medical treatment.,0.85,,,
129,relation,Arterial Pressors,targets condition,Arterial Hypotension,targets condition(Hypotension → Vasopressors),accept_direct,,,,,Arterial Pressors are used to target Arterial Hypotension in neurointensive care.,0.9,,,
130,relation,Clinical Research Form,has clinical assessment,Clinical Assessment,has clinical assessment(Patient → Clinical Assessment),accept_direct,,,,,The relationship 'has clinical assessment' directly connects Clinical Research Form and Clinical Assessment.,0.9,,,
131,relation,End-tidal Carbon Dioxide,has monitoring data,Monitoring Data,has monitoring data(EtCO2 → Monitoring Data),accept_direct,,,,,The relationship 'has monitoring data' directly connects 'End-tidal Carbon Dioxide' and 'Monitoring Data' as valid classes.,0.95,,,
132,relation,Error,is associated with,Monitoring Data,monitoring indicates condition(Monitoring Data → Condition),accept_indirect,,,,,Error is associated with Monitoring Data through the assessment of physiological parameters.,0.7,,,low_evidence
133,relation,Injuries,has outcome,Outcome Data,has outcome(Brain Injury → Outcome Data),accept_indirect,,,,,"Injuries can lead to outcomes, but the relationship requires an intermediate concept like 'Condition'.",0.7,,,low_evidence
134,relation,Intensive Care Management,is managed by,Management,is managed by(Brain Injury → Management),reject,,,,,The relationship 'is managed by' does not hold between 'Intensive Care Management' and 'Management' as defined.,0.85,,,
135,relation,NIBP,has monitoring data,Monitoring Data,has monitoring data(Mean Arterial Pressure → Monitoring Data),accept_direct,,,,,The relationship 'NIBP has monitoring data Monitoring Data' holds directly as NIBP is a type of monitoring data.,0.9,,,
136,relation,Provenance,has monitoring data,Monitoring Data,has monitoring data(Patient → Monitoring Data),accept_direct,,,,,The relationship 'has monitoring data' directly holds between Provenance and Monitoring Data.,0.9,,,
137,relation,Substance Abuse,targets condition,Condition,targets condition(Hypotension → Vasopressors),reject,,,,,Substance Abuse does not target Condition as defined; the relationship is clinically implausible.,0.9,,,
138,relation,Adverse Event,is associated with,Clinical Outcome,[inferred] cluster completion,accept_direct,,,,,Adverse Event is clinically associated with Clinical Outcome in the context of medical interventions.,0.85,,,
139,relation,Clinical Outcome,is influenced by,Patient Interventions,[inferred] cluster completion,accept_direct,,,,,Clinical Outcome is directly influenced by Patient Interventions in neurointensive care.,0.85,,,
140,relation,Clinical Outcome,relates to clinical outcome,Outcome Data,[inferred] cluster completion,reject,,,,,The relationship 'relates to clinical outcome' is too vague and does not accurately represent a valid relation in the context of the ontology.,0.7,,,low_evidence
141,relation,Clinical Practice,is influenced by,Clinical Reminders,[inferred] cluster completion,accept_direct,,,,,The relationship 'is influenced by' directly holds between 'Clinical Practice' and 'Clinical Reminders'.,0.85,,,
142,relation,Clinical Reminders,triggers intervention,Patient Interventions,[inferred] cluster completion,reject,,,,,The relationship 'triggers intervention' does not hold between 'Clinical Reminders' and 'Patient Interventions' as stated.,0.85,,,
143,relation,Data Quality Assessment,assesses,Monitoring Data,[inferred] cluster completion,accept_direct,,,,,The relationship 'assesses' directly connects 'Data Quality Assessment' and 'Monitoring Data' as both are relevant in evaluating ICU data quality.,0.85,,,
144,relation,Injuries,is a risk factor for,Adverse Event,[inferred] cluster completion,accept_indirect,,,,,Injuries can lead to Adverse Events through the pathway of conditions and interventions.,0.65,,,low_evidence
145,relation,Monitoring Data,is monitored by,Core Monitoring Parameter,[inferred] cluster completion,accept_direct,,,,,The relationship 'is monitored by' directly holds between 'Monitoring Data' and 'Core Monitoring Parameter'.,0.9,,,
146,relation,Monitoring Data,produced by sensor,Sensor,[inferred] cluster completion,accept_direct,,,,,The relationship 'produced by' holds directly between Monitoring Data and Sensor as defined in the ontology.,0.9,,,
147,relation,Outcome,is related to,Clinical Outcome,[inferred] cluster completion,accept_indirect,,,,,Outcome is related to Clinical Outcome through the concept of patient health status after treatment.,0.7,,,low_evidence
148,relation,Outcome Data,is associated with,Clinical Outcome,[inferred] cluster completion,accept_direct,,,,,The relationship 'is associated with' directly connects 'Outcome Data' and 'Clinical Outcome' as both pertain to results of medical interventions.,0.85,,,
149,relation,Patient Interventions,targets condition,Injuries,[inferred] cluster completion,reject,,,,,The relationship 'targets condition' does not hold between 'Patient Interventions' and 'Injuries' as defined in the ontology.,0.85,,,
150,relation,Physiological Data,is monitored by,Core Monitoring Parameter,[inferred] cluster completion,accept_direct,,,,,Physiological Data is directly monitored by Core Monitoring Parameter.,0.9,,,
151,relation,Possible Error,is a type of,Error,[inferred] cluster completion,reject,,,,,The relationship 'is a type of' is not appropriate for the classes 'Possible Error' and 'Error'.,0.85,,,
152,relation,Probable Error,is a type of,Error,[inferred] cluster completion,reject,,,,,The relationship 'is a type of' is not appropriate for the classes involved as 'Probable Error' is not a subclass of 'Error'.,0.85,,,
153,relation,Provenance,is associated with,Monitoring Data,[inferred] cluster completion,accept_direct,,,,,The relationship 'is associated with' holds directly between Provenance and Monitoring Data as both relate to the context of observations.,0.85,,,
154,relation,Substance Abuse,is a risk factor for,Injuries,[inferred] cluster completion,reject,,,,,Substance Abuse is not a recognized risk factor for Injuries in the context of neurointensive care.,0.85,,,
155,relation,Therapy,is administered during,Patient Interventions,[inferred] cluster completion,accept_direct,,,,,The relationship 'is administered during' directly holds between 'Therapy' and 'Patient Interventions'.,0.9,,,
156,relation,Treatment Data,is associated with,Therapy,[inferred] cluster completion,accept_direct,,,,,Treatment Data is directly associated with Therapy as it pertains to administered treatments.,0.85,,,
157,relation,Acute Respiratory Distress Syndrome,is associated with,Vasopressors,[inferred] cluster completion,accept_indirect,,,,,Acute Respiratory Distress Syndrome can be indirectly associated with Vasopressors through their role in managing secondary insults in critical care.,0.7,,,low_evidence
158,relation,Adrenaline,is administered during,Hypotension,[inferred] cluster completion,accept_direct,,,,,Adrenaline is commonly administered during hypotension to increase blood pressure.,0.9,,,
159,relation,Adrenaline,is administered during,Hypertension,[inferred] cluster completion,accept_direct,,,,,Adrenaline is administered during the treatment of Hypertension as it is a common practice in clinical settings.,0.85,,,
160,relation,Hypertension,is influenced by,Noradrenaline,[inferred] cluster completion,accept_direct,,,,,Hypertension is directly influenced by Noradrenaline as it is used to increase blood pressure.,0.85,,,
161,relation,Hypertension,is influenced by,Adrenaline,[inferred] cluster completion,accept_direct,,,,,"Hypertension can be influenced by adrenaline, making the relationship clinically valid.",0.85,,,
162,relation,Hypotension,is influenced by,Noradrenaline,[inferred] cluster completion,accept_direct,,,,,"Hypotension is influenced by Noradrenaline, which is clinically valid in neurointensive care.",0.85,,,
163,relation,Hypotension,is influenced by,Adrenaline,[inferred] cluster completion,accept_direct,,,,,"Hypotension can be influenced by Adrenaline, which is a recognized physiological relationship in critical care.",0.85,,,
164,relation,Mean Arterial Pressure (MAP),is monitored by,Sensor,[inferred] cluster completion,accept_direct,,,,,Mean Arterial Pressure (MAP) is directly monitored by a Sensor in clinical practice.,0.95,,,
165,relation,Noradrenaline,is administered during,Hypotension,[inferred] cluster completion,accept_direct,,,,,Noradrenaline is administered during Hypotension as it is a common treatment to increase blood pressure.,0.9,,,
166,relation,Noradrenaline,is administered during,Hypertension,[inferred] cluster completion,accept_direct,,,,,Noradrenaline is administered during Hypertension as it is used to increase blood pressure.,0.9,,,
167,relation,Sepsis,is associated with,Hypotension,[inferred] cluster completion,accept_direct,,,,,Sepsis is clinically associated with hypotension as both are recognized medical conditions in neurointensive care.,0.85,,,
168,relation,Septic Shock,is associated with,Hypotension,[inferred] cluster completion,accept_direct,,,,,Septic Shock is clinically associated with Hypotension as both are conditions related to critically ill patients.,0.85,,,
169,relation,Systemic Hypotension,is treated with,Vasopressors,[inferred] cluster completion,accept_direct,,,,,"Systemic Hypotension is directly treated with Vasopressors, which is a standard clinical relationship.",0.9,,,
170,relation,Vasopressors,is administered during,Systemic Hypotension,[inferred] cluster completion,accept_direct,,,,,Vasopressors are administered during the treatment of systemic hypotension in critical care settings.,0.9,,,
171,relation,Brain Injury,is a condition of,Patient,[inferred] cluster completion,accept_direct,,,,,Brain Injury is a recognized condition affecting patients in neurointensive care.,0.9,,,
172,relation,Brain Injury,is associated with,Cranial Injuries,[inferred] cluster completion,accept_direct,,,,,Brain Injury is clinically associated with Cranial Injuries as both are related to trauma and neurological deficits.,0.85,,,
173,relation,Brain Injury,is influenced by,Guideline Adherence,[inferred] cluster completion,accept_indirect,,,,,Guideline Adherence indirectly influences Brain Injury through clinical practices that affect treatment outcomes.,0.7,,,low_evidence
174,relation,Cranial Injuries,is associated with,Brain Injury,[inferred] cluster completion,accept_direct,,,,,Cranial Injuries are clinically associated with Brain Injury as both involve trauma-related damage.,0.9,,,
175,relation,Cranial Injuries,is a condition of,Patient,[inferred] cluster completion,reject,,,,,Cranial Injuries is not a recognized condition class in the ontology; it should be a subclass of Brain Injury.,0.85,,,
176,relation,Demographic Data,has demographic data,Patient,[inferred] cluster completion,accept_direct,,,,,The relationship 'has demographic data' directly holds between 'Patient' and 'Demographic Data'.,0.9,,,
177,relation,Extracranial Injury,is associated with,Brain Injury,[inferred] cluster completion,accept_direct,,,,,"Extracranial Injury is clinically associated with Brain Injury, reflecting the complexity of managing brain injuries.",0.85,,,
178,relation,Guideline,informs,Guideline Adherence,[inferred] cluster completion,accept_direct,,,,,The relationship 'informs' directly connects 'Guideline' and 'Guideline Adherence' as guidelines inform adherence to clinical practices.,0.9,,,
179,relation,Guideline Adherence,is associated with,Guideline,[inferred] cluster completion,accept_direct,,,,,The relationship 'is associated with' correctly describes the connection between Guideline Adherence and Guideline.,0.9,,,
180,relation,Guideline Adherence,affects outcome,Traumatic Brain Injury,[inferred] cluster completion,accept_indirect,,,,,Guideline Adherence indirectly affects outcomes through improved clinical practices related to Traumatic Brain Injury.,0.75,,,
181,relation,Head Injury,is a condition of,Patient,[inferred] cluster completion,accept_direct,,,,,Head Injury is a recognized condition affecting patients in neurointensive care.,0.9,,,
182,relation,Head Injury,is associated with,Brain Injury,[inferred] cluster completion,accept_direct,,,,,Head Injury is clinically associated with Brain Injury as both are types of injuries to the brain.,0.9,,,
183,relation,Head Trauma,is a condition of,Patient,[inferred] cluster completion,accept_direct,,,,,Head Trauma is a recognized condition affecting patients in neurointensive care.,0.9,,,
184,relation,Head Trauma,is associated with,Traumatic Brain Injury,[inferred] cluster completion,accept_direct,,,,,Head Trauma is clinically recognized as associated with Traumatic Brain Injury.,0.85,,,
185,relation,Mortality,is a risk factor for,Traumatic Brain Injury,[inferred] cluster completion,revise,4.8,Traumatic Brain Injury,isARiskFactorFor,Mortality,The relationship should be 'Traumatic Brain Injury isARiskFactorFor Mortality' instead of the current direction.,0.85,Swapping subject and object corrects the relationship direction.,1.0,
186,relation,Neurological Injury,is a condition of,Patient,[inferred] cluster completion,accept_direct,,,,,Neurological Injury is a condition that directly affects a Patient in neurointensive care.,0.9,,,
187,relation,Patient,is associated with,Brain Injury,[inferred] cluster completion,accept_direct,,,,,The relationship 'is associated with' holds directly between Patient and Brain Injury in the context of TBI.,0.9,,,
188,relation,Traumatic Brain Injury,is a condition of,Patient,[inferred] cluster completion,accept_direct,,,,,Traumatic Brain Injury is a recognized condition affecting patients in neurointensive care.,0.9,,,
189,relation,Traumatic Brain Injury,is associated with,Head Trauma,[inferred] cluster completion,accept_direct,,,,,Traumatic Brain Injury is clinically associated with Head Trauma as both represent conditions related to brain injury.,0.85,,,
190,relation,Traumatic Brain Injury,is influenced by,Guideline Adherence,[inferred] cluster completion,accept_indirect,,,,,"Guideline adherence influences clinical practices, which can indirectly affect outcomes in traumatic brain injury.",0.7,,,low_evidence
191,relation,Traumatic Intracranial Hypertension,is a condition of,Patient,[inferred] cluster completion,accept_direct,,,,,Traumatic Intracranial Hypertension is clinically recognized as a condition affecting patients in neurointensive care.,0.9,,,
192,relation,Traumatic Intracranial Hypertension,is associated with,Traumatic Brain Injury,[inferred] cluster completion,accept_direct,,,,,Traumatic Intracranial Hypertension is clinically associated with Traumatic Brain Injury.,0.9,,,
193,relation,Anterior Fossa Repair,is monitored by,Intensive Care Management,[inferred] cluster completion,reject,,,,,The relationship 'is monitored by' does not hold between 'Anterior Fossa Repair' and 'Intensive Care Management'.,0.85,,,
194,relation,Anterior Fossa Repair,has surgical procedure,Surgical Procedure,[inferred] cluster completion,accept_direct,,,,,The relationship 'has surgical procedure' directly holds between 'Anterior Fossa Repair' and 'Surgical Procedure'.,0.9,,,
195,relation,Bedside Intervention,has nursing intervention,Nursing Intervention,[inferred] cluster completion,revise,4.4,Bedside Intervention,isAssociatedWith,Nursing Intervention,The relation label 'has nursing intervention' should be corrected to 'isAConditionOf' to accurately reflect the relationship.,0.8,The relation label needs to be changed to accurately reflect the association.,0.9,
196,relation,CT Scan Assessment,assesses,Coma,[inferred] cluster completion,accept_direct,,,,,CT Scan Assessment directly assesses the state of Coma in clinical practice.,0.9,,,
197,relation,CT Scan Assessment,is monitored by,Intensive Care Management,[inferred] cluster completion,reject,,,,,CT Scan Assessment cannot be monitored by Intensive Care Management as they represent different categories of clinical data.,0.85,,,
198,relation,Clinical Assessment,has monitoring data,Intensive Care Management,[inferred] cluster completion,reject,,,,,The relationship 'has monitoring data' does not hold between 'Clinical Assessment' and 'Intensive Care Management' as defined.,0.85,,,
199,relation,Extra Ventricular Drain Placement,is monitored by,Intensive Care Management,[inferred] cluster completion,reject,,,,,The relationship 'is monitored by' does not hold between 'Extra Ventricular Drain Placement' and 'Intensive Care Management'.,0.85,,,
200,relation,Intensive Care Management,has clinical assessment,Clinical Assessment,[inferred] cluster completion,accept_direct,,,,,The relationship 'has clinical assessment' directly holds between 'Intensive Care Management' and 'Clinical Assessment'.,0.85,,,
201,relation,Intensive Care Management,has monitoring data,Laboratory Values,[inferred] cluster completion,accept_direct,,,,,The relationship 'has monitoring data' directly holds between 'Intensive Care Management' and 'Laboratory Values'.,0.9,,,
202,relation,Laboratory Values,is monitored by,Intensive Care Management,[inferred] cluster completion,reject,,,,,The relationship 'is monitored by' does not hold between 'Laboratory Values' and 'Intensive Care Management' as defined.,0.85,,,
203,relation,Nursing Intervention,is administered during,Session,[inferred] cluster completion,accept_direct,,,,,The relationship 'is administered during' directly connects Nursing Intervention and Session in the context of ICU management.,0.9,,,
204,relation,Physiotherapy,is administered during,Session,[inferred] cluster completion,accept_direct,,,,,Physiotherapy is a nursing intervention that can be administered during a session in ICU management.,0.85,,,
205,relation,Routine Nursing Care,is administered during,Session,[inferred] cluster completion,accept_direct,,,,,Routine Nursing Care is directly administered during a Session in the ICU.,0.9,,,
206,relation,Surgical Procedure,is monitored by,Intensive Care Management,[inferred] cluster completion,reject,,,,,The relationship 'is monitored by' does not hold between 'Surgical Procedure' and 'Intensive Care Management'.,0.85,,,
207,relation,Barbiturates,is administered during,Decompressive Craniectomy,[inferred] cluster completion,accept_direct,,,,,Barbiturates are commonly administered during Decompressive Craniectomy for sedation and seizure management.,0.9,,,
208,relation,Cerebrovascular Autoregulation,is influenced by,Decompressive Craniectomy,[inferred] cluster completion,accept_indirect,,,,,Cerebrovascular Autoregulation is influenced by Decompressive Craniectomy through the pathway of surgical intervention affecting brain physiology.,0.65,,,low_evidence
209,relation,Condition,is a condition of,Hypoperfusion,[inferred] cluster completion,reject,,,,,The relationship 'is a condition of' does not hold between Condition and Hypoperfusion as defined in the ontology.,0.85,,,
210,relation,Evacuation of Mass Lesion,has surgical procedure,Decompressive Craniectomy,[inferred] cluster completion,revise,4.4,Evacuation of Mass Lesion,isAProcedureFor,Decompressive Craniectomy,The relation label 'has surgical procedure' should be changed to 'isAProcedureFor' to accurately reflect the relationship.,0.8,The relation label needs to be changed to accurately reflect the relationship.,0.9,
211,relation,Hypoperfusion,is associated with,Condition,[inferred] cluster completion,reject,,,,,"Hypoperfusion is not a subclass of Condition, and the relationship does not hold as stated.",0.85,,,
212,relation,Jugular Venous Desaturation,is monitored by,Jugular Venous Oxygen Saturation,[inferred] cluster completion,accept_direct,,,,,Jugular Venous Desaturation is directly monitored by Jugular Venous Oxygen Saturation as a clinical measurement.,0.9,,,
213,relation,Management,is managed by,Barbiturates,[inferred] cluster completion,reject,,,,,The relationship 'is managed by' does not hold between 'Management' and 'Barbiturates' as it is not a valid direct or indirect association.,0.85,,,
214,relation,Microdialysis,is monitored by,Partial Pressure of Brain Tissue Oxygen,[inferred] cluster completion,accept_direct,,,,,Microdialysis is a parameter that directly monitors Partial Pressure of Brain Tissue Oxygen.,0.85,,,
215,relation,Removal of Foreign Body,has surgical procedure,Evacuation of Mass Lesion,[inferred] cluster completion,reject,,,,,The relationship 'has surgical procedure' does not correctly represent the connection between the two classes as stated.,0.85,,,
216,relation,EUSIG Grade,defines,Secondary Insult,[inferred] cluster completion,reject,,,,,EUSIG Grade does not define Secondary Insult; it categorizes it instead.,0.85,,,
217,relation,Secondary Brain Injury,is a condition of,Secondary Insult,[inferred] cluster completion,accept_direct,,,,,Secondary Brain Injury is a condition that can directly lead to Secondary Insult.,0.85,,,
218,relation,Secondary Brain Injury,worsens,Outcome,[inferred] cluster completion,accept_direct,,,,,Secondary Brain Injury directly worsens patient outcomes in the context of neurointensive care.,0.9,,,
219,relation,Secondary Insult,triggers intervention,Secondary Insult Therapy,[inferred] cluster completion,accept_direct,,,,,The relationship 'triggers intervention' directly holds between 'Secondary Insult' and 'Secondary Insult Therapy'.,0.85,,,
220,relation,Secondary Insult Grades,defines,Secondary Insult,[inferred] cluster completion,reject,,,,,The relationship 'defines' does not hold between 'Secondary Insult Grades' and 'Secondary Insult' as they are not directly related concepts.,0.85,,,
221,relation,Secondary Insult Therapy,is administered during,Secondary Insult,[inferred] cluster completion,accept_direct,,,,,The relationship between Secondary Insult Therapy and Secondary Insult is clinically valid and directly holds.,0.85,,,
222,relation,Secondary Insult Therapy,reduces,Secondary Brain Injury,[inferred] cluster completion,accept_direct,,,,,Secondary Insult Therapy directly reduces the impact of Secondary Brain Injury in neurointensive care.,0.85,,,
223,relation,Secondary Insult Treatment,targets condition,Secondary Insult,[inferred] cluster completion,accept_direct,,,,,The relationship 'targetsCondition' directly holds between 'Secondary Insult Treatment' and 'Secondary Insult'.,0.85,,,
224,relation,Analgesia,is administered during,Patient Transport,[inferred] cluster completion,accept_direct,,,,,"Analgesia is a therapy that can be administered during patient transport, aligning with clinical practices.",0.85,,,
225,relation,Analgesia,reduces,Poor Outcome,[inferred] cluster completion,revise,4.8,Poor Outcome,reduces,Analgesia,The relationship should be 'Poor Outcome isReducedBy Analgesia' to reflect the correct direction of influence.,0.8,The relationship direction was incorrect and needed to be swapped.,0.9,
226,relation,Anti-hypertensives,is administered during,Ventilation,[inferred] cluster completion,reject,,,,,The relationship 'is administered during' does not hold between Anti-hypertensives and Ventilation as stated.,0.85,,,
227,relation,Anti-pyretics,targets condition,Temperature,[inferred] cluster completion,reject,,,,,Anti-pyretics do not target Temperature as a condition; they are used to manage it instead.,0.85,,,
228,relation,Anti-pyretics,reduces,Poor Outcome,[inferred] cluster completion,revise,4.4,Anti-pyretics,isARiskFactorFor,Poor Outcome,The relationship should be 'isARiskFactorFor' instead of 'reduces' for Poor Outcome.,0.8,The relation label should be changed to accurately reflect the relationship.,0.9,
229,relation,Antibiotics,is administered during,Patient Transport,[inferred] cluster completion,reject,,,,,Antibiotics are not typically administered during patient transport; the relationship is clinically implausible.,0.85,,,
230,relation,Electrocardiogram (ECG),is monitored by,Ventilator,[inferred] cluster completion,reject,,,,,The relationship 'is monitored by' does not hold between Electrocardiogram (ECG) and Ventilator in the context of neurointensive care.,0.85,,,
231,relation,EtCO2,is monitored by,Ventilator,[inferred] cluster completion,accept_direct,,,,,EtCO2 is directly monitored by the ventilator in clinical practice.,0.9,,,
232,relation,EtCO2,measures parameter,Carbon Dioxide,[inferred] cluster completion,accept_direct,,,,,EtCO2 directly measures the parameter of Carbon Dioxide in the context of monitoring respiratory function.,0.9,,,
233,relation,Impedance Plethmography,is monitored by,Ventilator,[inferred] cluster completion,reject,,,,,The relationship 'Impedance Plethmography is monitored by Ventilator' is clinically implausible as impedance plethysmography is not monitored by a ventilator.,0.85,,,
234,relation,Insult,is a risk factor for,Poor Outcome,[inferred] cluster completion,accept_indirect,,,,,Insult can be linked to Poor Outcome through intermediate concepts like Condition and Outcome.,0.7,,,low_evidence
235,relation,Insult,triggers intervention,Ventilation,[inferred] cluster completion,reject,,,,,The relationship 'triggers intervention' does not hold between 'Insult' and 'Ventilation'.,0.85,,,
236,relation,Paralysis,is a condition of,Neurological Injury,[inferred] cluster completion,reject,,,,,Paralysis is not a condition of Neurological Injury; it is a consequence or symptom of such injuries.,0.85,,,
237,relation,Paralysis,affects outcome,Poor Outcome,[inferred] cluster completion,accept_direct,,,,,"Paralysis is known to affect outcomes in neurointensive care, making the relationship valid.",0.85,,,
238,relation,Patient Transport,is associated with,Ventilation,[inferred] cluster completion,accept_indirect,,,,,Patient Transport is associated with Ventilation through the context of ICU procedures and patient management.,0.7,,,low_evidence
239,relation,Patient Transport,is administered during,Analgesia,[inferred] cluster completion,reject,,,,,Patient Transport cannot be administered during Analgesia as they are not directly related classes.,0.85,,,
240,relation,Poor Outcome,is influenced by,Insult,[inferred] cluster completion,accept_indirect,,,,,Poor Outcome is influenced by Insult through the intermediate concept of Condition.,0.7,,,low_evidence
241,relation,Poor Outcome,is associated with,Paralysis,[inferred] cluster completion,accept_indirect,,,,,Poor Outcome is associated with Paralysis through the intermediate concept of Brain Injury.,0.75,,,
242,relation,Sjo2,is monitored by,Ventilator,[inferred] cluster completion,reject,,,,,"The relationship 'Sjo2 is monitored by Ventilator' is not clinically accurate as Sjo2 is a parameter, not a monitored entity.",0.85,,,
243,relation,Skull Fracture Elevation,is associated with,Head Injury,[inferred] cluster completion,accept_direct,,,,,"Skull Fracture Elevation is clinically associated with Head Injury, making the relationship valid.",0.85,,,
244,relation,TCD,is monitored by,Sensor,[inferred] cluster completion,accept_direct,,,,,TCD is a monitoring parameter that is directly monitored by a sensor.,0.9,,,
245,relation,Ventilation,is managed by,Ventilator,[inferred] cluster completion,accept_direct,,,,,The relationship 'is managed by' directly holds between 'Ventilation' and 'Ventilator'.,0.9,,,
246,relation,Ventilation,is associated with,Patient Transport,[inferred] cluster completion,reject,,,,,The relationship 'is associated with' does not accurately describe the connection between mechanical ventilation and patient transport in this context.,0.85,,,
247,relation,White Blood Cell Count,has laboratory value,Haematology,[inferred] cluster completion,accept_direct,,,,,The triple correctly associates White Blood Cell Count with the Haematology class as a laboratory value.,0.9,,,
248,relation,Brain Temperature,is monitored by,Sensor,[inferred] cluster completion,accept_direct,,,,,The relationship 'is monitored by' directly holds between 'Brain Temperature' and 'Sensor'.,0.9,,,
249,relation,Brain Temperature,has monitoring data,Timepoint,[inferred] cluster completion,accept_indirect,,,,,The relationship holds indirectly through the concept of monitoring data associated with timepoints.,0.7,,,low_evidence
250,relation,Heart Rate,is monitored by,Sensor,[inferred] cluster completion,accept_direct,,,,,Heart Rate is a physiological parameter that is directly monitored by a Sensor.,0.9,,,
251,relation,Heart Rate,has monitoring data,Timepoint,[inferred] cluster completion,reject,,,,,The relationship 'has monitoring data' does not semantically hold between 'Heart Rate' and 'Timepoint'.,0.85,,,
252,relation,ICP Sensor Placement,is related to,Sensor,[inferred] cluster completion,accept_direct,,,,,The relationship 'is related to' holds directly between 'ICP Sensor Placement' and 'Sensor' as both are part of monitoring in neurointensive care.,0.85,,,
253,relation,Measurement Time,has timepoint,Timepoint,[inferred] cluster completion,accept_direct,,,,,The relationship 'has timepoint' directly connects Measurement Time and Timepoint as defined in the context.,0.9,,,
254,relation,NIBP,is monitored by,Sensor,[inferred] cluster completion,accept_direct,,,,,"NIBP is indeed monitored by a sensor, establishing a direct relationship.",0.9,,,
255,relation,NIBP,has monitoring data,Timepoint,[inferred] cluster completion,accept_indirect,,,,,The relationship holds indirectly through the chain: NIBP hasMonitoringData Timepoint.,0.8,,,
256,relation,Observation,is measured at,Timepoint,[inferred] cluster completion,accept_direct,,,,,The relationship 'is measured at' directly connects Observation and Timepoint as defined.,0.95,,,
257,relation,Parameter,is measured by,Sensor,[inferred] cluster completion,accept_direct,,,,,The relationship 'is measured by' holds directly between Parameter and Sensor.,0.9,,,
258,relation,Peripheral Temperature,is monitored by,Sensor,[inferred] cluster completion,accept_direct,,,,,The relationship 'is monitored by' directly holds between 'Peripheral Temperature' and 'Sensor'.,0.9,,,
259,relation,Peripheral Temperature,has monitoring data,Timepoint,[inferred] cluster completion,accept_direct,,,,,The relationship 'has monitoring data' directly holds between 'Peripheral Temperature' and 'Timepoint'.,0.9,,,
260,relation,Reading,is measured at,Timepoint,[inferred] cluster completion,accept_direct,,,,,The relationship 'Reading is measured at Timepoint' holds directly as readings are associated with specific timepoints in monitoring.,0.9,,,
261,relation,Reading,measures parameter,Parameter,[inferred] cluster completion,accept_direct,,,,,The relationship 'Reading measures Parameter' holds directly as readings are defined as values of parameters measured.,0.9,,,
262,relation,Respiration Rate,is monitored by,Sensor,[inferred] cluster completion,accept_direct,,,,,The relationship 'is monitored by' holds directly between Respiration Rate and Sensor.,0.95,,,
263,relation,Respiration Rate,has monitoring data,Timepoint,[inferred] cluster completion,reject,,,,,The relationship 'has monitoring data' does not hold between 'Respiration Rate' and 'Timepoint' as they are not directly related classes.,0.85,,,
264,relation,Temperature,is monitored by,Sensor,[inferred] cluster completion,accept_direct,,,,,The relationship 'is monitored by' directly holds between Temperature and Sensor as Temperature is a physiological parameter recorded by a Sensor.,0.9,,,
265,relation,Temperature,has monitoring data,Timepoint,[inferred] cluster completion,accept_direct,,,,,Temperature has monitoring data as it is a physiological parameter measured over time.,0.85,,,
266,relation,Biochemistry,has laboratory value,Potassium,[inferred] cluster completion,accept_direct,,,,,The relationship 'Biochemistry has laboratory value Potassium' holds directly as potassium is a laboratory value assessed in biochemistry.,0.9,,,
267,relation,Biochemistry,has laboratory value,Sodium,[inferred] cluster completion,accept_direct,,,,,The relationship 'Biochemistry has laboratory value Sodium' holds directly as Sodium is a laboratory value within Biochemistry.,0.9,,,
268,relation,Blood Gases,is monitored by,Monitoring,[inferred] cluster completion,accept_direct,,,,,The relationship 'Blood Gases is monitored by Monitoring' holds directly as monitoring includes the observation of blood gases.,0.9,,,
269,relation,Cardiac Output,is monitored by,Monitoring,[inferred] cluster completion,reject,,,,,The relationship 'is monitored by' does not hold between 'Cardiac Output' and 'Monitoring' as stated.,0.85,,,
270,relation,Fluids,is monitored by,Monitoring,[inferred] cluster completion,accept_direct,,,,,The relationship 'Fluids is monitored by Monitoring' is semantically correct and holds directly between the two classes.,0.9,,,
271,relation,Glucose,is monitored by,Monitoring,[inferred] cluster completion,accept_direct,,,,,Glucose is indeed monitored by Monitoring in the context of critical care.,0.9,,,
272,relation,Haematocrit,has laboratory value,Haematology,[inferred] cluster completion,reject,,,,,The relationship 'has laboratory value' does not hold between Haematocrit and Haematology as defined.,0.85,,,
273,relation,Haematology,has laboratory value,Haemoglobin,[inferred] cluster completion,accept_direct,,,,,Haematology directly assesses laboratory values including Haemoglobin concentration.,0.9,,,
274,relation,Haematology,has laboratory value,Haematocrit,[inferred] cluster completion,reject,,,,,Haematology does not directly have Haematocrit as a laboratory value; Haematocrit is a specific measure within Haematology.,0.85,,,
275,relation,Haemoglobin,has laboratory value,Haematology,[inferred] cluster completion,revise,4.4,Haemoglobin,hasMonitoringData,Haematology,The relationship should be 'hasMonitoringData' instead of 'has laboratory value' to accurately reflect the connection.,0.85,The relationship should reflect monitoring data instead of laboratory value.,0.9,
276,relation,Monitoring,monitoring indicates condition,Secondary Insult,[inferred] cluster completion,reject,,,,,The relationship 'monitoring indicates condition' is semantically incorrect as monitoring does not directly indicate a secondary insult.,0.85,,,
277,relation,Nutrition,is monitored by,Monitoring,[inferred] cluster completion,reject,,,,,The relationship 'is monitored by' does not hold between Nutrition and Monitoring as defined.,0.85,,,
278,relation,Potassium,has laboratory value,Biochemistry,[inferred] cluster completion,reject,,,,,The relationship 'has laboratory value' does not correctly connect Potassium and Biochemistry as defined in the ontology.,0.85,,,
279,relation,Sedation,is monitored by,Monitoring,[inferred] cluster completion,reject,,,,,The relationship 'is monitored by' does not correctly apply between Sedation and Monitoring as defined.,0.85,,,
280,relation,Sodium,has laboratory value,Biochemistry,[inferred] cluster completion,revise,4.4,Sodium,isAConditionOf,Biochemistry,The relation 'has laboratory value' should be corrected to 'isAConditionOf' to accurately reflect the relationship between Sodium and Biochemistry.,0.8,The relation label needs to be changed to accurately reflect the relationship.,0.9,
281,relation,Disability,is associated with,Outcome Score,[inferred] cluster completion,accept_direct,,,,,Disability is clinically associated with Outcome Score in the context of brain injuries.,0.85,,,
282,relation,Disability,is influenced by,GCS Assessment,[inferred] cluster completion,accept_indirect,,,,,Disability is influenced by GCS Assessment through the assessment of neurological status affecting daily living activities.,0.7,,,low_evidence
283,relation,GCS Assessment,is associated with,Pupil Assessment,[inferred] cluster completion,accept_direct,,,,,GCS Assessment and Pupil Assessment are both clinical assessments related to neurological status.,0.85,,,
284,relation,GOSe Outcome,relates to clinical outcome,Outcome Score,[inferred] cluster completion,accept_indirect,,,,,The relationship holds indirectly as GOSe Outcome assesses Outcome Score through the concept of clinical outcomes.,0.8,,,
285,relation,Motor Impairment,is associated with,Disability,[inferred] cluster completion,accept_direct,,,,,Motor Impairment is clinically associated with Disability in brain injury patients.,0.85,,,
286,relation,Motor Impairment,is influenced by,GCS Assessment,[inferred] cluster completion,accept_direct,,,,,Motor Impairment can be influenced by GCS Assessment in brain injury patients.,0.85,,,
287,relation,Outcome Score,predicts outcome,GOSe Outcome,[inferred] cluster completion,accept_direct,,,,,The relationship 'Outcome Score predicts GOSe Outcome' is clinically valid and holds directly between the two classes.,0.9,,,
288,relation,Outcome Score,is associated with,Disability,[inferred] cluster completion,accept_direct,,,,,Outcome Score is directly associated with Disability in the context of brain injury assessment.,0.85,,,
289,relation,Pupil Assessment,is associated with,GCS Assessment,[inferred] cluster completion,accept_direct,,,,,Pupil Assessment and GCS Assessment are both directly related to neurological status assessment.,0.85,,,
290,relation,CPP,is influenced by,ICP,[inferred] cluster completion,accept_direct,,,,,The relationship 'CPP is influenced by ICP' is clinically valid and directly holds between the two classes.,0.9,,,
291,relation,CPP,calculates,Mean Cerebral Perfusion Pressure,[inferred] cluster completion,accept_direct,,,,,CPP directly calculates Mean Cerebral Perfusion Pressure as defined in the context of neurointensive care.,0.9,,,
292,relation,Intracranial Hypertension,is a condition of,ICP,[inferred] cluster completion,accept_direct,,,,,Intracranial Hypertension is a recognized condition directly related to ICP.,0.9,,,
293,relation,Mean Cerebral Perfusion Pressure,is influenced by,ICP,[inferred] cluster completion,accept_direct,,,,,Mean Cerebral Perfusion Pressure is directly influenced by ICP as both are critical parameters in neurological assessments.,0.9,,,
294,relation,Pressure Reactivity Index (PRx),assesses,ICP,[inferred] cluster completion,accept_direct,,,,,The relationship 'PRx assesses ICP' is clinically valid and holds directly between the two classes.,0.9,,,
295,relation,Carbon Dioxide,is monitored by,Partial Pressure of Carbon Dioxide,[inferred] cluster completion,accept_direct,,,,,"Carbon Dioxide is monitored by Partial Pressure of Carbon Dioxide, which is a direct measurement of its levels in the blood.",0.9,,,
296,relation,Carbon Dioxide,is associated with,Ventilation,[inferred] cluster completion,accept_indirect,,,,,Carbon Dioxide is associated with Ventilation through the monitoring of respiratory function.,0.75,,,
297,relation,End-tidal Carbon Dioxide,assesses,Ventilation,[inferred] cluster completion,accept_direct,,,,,End-tidal Carbon Dioxide directly assesses Ventilation in clinical practice.,0.85,,,
298,relation,End-tidal Carbon Dioxide,is measured by,Sensor,[inferred] cluster completion,accept_direct,,,,,The relationship 'is measured by' holds directly between End-tidal Carbon Dioxide and Sensor.,0.9,,,
299,relation,Partial Pressure of Carbon Dioxide,is influenced by,Ventilation,[inferred] cluster completion,accept_direct,,,,,Partial Pressure of Carbon Dioxide is influenced by Ventilation in the context of respiratory function assessment.,0.85,,,
300,hierarchy,Decompressive Craniectomy,subClassOf,Surgical Procedure,Decompressive craniectomy (DC) is a surgical technique originally described by Kocher in 1901.,accept_direct,,,,,"Decompressive Craniectomy is a specific type of Surgical Procedure, making the subclass relationship valid.",0.95,,,
301,hierarchy,Secondary Insult,subClassOf,Insult,One of the most critical types of systemic secondary insult is arterial hypotension.,accept_direct,,,,,The subclass relationship between Secondary Insult and Insult is clinically valid and directly holds.,0.95,,,
302,hierarchy,Vasopressors,subClassOf,Baseline Therapy,[inferred] Vasopressors is a subclass of Baseline Therapy (deterministic hierarchy checklist).,reject,,,,,Vasopressors are not a subclass of Baseline Therapy; they are a type of Secondary Insult Therapy.,0.85,,,
303,hierarchy,Secondary Insult,subClassOf,Condition,[inferred] Secondary Insult is a subclass of Condition (deterministic hierarchy checklist).,reject,,,,,"Secondary Insult is not a subclass of Condition; it is a specific type of complication, not a general condition.",0.9,,,
304,hierarchy,Core Monitoring Parameter,subClassOf,Monitoring Data,[inferred] Chain-of-Layer: Core Monitoring Parameter is organized under Monitoring Data,accept_direct,,,,,The triple correctly represents the subclass relationship between Core Monitoring Parameter and Monitoring Data.,0.9,,,
305,hierarchy,Heart Rate,subClassOf,Core Monitoring Parameter,[inferred] Chain-of-Layer: Heart Rate is organized under Core Monitoring Parameter,accept_direct,,,,,Heart Rate is a valid subclass of Core Monitoring Parameter as per the ontology definitions.,0.95,,,
306,hierarchy,Mean Arterial Pressure (MAP),subClassOf,Core Monitoring Parameter,[inferred] Chain-of-Layer: Mean Arterial Pressure (MAP) is organized under Core Monitoring Parameter,accept_direct,,,,,Mean Arterial Pressure (MAP) is correctly classified as a Core Monitoring Parameter.,0.95,,,
307,hierarchy,Mean Intracranial Pressure,subClassOf,Core Monitoring Parameter,[inferred] Chain-of-Layer: Mean Intracranial Pressure is organized under Core Monitoring Parameter,accept_direct,,,,,Mean Intracranial Pressure is a specific measure within the Core Monitoring Parameter class.,0.9,,,
308,hierarchy,Mean Cerebral Perfusion Pressure,subClassOf,Core Monitoring Parameter,[inferred] Chain-of-Layer: Mean Cerebral Perfusion Pressure is organized under Core Monitoring Parameter,accept_direct,,,,,Mean Cerebral Perfusion Pressure is a valid subclass of Core Monitoring Parameter.,0.95,,,
309,hierarchy,Pressure Reactivity Index (PRx),subClassOf,Core Monitoring Parameter,[inferred] Chain-of-Layer: Pressure Reactivity Index (PRx) is organized under Core Monitoring Parameter,accept_direct,,,,,"PRx is a subclass of Core Monitoring Parameter, aligning with the established hierarchy.",0.95,,,
310,hierarchy,Monitoring Time,subClassOf,Monitoring Data,[inferred] Chain-of-Layer: Monitoring Time is organized under Monitoring Data,accept_direct,,,,,"Monitoring Time is a subclass of Monitoring Data, directly aligning with the hierarchy.",0.9,,,
311,hierarchy,Baseline Therapy,subClassOf,Therapy,[inferred] Chain-of-Layer: Baseline Therapy is organized under Therapy,accept_direct,,,,,"Baseline Therapy is a subclass of Therapy, confirming the hierarchy relationship.",0.95,,,
312,hierarchy,Barbiturates,subClassOf,Secondary Insult Therapy,[inferred] Chain-of-Layer: Barbiturates is organized under Baseline Therapy,reject,,,,,Barbiturates cannot be classified as a subclass of Secondary Insult Therapy; they are a type of Baseline Therapy.,0.9,,,
313,hierarchy,Traumatic Brain Injury,subClassOf,Condition,[inferred] Chain-of-Layer: Traumatic Brain Injury is organized under Condition,reject,,,,,"The definition of 'Condition' incorrectly describes a type of stroke, which does not align with the authoritative label.",0.85,,,
314,hierarchy,Sepsis,subClassOf,Condition,[inferred] Chain-of-Layer: Sepsis is organized under Condition,reject,,,,,Sepsis is not a subclass of Condition as defined; it is a distinct medical condition.,0.85,,,
315,hierarchy,Septic Shock,subClassOf,Condition,[inferred] Chain-of-Layer: Septic Shock is organized under Condition,reject,,,,,"Septic Shock is not a subclass of Condition as defined; it is a specific condition, not a type of stroke.",0.9,,,
316,hierarchy,GCS Assessment,subClassOf,Clinical Assessment,[inferred] Chain-of-Layer: GCS Assessment is organized under Outcome,accept_direct,,,,,GCS Assessment is a specific type of Clinical Assessment used in neurointensive care.,0.9,,,
317,hierarchy,Guideline Adherence,subClassOf,Guideline,[inferred] Chain-of-Layer: Guideline Adherence is organized under Guideline,accept_indirect,,,,,The relationship holds indirectly through the concept of clinical practice guidelines.,0.8,,,
318,hierarchy,Cerebrovascular Autoregulation,subClassOf,Condition,[inferred] Cerebrovascular Autoregulation is a subclass of Condition (deterministic hierarchy checklist).,reject,,,,,"Cerebrovascular Autoregulation is not a subclass of Condition as defined; it is a physiological mechanism, not a medical condition.",0.85,,,
319,hierarchy,Haematocrit,subClassOf,Haematology,the physiological vital functions are extensively monitored.,accept_direct,,,,,"Haematocrit is a specific type of haematology value, making the subclass relationship valid.",0.9,,,
320,hierarchy,TCD,subClassOf,Optional Monitoring Parameter,the physiological vital functions are extensively monitored.,accept_direct,,,,,TCD is a valid subclass of Optional Monitoring Parameter as per the ontology conventions.,0.9,,,
321,hierarchy,Optional Monitoring Parameter,subClassOf,Monitoring Data,the physiological vital functions are extensively monitored.,accept_direct,,,,,"Optional Monitoring Parameter is a subclass of Monitoring Data, aligning with the hierarchy.",0.9,,,
322,hierarchy,ICP,subClassOf,Core Monitoring Parameter,the physiological vital functions are extensively monitored.,accept_direct,,,,,ICP is a recognized subclass of Core Monitoring Parameter in neurointensive care.,0.95,,,
323,hierarchy,Removal of Foreign Body,subClassOf,Surgical Procedure,the physiological vital functions are extensively monitored.,accept_direct,,,,,Removal of Foreign Body is a valid subclass of Surgical Procedure in the neurointensive care context.,0.9,,,
324,hierarchy,Peripheral Temperature,subClassOf,Optional Monitoring Parameter,the physiological vital functions are extensively monitored.,accept_direct,,,,,"Peripheral Temperature is a subclass of Optional Monitoring Parameter, which is a direct hierarchical relationship.",0.95,,,
325,hierarchy,Sodium,subClassOf,Biochemistry,the physiological vital functions are extensively monitored.,accept_direct,,,,,Sodium is a valid subclass of Biochemistry as it is a serum sodium value assessed in laboratory tests.,0.9,,,
326,hierarchy,Fluids,subClassOf,Baseline Therapy,the physiological vital functions are extensively monitored.,accept_direct,,,,,Fluids is a valid subclass of Baseline Therapy in the context of neurointensive care.,0.9,,,
327,hierarchy,Extra Ventricular Drain Placement,subClassOf,Surgical Procedure,the physiological vital functions are extensively monitored.,accept_direct,,,,,Extra Ventricular Drain Placement is a specific type of Surgical Procedure.,0.9,,,
328,hierarchy,EtCO2,subClassOf,Optional Monitoring Parameter,the physiological vital functions are extensively monitored.,accept_direct,,,,,"EtCO2 is a subclass of Optional Monitoring Parameter, aligning with the defined hierarchy.",0.9,,,
329,hierarchy,Sjo2,subClassOf,Optional Monitoring Parameter,the physiological vital functions are extensively monitored.,accept_direct,,,,,Sjo2 is a valid subclass of Optional Monitoring Parameter in the context of neurointensive care.,0.9,,,
330,hierarchy,Blood Gases,subClassOf,Laboratory Values,the physiological vital functions are extensively monitored.,accept_direct,,,,,"Blood Gases is a valid subclass of Laboratory Values, reflecting routine tests in ICU management.",0.9,,,
331,hierarchy,Haemoglobin,subClassOf,Haematology,the physiological vital functions are extensively monitored.,reject,,,,,Haemoglobin concentration is not a subclass of Haematology; it is a specific measurement within that field.,0.85,,,
332,hierarchy,Glucose,subClassOf,Biochemistry,the physiological vital functions are extensively monitored.,reject,,,,,Glucose is not a subclass of Biochemistry; it is an analyte within that field.,0.85,,,
333,hierarchy,Anterior Fossa Repair,subClassOf,Surgical Procedure,the physiological vital functions are extensively monitored.,accept_direct,,,,,Anterior Fossa Repair is a specific type of Surgical Procedure in the context of neurointensive care.,0.9,,,
334,hierarchy,Secondary Insult Treatment,subClassOf,Secondary Insult Therapy,the physiological vital functions are extensively monitored.,accept_direct,,,,,The triple correctly identifies a subclass relationship between Secondary Insult Treatment and Secondary Insult Therapy.,0.9,,,
335,hierarchy,NIBP,subClassOf,Optional Monitoring Parameter,the physiological vital functions are extensively monitored.,accept_direct,,,,,"NIBP is a subclass of Optional Monitoring Parameter, which is a direct hierarchical relationship.",0.95,,,
336,hierarchy,Hypotension,subClassOf,Condition,the physiological vital functions are extensively monitored.,reject,,,,,"Hypotension is not a subclass of Condition, as the definition provided is incorrect for the class label.",0.85,,,
337,hierarchy,Haematology,subClassOf,Laboratory Values,the physiological vital functions are extensively monitored.,accept_direct,,,,,Haematology is a valid subclass of Laboratory Values as it pertains to blood-related tests in ICU management.,0.9,,,
338,hierarchy,Sedation,subClassOf,Baseline Therapy,the physiological vital functions are extensively monitored.,accept_direct,,,,,"Sedation is a subclass of Baseline Therapy, aligning with the established ontology structure.",0.95,,,
339,hierarchy,CT Scan Assessment,subClassOf,Clinical Assessment,the physiological vital functions are extensively monitored.,accept_direct,,,,,"CT Scan Assessment is a subclass of Clinical Assessment, aligning with the hierarchy relationship.",0.9,,,
340,hierarchy,Hypotension,subClassOf,Septic Shock,Duration of hypotension before initiation of effective antimicrobial therapy is the critical determinant of survival in human septic shock.,reject,,,,,Hypotension is not a subclass of Septic Shock; they are distinct conditions.,0.9,,,
341,hierarchy,Hypoperfusion,subClassOf,Cerebrovascular Autoregulation,secondary ischemic damage from associated hypoperfusion.,reject,,,,,Hypoperfusion is not a subclass of Cerebrovascular Autoregulation; they represent different concepts.,0.85,,,
342,hierarchy,Cardiac Output,subClassOf,Optional Monitoring Parameter,Domain-scope scaffolding: Cardiac Output is a known subclass of Optional Monitoring Parameter in the BrainIT domain.,accept_direct,,,,,Cardiac Output is a recognized subclass of Optional Monitoring Parameter in the BrainIT domain.,0.9,,,
343,hierarchy,Nutrition,subClassOf,Baseline Therapy,Domain-scope scaffolding: Nutrition is a known subclass of Baseline Therapy in the BrainIT domain.,accept_direct,,,,,Nutrition is a recognized subclass of Baseline Therapy in the BrainIT domain.,0.95,,,
344,hierarchy,Pupil Assessment,subClassOf,Clinical Assessment,Domain-scope scaffolding: Pupil Assessment is a known subclass of Clinical Assessment in the BrainIT domain.,accept_direct,,,,,Pupil Assessment is a recognized subclass of Clinical Assessment in the BrainIT domain.,0.9,,,
345,hierarchy,Potassium,subClassOf,Biochemistry,Domain-scope scaffolding: Potassium is a known subclass of Biochemistry in the BrainIT domain.,accept_direct,,,,,Potassium is a recognized subclass of Biochemistry in the BrainIT domain.,0.9,,,
346,hierarchy,Possible Error,subClassOf,Data Quality Assessment,Domain-scope scaffolding: Possible Error is a known subclass of Data Quality Assessment in the BrainIT domain.,accept_direct,,,,,Possible Error is a known subclass of Data Quality Assessment in the BrainIT domain.,0.9,,,
347,hierarchy,Hypertension,subClassOf,Condition,Schema-inferred: Hypertension is a subclass of Condition.,reject,,,,,"Hypertension is not a subclass of Condition, as Condition is a generic superclass for all medical conditions, not specific to hypertension.",0.9,,,
348,hierarchy,Biochemistry,subClassOf,Laboratory Values,Schema-inferred: Biochemistry is a subclass of Laboratory Values.,accept_direct,,,,,Biochemistry is a recognized subclass of Laboratory Values in the context of neurointensive care.,0.9,,,
349,hierarchy,Arterial Pressors,subClassOf,Secondary Insult Therapy,Schema-inferred: Arterial Pressors is a subclass of Secondary Insult Therapy.,accept_direct,,,,,Arterial Pressors is correctly classified as a subclass of Secondary Insult Therapy.,0.95,,,
350,hierarchy,Secondary Insult Therapy,subClassOf,Therapy,Schema-inferred: Secondary Insult Therapy is a subclass of Therapy.,accept_direct,,,,,The triple correctly identifies Secondary Insult Therapy as a subclass of Therapy based on established ontology conventions.,0.9,,,
351,hierarchy,Intracranial Hypertension,subClassOf,Secondary Insult,Schema-inferred: Intracranial Hypertension is a subclass of Secondary Insult.,accept_direct,,,,,Intracranial Hypertension is a recognized subclass of Secondary Insult in the context of neurointensive care.,0.9,,,
352,hierarchy,Jugular Venous Desaturation,subClassOf,Secondary Insult,Schema-inferred: Jugular Venous Desaturation is a subclass of Secondary Insult.,accept_direct,,,,,Jugular Venous Desaturation is a valid subclass of Secondary Insult in the context of TBI.,0.9,,,
353,hierarchy,GOSe Outcome,subClassOf,Outcome,Schema-inferred: GOSe Outcome is a subclass of Outcome.,accept_direct,,,,,"GOSe Outcome is a subclass of Outcome, which is semantically correct.",0.95,,,
354,hierarchy,CVP,subClassOf,Optional Monitoring Parameter,Schema-inferred: Central Venous Pressure is a subclass of Optional Monitoring Parameter.,reject,,,,,"CVP is a physiological parameter, not a subclass of Optional Monitoring Parameter, which is a category for monitoring parameters.",0.85,,,
355,hierarchy,Acute Respiratory Distress Syndrome,subClassOf,Secondary Insult,Schema-inferred: Acute Respiratory Distress Syndrome is a subclass of Secondary Insult.,reject,,,,,Acute Respiratory Distress Syndrome is not a subclass of Secondary Insult as it does not fit the definition of an additional injury or complication.,0.85,,,
356,hierarchy,Traumatic Brain Injury,subClassOf,Brain Injury,Traumatic brain injury (TBI) is a leading cause of death and long-term disability worldwide.,accept_direct,,,,,"Traumatic Brain Injury is a subclass of Brain Injury, aligning with standard medical definitions.",0.95,,,
357,hierarchy,Condition,subClassOf,Mortality,"Clinical management of this population is focused on minimising tivity, disease severity and mortality is related to the partial pressure of any secondary injury, such as ischemia or raised intracranial pressure brain tissue oxygen (PbtO2) .",reject,,,,,The relationship between Condition and Mortality does not hold as subclasses; mortality is not a subclass of condition.,0.85,,,
358,hierarchy,Arterial Hypotension,subClassOf,Secondary Insult,[inferred] Arterial Hypotension is a subclass of Secondary Insult (deterministic hierarchy checklist).,accept_direct,,,,,Arterial Hypotension is a recognized subclass of Secondary Insult in the context of neurointensive care.,0.9,,,
359,hierarchy,Brain Injury,subClassOf,Condition,[inferred] Chain-of-Layer: Brain Injury is organized under Condition,reject,,,,,"The definition of 'Condition' is incorrect as it describes a specific type of stroke, not a general class.",0.85,,,
360,hierarchy,Secondary Brain Injury,subClassOf,Brain Injury,[inferred] Chain-of-Layer: Secondary Brain Injury is organized under Brain Injury,accept_direct,,,,,Secondary Brain Injury is a valid subclass of Brain Injury.,0.95,,,
361,hierarchy,Cerebrovascular Autoregulation,subClassOf,Secondary Insult,[inferred] Chain-of-Layer: Cerebrovascular Autoregulation is organized under Secondary Insult,reject,,,,,Cerebrovascular Autoregulation is not a subclass of Secondary Insult as it does not fit the definition of an additional injury or complication.,0.85,,,
362,hierarchy,Adverse Event,subClassOf,Condition,[inferred] Chain-of-Layer: Adverse Event is organized under Condition,reject,,,,,"Adverse Event is not a subclass of Condition; it is a specific occurrence related to medical interventions, not a medical condition itself.",0.9,,,
363,hierarchy,Heart Rate,subClassOf,Physiological Data,[inferred] Chain-of-Layer: Heart Rate is organized under Physiological Data,accept_direct,,,,,"Heart Rate is a subclass of Physiological Data, which is semantically correct.",0.9,,,
364,hierarchy,Mean Arterial Pressure (MAP),subClassOf,Physiological Data,[inferred] Chain-of-Layer: Mean Arterial Pressure (MAP) is organized under Physiological Data,accept_direct,,,,,"Mean Arterial Pressure (MAP) is a subclass of Physiological Data, reflecting its classification in the ontology.",0.9,,,
365,hierarchy,ICP,subClassOf,Physiological Data,[inferred] Chain-of-Layer: ICP is organized under Physiological Data,accept_direct,,,,,"ICP is a subclass of Physiological Data, confirming the hierarchy relationship.",0.95,,,
366,hierarchy,CPP,subClassOf,Physiological Data,[inferred] Chain-of-Layer: CPP is organized under Physiological Data,accept_direct,,,,,"CPP is a subclass of Physiological Data, aligning with the established ontology hierarchy.",0.9,,,
367,hierarchy,Carbon Dioxide,subClassOf,Physiological Data,[inferred] Chain-of-Layer: Carbon Dioxide is organized under Physiological Data,accept_direct,,,,,Carbon Dioxide is a subclass of Physiological Data as it reflects physiological parameters.,0.95,,,
368,hierarchy,Pbro2,subClassOf,Physiological Data,[inferred] Chain-of-Layer: Pbro2 is organized under Physiological Data,accept_direct,,,,,"PbrO2 is a subclass of Physiological Data, directly reflecting its role in assessing cerebral oxygenation.",0.9,,,
369,hierarchy,Partial Pressure of Brain Tissue Oxygen,subClassOf,Physiological Data,[inferred] Chain-of-Layer: Partial Pressure of Brain Tissue Oxygen is organized under Physiological Data,accept_direct,,,,,"Partial Pressure of Brain Tissue Oxygen is a subclass of Physiological Data, confirming the hierarchy relationship.",0.9,,,
370,hierarchy,Partial Pressure of Carbon Dioxide,subClassOf,Physiological Data,[inferred] Chain-of-Layer: Partial Pressure of Carbon Dioxide is organized under Physiological Data,accept_direct,,,,,Partial Pressure of Carbon Dioxide is a valid subclass of Physiological Data.,0.9,,,
371,hierarchy,Hypothermia Therapy,subClassOf,Baseline Therapy,[inferred] Chain-of-Layer: Hypothermia Therapy is organized under Therapy,reject,,,,,Hypothermia Therapy is not a subclass of Baseline Therapy as it is a specific treatment rather than a standard ICU therapy.,0.85,,,
372,hierarchy,Patient Interventions,subClassOf,Therapy,[inferred] Chain-of-Layer: Patient Interventions is organized under Therapy,accept_direct,,,,,"Patient Interventions is a subclass of Therapy, confirming the hierarchical relationship directly.",0.9,,,
373,hierarchy,Guideline Adherence,subClassOf,Clinical Practice,[inferred] Chain-of-Layer: Guideline Adherence is organized under Clinical Practice,accept_direct,,,,,Guideline Adherence is correctly classified as a subclass of Clinical Practice.,0.9,,,
374,hierarchy,Clinical Reminders,subClassOf,Clinical Practice,[inferred] Chain-of-Layer: Clinical Reminders is organized under Clinical Practice,accept_direct,,,,,"Clinical Reminders is a subclass of Clinical Practice, which is semantically correct.",0.9,,,
375,hierarchy,Outcome Score,subClassOf,Outcome,[inferred] Chain-of-Layer: Outcome Score is organized under Outcome,accept_direct,,,,,"Outcome Score is a subclass of Outcome, which is semantically correct.",0.9,,,
376,hierarchy,Mortality,subClassOf,Outcome,[inferred] Mortality is a subclass of Outcome (deterministic hierarchy checklist).,accept_direct,,,,,"Mortality is a subclass of Outcome, which is a direct hierarchical relationship.",0.95,,,
377,hierarchy,Pressure Reactivity Index (PRx),subClassOf,Derived Parameter,derived index reflecting cerebrovascular pressure reactivity,accept_direct,,,,,"PRx is a subclass of Derived Parameter, aligning with the hierarchy of monitoring parameters.",0.95,,,
378,hierarchy,Physiotherapy,subClassOf,Nursing Intervention,[inferred] Physiotherapy is a subclass of Nursing Intervention.,accept_direct,,,,,Physiotherapy is indeed a subclass of Nursing Intervention in the context of neurointensive care.,0.9,,,
379,hierarchy,ICP Sensor Placement,subClassOf,Surgical Procedure,placement of ICP monitoring sensor,accept_direct,,,,,ICP Sensor Placement is a specific type of Surgical Procedure.,0.9,,,
380,hierarchy,White Blood Cell Count,subClassOf,Haematology,[inferred] White Blood Cell Count is a subclass of Haematology.,reject,,,,,White Blood Cell Count is not a subclass of Haematology; it is a specific measurement within the field.,0.9,,,
381,hierarchy,Analgesia,subClassOf,Baseline Therapy,[inferred] Analgesia is a subclass of Baseline Therapy.,accept_direct,,,,,Analgesia is correctly classified as a subclass of Baseline Therapy in the neurointensive care context.,0.9,,,
382,hierarchy,Noradrenaline,subClassOf,Vasopressors,[inferred] Noradrenaline is a subclass of Vasopressors.,accept_direct,,,,,Noradrenaline is a recognized subclass of Vasopressors in clinical terminology.,0.9,,,
383,hierarchy,Anti-pyretics,subClassOf,Baseline Therapy,[inferred] Anti-pyretics is a subclass of Baseline Therapy.,accept_direct,,,,,Anti-pyretics is correctly classified as a subclass of Baseline Therapy in the context of neurointensive care.,0.95,,,
384,hierarchy,Paralysis,subClassOf,Baseline Therapy,[inferred] Paralysis is a subclass of Baseline Therapy.,reject,,,,,Paralysis is not a subclass of Baseline Therapy; it is a type of intervention rather than a standard therapy.,0.85,,,
385,hierarchy,Anti-hypertensives,subClassOf,Baseline Therapy,[inferred] Anti-hypertensives is a subclass of Baseline Therapy.,accept_direct,,,,,Anti-hypertensives is correctly classified as a subclass of Baseline Therapy in neurointensive care.,0.95,,,
386,hierarchy,Osmotics,subClassOf,Secondary Insult Therapy,[inferred] Osmotics is a subclass of Secondary Insult Therapy.,accept_direct,,,,,Osmotics is a recognized subclass of Secondary Insult Therapy in neurointensive care.,0.95,,,
387,hierarchy,Skull Fracture Elevation,subClassOf,Surgical Procedure,[inferred] Skull Fracture Elevation is a subclass of Surgical Procedure.,accept_direct,,,,,Skull Fracture Elevation is a recognized subclass of Surgical Procedure in the neurointensive care context.,0.9,,,
388,hierarchy,CPP,subClassOf,Derived Parameter,Cerebral Perfusion Pressure (CPP) management,accept_direct,,,,,CPP is a subclass of Derived Parameter as it is a computed monitoring parameter.,0.9,,,
389,hierarchy,Patient Transport,subClassOf,Nursing Intervention,[inferred] Patient Transport is a subclass of Nursing Intervention.,accept_direct,,,,,Patient Transport is a recognized subclass of Nursing Intervention in the neurointensive care context.,0.9,,,
390,hierarchy,Systemic Hypotension,subClassOf,Secondary Insult,[inferred] Systemic Hypotension is a subclass of Secondary Insult.,accept_direct,,,,,Systemic Hypotension is a recognized subclass of Secondary Insult in the context of neurointensive care.,0.9,,,
391,hierarchy,Ventilation,subClassOf,Baseline Therapy,[inferred] Ventilation is a subclass of Baseline Therapy.,accept_direct,,,,,Ventilation is a recognized subclass of Baseline Therapy in neurointensive care.,0.95,,,
392,hierarchy,Routine Nursing Care,subClassOf,Nursing Intervention,routine nursing care,accept_direct,,,,,"Routine Nursing Care is a subclass of Nursing Intervention, directly aligning with the hierarchy.",0.95,,,
393,hierarchy,Antibiotics,subClassOf,Baseline Therapy,[inferred] Antibiotics is a subclass of Baseline Therapy.,accept_direct,,,,,Antibiotics is correctly classified as a subclass of Baseline Therapy in neurointensive care.,0.95,,,
394,hierarchy,Hypotension,subClassOf,Secondary Insult,Hypotension is a recognized secondary insult after traumatic brain injury (TBI).,accept_direct,,,,,Hypotension is a recognized subclass of Secondary Insult in the context of neurointensive care.,0.9,,,
395,hierarchy,Steroids,subClassOf,Secondary Insult Therapy,Domain-scope scaffolding: Steroids is a known subclass of Secondary Insult Therapy in the BrainIT domain.,accept_direct,,,,,Steroids is a recognized subclass of Secondary Insult Therapy in the BrainIT domain.,0.9,,,
396,hierarchy,Arterial Hypotension,subClassOf,Systemic Hypotension,Schema-inferred: Arterial Hypotension is a subclass of Systemic Hypotension.,reject,,,,,Arterial Hypotension is not a subclass of Systemic Hypotension; they are distinct conditions.,0.9,,,
397,hierarchy,Pbro2,subClassOf,Optional Monitoring Parameter,Schema-inferred: Brain Tissue Oxygen is a subclass of Optional Monitoring Parameter.,accept_direct,,,,,PbrO2 is correctly classified as a subclass of Optional Monitoring Parameter.,0.9,,,
398,hierarchy,Electrocardiogram (ECG),subClassOf,Monitoring Data,"Minute by minute monitoring data This is the minimum minute by minute monitoring data required for inclusion in the Brain Monitoring with Information Technology (BrainIT) Database and include: Heart Rate (specifying source: Electrocardiogram (ECG) or Pulse Oximetry), Respiration Rate (sources: impedance plethmography or ventilator), Mean Arterial Pressure, mean Intracranial Pressure (ICP), Pulse Oximetry (SaO2) and Temperature (sources: rectal=oesophageal= bladder=skin.) I.",accept_direct,,,,,"Electrocardiogram (ECG) is a subclass of Monitoring Data, aligning with the established ontology hierarchy.",0.95,,,
399,hierarchy,Respiration Rate,subClassOf,Core Monitoring Parameter,"Minute by minute monitoring data This is the minimum minute by minute monitoring data required for inclusion in the Brain Monitoring with Information Technology (BrainIT) Database and include: Heart Rate (specifying source: Electrocardiogram (ECG) or Pulse Oximetry), Respiration Rate (sources: impedance plethmography or ventilator), Mean Arterial Pressure, mean Intracranial Pressure (ICP), Pulse Oximetry (SaO2) and Temperature (sources: rectal=oesophageal= bladder=skin.) I.",accept_direct,,,,,"Respiration Rate is a subclass of Core Monitoring Parameter, aligning with the established ontology.",0.9,,,
400,hierarchy,Mean Arterial Pressure (MAP),subClassOf,Monitoring Data,"Minute by minute monitoring data This is the minimum minute by minute monitoring data required for inclusion in the Brain Monitoring with Information Technology (BrainIT) Database and include: Heart Rate (specifying source: Electrocardiogram (ECG) or Pulse Oximetry), Respiration Rate (sources: impedance plethmography or ventilator), Mean Arterial Pressure, mean Intracranial Pressure (ICP), Pulse Oximetry (SaO2) and Temperature (sources: rectal=oesophageal= bladder=skin.) I.",accept_direct,,,,,"Mean Arterial Pressure (MAP) is a subclass of Monitoring Data, which is semantically correct.",0.9,,,
401,hierarchy,Sao2,subClassOf,Monitoring Data,"Minute by minute monitoring data This is the minimum minute by minute monitoring data required for inclusion in the Brain Monitoring with Information Technology (BrainIT) Database and include: Heart Rate (specifying source: Electrocardiogram (ECG) or Pulse Oximetry), Respiration Rate (sources: impedance plethmography or ventilator), Mean Arterial Pressure, mean Intracranial Pressure (ICP), Pulse Oximetry (SaO2) and Temperature (sources: rectal=oesophageal= bladder=skin.) I.",accept_direct,,,,,SaO2 is a subclass of Monitoring Data as it pertains to physiological monitoring parameters.,0.9,,,
402,hierarchy,Temperature,subClassOf,Core Monitoring Parameter,"Minute by minute monitoring data This is the minimum minute by minute monitoring data required for inclusion in the Brain Monitoring with Information Technology (BrainIT) Database and include: Heart Rate (specifying source: Electrocardiogram (ECG) or Pulse Oximetry), Respiration Rate (sources: impedance plethmography or ventilator), Mean Arterial Pressure, mean Intracranial Pressure (ICP), Pulse Oximetry (SaO2) and Temperature (sources: rectal=oesophageal= bladder=skin.) I.",accept_direct,,,,,Temperature is a subclass of Core Monitoring Parameter as it is a physiological parameter used for monitoring.,0.95,,,
403,hierarchy,Reading,subClassOf,Observation,define pd:Reading as a subclass of ssn:ObservationValue,accept_direct,,,,,The triple correctly represents that Reading is a subclass of Observation based on the definitions provided.,0.9,,,
404,hierarchy,Parameter,subClassOf,Observation,pd:Parameter (representing things that were recorded) as a subclass of ssn:Property,accept_direct,,,,,The triple correctly represents Parameter as a subclass of Observation based on the definitions provided.,0.9,,,
405,hierarchy,Machine,subClassOf,Sensor,defined mms:Machine as a subclass of ssn:Platform,reject,,,,,"The relationship 'Machine subClassOf Sensor' is not supported by the provided definitions, as 'Machine' is defined as a subclass of 'Platform'.",0.85,,,
406,hierarchy,Sao2,subClassOf,Core Monitoring Parameter,[inferred] Chain-of-Layer: Sao2 is organized under Core Monitoring Parameter,accept_direct,,,,,Sao2 is a recognized subclass of Core Monitoring Parameter in neurointensive care.,0.9,,,
407,hierarchy,CPP,subClassOf,Core Monitoring Parameter,[inferred] Chain-of-Layer: Cerebral Perfusion Pressure (CPP) is organized under Core Monitoring Parameter,accept_direct,,,,,"CPP is a subclass of Core Monitoring Parameter, aligning with the established ontology structure.",0.95,,,
408,hierarchy,CVP,subClassOf,Core Monitoring Parameter,[inferred] Chain-of-Layer: CVP is organized under Core Monitoring Parameter,accept_direct,,,,,CVP is correctly classified as a subclass of Core Monitoring Parameter based on the established ontology.,0.9,,,
409,hierarchy,Head Injury,subClassOf,Brain Injury,[inferred] Chain-of-Layer: Head Injury is organized under Brain Injury,accept_direct,,,,,Head Injury is a valid subclass of Brain Injury.,0.95,,,
410,hierarchy,Neurological Injury,subClassOf,Brain Injury,[inferred] Chain-of-Layer: Neurological Injury is organized under Brain Injury,accept_direct,,,,,Neurological Injury is a valid subclass of Brain Injury.,0.95,,,
411,hierarchy,Coma,subClassOf,Brain Injury,[inferred] Chain-of-Layer: Coma is organized under Brain Injury,accept_direct,,,,,Coma is a recognized subclass of Brain Injury in the neurointensive care context.,0.9,,,
412,hierarchy,Hypertension,subClassOf,Secondary Insult,[inferred] Chain-of-Layer: Hypertension is organized under Secondary Insult,reject,,,,,Hypertension is not a subclass of Secondary Insult; it is a condition that can be a secondary insult but not classified as such.,0.9,,,
413,hierarchy,Respiratory Distress Syndrome,subClassOf,Secondary Insult,[inferred] Chain-of-Layer: Respiratory Distress Syndrome is organized under Secondary Insult,reject,,,,,Respiratory Distress Syndrome is not a subclass of Secondary Insult; it is a distinct condition.,0.85,,,
414,hierarchy,Sepsis,subClassOf,Secondary Insult,[inferred] Chain-of-Layer: Sepsis is organized under Secondary Insult,accept_direct,,,,,Sepsis is a recognized subclass of Secondary Insult in the context of neurointensive care.,0.9,,,
415,hierarchy,Adrenaline,subClassOf,Therapy,[inferred] Chain-of-Layer: Adrenaline is organized under Therapy,accept_direct,,,,,"Adrenaline is a recognized therapy used in medical treatments, aligning with the class definition.",0.9,,,
416,hierarchy,Noradrenaline,subClassOf,Therapy,[inferred] Chain-of-Layer: Noradrenaline is organized under Therapy,accept_direct,,,,,Noradrenaline is a valid subclass of Therapy as it is used to increase blood pressure in medical treatments.,0.9,,,
417,hierarchy,Derived Parameter,subClassOf,Monitoring Data,[inferred] Derived Parameter is a subclass of Monitoring Data.,accept_direct,,,,,Derived Parameter is correctly classified as a subclass of Monitoring Data.,0.95,,,
418,hierarchy,Probable Error,subClassOf,Data Quality Assessment,a reading outside its acceptable range with no contextual clinical explanation,accept_direct,,,,,"Probable Error is a subclass of Data Quality Assessment, aligning with the hierarchy relationship.",0.95,,,
419,hierarchy,Bedside Intervention,subClassOf,Nursing Intervention,"Line insertion/renewal, transducer calibration, x-ray",accept_direct,,,,,"Bedside Intervention is a specific type of Nursing Intervention, making the subclass relationship valid.",0.9,,,
420,hierarchy,CPP,subClassOf,Parameter,Cerebral perfusion pressure (CPP 1/4 Blood Pressure (BP)-ICP) monitoring is a good example.,accept_direct,,,,,"CPP is a subclass of Parameter, aligning with the hierarchy definition.",0.95,,,
421,hierarchy,Brain Temperature,subClassOf,Optional Monitoring Parameter,Domain-scope scaffolding: Brain Temperature is a known subclass of Optional Monitoring Parameter in the BrainIT domain.,accept_direct,,,,,Brain Temperature is correctly classified as a subclass of Optional Monitoring Parameter.,0.95,,,
422,hierarchy,Microdialysis,subClassOf,Optional Monitoring Parameter,Domain-scope scaffolding: Microdialysis is a known subclass of Optional Monitoring Parameter in the BrainIT domain.,accept_direct,,,,,Microdialysis is correctly classified as a subclass of Optional Monitoring Parameter.,0.95,,,
423,hierarchy,Evacuation of Mass Lesion,subClassOf,Surgical Procedure,Domain-scope scaffolding: Evacuation of Mass Lesion is a known subclass of Surgical Procedure in the BrainIT domain.,accept_direct,,,,,Evacuation of Mass Lesion is a known subclass of Surgical Procedure in the BrainIT domain.,0.95,,,
424,hierarchy,Adrenaline,subClassOf,Vasopressors,Schema-inferred: Adrenaline is a subclass of Vasopressors.,accept_direct,,,,,Adrenaline is clinically recognized as a subclass of vasopressors used in critical care.,0.9,,,
