triple_index,kind,subject,relation,object,evidence,verdict,revise_subtype,suggested_subject,suggested_relation,suggested_object,justification,confidence,stage_b_justification,stage_b_confidence,flags
0,relation,Decompressive Craniectomy,has outcome,Outcome,The outcome was captured at six months using the extended Glasgow Outcome Scale (GOSE).,accept_direct,,,,,Decompressive Craniectomy hasOutcome Outcome is a valid relationship as surgical procedures directly relate to patient outcome measures in neurointensive care.,0.9,,,
1,relation,Traumatic Brain Injury,targets condition,Intracranial Pressure (ICP),one of the cornerstones of brain-protective strategies is to reduce and control intracranial pressure (ICP),accept_indirect,,,,,Traumatic Brain Injury targets condition Intracranial Pressure via the relationship that ICP is a critical parameter in neurological assessments related to TBI.,0.85,,,
2,relation,Intracranial Hypertension,is associated with,Mortality,Uncontrollable intracranial hypertension is a major cause of death in patients with severe traumatic brain injury.,accept_direct,,,,,"Intracranial Hypertension is associated with Mortality as it is a major cause of death in patients with severe traumatic brain injury, directly linking the two classes.",0.9,,,
3,relation,Intracranial Hypertension,targets condition,Decompressive Craniectomy,patients with intracranial hypertension treated conservatively were excluded.,accept_direct,,,,,Intracranial Hypertension targets condition Decompressive Craniectomy is a valid direct relationship as the procedure aims to address the condition.,0.9,,,
4,relation,GCS Assessment,assesses,Motor Impairment,The Glasgow Motors Score was used for assessing motor impairment.,accept_direct,,,,,GCS Assessment assesses Motor Impairment directly as it is a clinical scale used to evaluate neurological status following brain injury.,0.9,,,
5,relation,Pupil Assessment,monitoring indicates condition,Motor Impairment,Pupil abnormalities were seen in 34.4% of our patients.,revise,4.4,Pupil Assessment,assesses,Motor Impairment,The relation 'monitoring indicates condition' should be changed to 'assesses' as 'Pupil Assessment' assesses 'Motor Impairment' in the context of neurological evaluation.,0.8,The relation 'monitoring indicates condition' should be 'assesses' as 'Pupil Assessment' assesses 'Motor Impairment' in neurological evaluation.,1.0,
6,relation,Secondary Insult,is associated with,Hypotension,"Hypoxia and arterial hypotension were found in 10.0% and 6.1%, respectively.",accept_direct,,,,,"Secondary Insult is associated with Hypotension as both are valid classes in the neurointensive care domain, and the relationship holds directly between them.",0.9,,,
7,relation,Traumatic Brain Injury,has outcome,Outcome,A more extensive description is provided in the Supplementary Appendix.,accept_direct,,,,,The relationship 'Traumatic Brain Injury has outcome Outcome' is valid as TBI is associated with patient outcomes in the neurointensive care context.,0.9,,,
8,relation,Traumatic Brain Injury,is treated with,Decompressive Craniectomy,Decompressive craniectomy (DC) as a last-tier intervention,accept_direct,,,,,The relationship 'Traumatic Brain Injury is treated with Decompressive Craniectomy' is valid as decompressive craniectomy is a recognized surgical procedure for treating TBI.,0.95,,,
9,relation,Decompressive Craniectomy,is monitored by,Intracranial Pressure (ICP),Mean intracranial pressure (ICP) pre-Decompressive craniectomy (DC),reject,,,,,The relation 'is monitored by' does not hold between 'Decompressive Craniectomy' and 'Intracranial Pressure'; surgical procedures are not monitored by parameters directly.,0.9,,,
10,relation,Intracranial Pressure (ICP),is influenced by,Cerebral Perfusion Pressure (CPP),Mean intracranial pressure (ICP)/Cerebral Perfusion Pressure (CPP),accept_direct,,,,,The relationship 'Intracranial Pressure (ICP) is influenced by Cerebral Perfusion Pressure (CPP)' is clinically valid as CPP affects cerebral blood flow and thus ICP.,0.95,,,
11,relation,Decompressive Craniectomy,is administered during,Barbiturates,Decompressive craniectomy (DC) + thiopental can be referring to barbiturate administration,accept_indirect,,,,,Decompressive Craniectomy is associated with Barbiturates via the chain: Decompressive Craniectomy is a Surgical Procedure → Barbiturates are used for sedation during such procedures.,0.7,,,low_evidence
12,relation,Decompressive Craniectomy,targets condition,Traumatic Intracranial Hypertension,Decompressive craniectomy (DC) in a patient-tailored combination with other second and third-tier therapies should maintain its place in the management of severe traumatic intracranial hypertension.,accept_direct,,,,,Decompressive Craniectomy targets Traumatic Intracranial Hypertension as a valid surgical procedure for managing this condition in neurointensive care.,0.95,,,
13,relation,Decompressive Craniectomy,has clinical assessment,GOSe Outcome,outcome was only evaluated in terms of robust extended Glasgow Outcome Scores,revise,4.4,Decompressive Craniectomy,hasOutcome,GOSe Outcome,The relation 'has clinical assessment' should be 'hasOutcome' as GOSe Outcome is an outcome measure related to the surgical procedure Decompressive Craniectomy.,0.9,The relation 'has clinical assessment' should be 'hasOutcome' as GOSe Outcome is an outcome measure related to Decompressive Craniectomy.,1.0,
14,relation,Decompressive Craniectomy,reduces,Mean Intracranial Pressure,it effectively reduces Mean intracranial pressure (ICP),accept_direct,,,,,Decompressive Craniectomy reduces Mean Intracranial Pressure is clinically valid as it directly addresses the management of brain injuries.,0.95,,,
15,relation,Intracranial Pressure (ICP),has monitoring data,Traumatic Brain Injury,The BESTIntracranial pressure (ICP) monitoring is still considered to provide important information to detect and prevent secondary injury after severe Traumatic brain injury (TBI).,accept_direct,,,,,Intracranial Pressure (ICP) has monitoring data related to Traumatic Brain Injury (TBI) as both are valid classes in the neurointensive care context.,0.9,,,
16,relation,Intracranial Hypertension,receives therapy,GOSe Outcome,"Intracranial pressures above 20 mmHg lasting longer than 37 min in adults, and longer than 8 min in children, are associated with worse outcomes.",revise,4.4,Intracranial Hypertension,isTreatedWith,Secondary Insult Therapy,"Intracranial Hypertension should not 'receive therapy'; it should be replaced with a specific therapy class, as 'receivesTherapy' requires a therapy object.",0.85,"Intracranial Hypertension should be linked to a specific therapy class, as 'receivesTherapy' is incorrect.",0.9,
17,relation,Cerebral Perfusion Pressure (CPP),has clinical assessment,Intracranial Hypertension,"When the cerebral perfusion pressure is below 50 mmHg, all intracranial pressure insults, regardless of duration, are associated with worse outcome.",revise,4.4,Cerebral Perfusion Pressure,assesses,Intracranial Hypertension,"The relation 'has clinical assessment' should be 'assesses' as CPP is assessed in relation to Intracranial Hypertension, not the other way around.",0.9,The relation 'has clinical assessment' should be 'assesses' as CPP is assessed in relation to Intracranial Hypertension.,1.0,
18,relation,Intracranial Pressure (ICP),has monitoring data,Monitoring Data,The BESTIntracranial pressure (ICP) and mean arterial blood pressure (MAP) monitoring data,accept_direct,,,,,"Intracranial Pressure (ICP) is a Core Monitoring Parameter and Monitoring Data is the top-level class for all monitored values, making the relationship direct.",0.95,,,
19,relation,Monitoring Data,monitoring indicates condition,Condition,the percentage of monitoring time in the red zone during the first day only was a significant independent predictor of mortality,reject,,,,,"The relation 'monitoring indicates condition' is semantically incorrect; monitoring data does not indicate a condition directly, as conditions are broader than specific monitoring parameters.",0.9,,,
20,relation,Intracranial Pressure (ICP),associated with condition,Condition,"when Cerebral Perfusion Pressure (CPP) was below 50 mmHg, almost all The BESTIntracranial pressure (ICP) insults were associated with worse outcome",revise,4.4,Intracranial Pressure (ICP),isAConditionOf,Condition,The relation 'associated with condition' should be replaced with 'isAConditionOf' to accurately reflect the relationship between Intracranial Pressure (ICP) and Condition.,0.85,The relation 'associated with condition' should be 'isAConditionOf' to accurately reflect the relationship between ICP and Condition.,1.0,
21,relation,Traumatic Brain Injury,has monitoring data,Monitoring Data,"The present study autoregulation is intact, the transition curve shifts to the right.",accept_direct,,,,,The relationship 'Traumatic Brain Injury has monitoring data Monitoring Data' is valid as TBI is assessed through monitoring data in neurointensive care.,0.9,,,
22,relation,Traumatic Brain Injury,is associated with,Secondary Brain Injury,"Cerebrovascular pressure autoregulation is often impaired in severe Traumatic brain injury (TBI), and such impairment is such as the relationship between physiological thresholds and outcome.",accept_direct,,,,,"Traumatic Brain Injury is associated with Secondary Brain Injury as a consequence of the primary injury, aligning with clinical understanding.",0.9,,,
23,relation,Cerebral Perfusion Pressure (CPP),receives therapy,Traumatic Brain Injury,"One would expect such change in recommendation to be followed, and hence to lead to alterations in Cerebral Perfusion Pressure (CPP) policy across centres.",revise,4.4,Cerebral Perfusion Pressure,isMonitoredBy,Traumatic Brain Injury,Cerebral Perfusion Pressure (CPP) is a derived parameter and cannot 'receive therapy'; it should be linked to a therapy class instead.,0.9,Cerebral Perfusion Pressure is a physiological parameter and should be linked to monitoring rather than receiving therapy.,0.9,
24,relation,Cerebral Perfusion Pressure (CPP),has monitoring data,Monitoring Data,Cerebral perfusion pressure (CPP 1/4 Blood Pressure (BP)-ICP) monitoring is a good example.,accept_direct,,,,,Cerebral Perfusion Pressure (CPP) is a Core Monitoring Parameter and thus directly has Monitoring Data as per the hierarchical relationship in the preamble.,0.95,,,
25,relation,Vasopressors,receives therapy,Cerebral Perfusion Pressure (CPP),the non-beneficial effect of keeping Cerebral Perfusion Pressure (CPP) above 70 mmHg by administering high doses of vasopressors.,revise,4.4,Vasopressors,isAdministeredDuring,Cerebral Perfusion Pressure,Cerebral Perfusion Pressure (CPP) is not a therapy; it should be replaced with a valid therapy class like 'Vasopressors' for the relation 'receivesTherapy'.,0.85,"Vasopressors is a therapy that affects Cerebral Perfusion Pressure, so the relation should be isAdministeredDuring instead of receivesTherapy.",0.9,
26,relation,Cerebral Perfusion Pressure (CPP),correlates with,Mean Arterial Pressure (MAP),Cerebral Perfusion Pressure (CPP) strongly correlated with Mean Arterial Pressure (MAP).,accept_direct,,,,,Cerebral Perfusion Pressure (CPP) correlates with Mean Arterial Pressure (MAP) as both are valid physiological parameters in neurointensive care.,0.95,,,
27,relation,Cerebral Perfusion Pressure (CPP),receives therapy,Intracranial Pressure (ICP),it is influenced by Intracranial Pressure (ICP) variability,revise,4.4,Cerebral Perfusion Pressure,isInfluencedBy,Intracranial Pressure,Cerebral Perfusion Pressure (CPP) is not a therapy; the relation 'receives therapy' is incorrect and should be replaced with a valid relation that reflects influence.,0.85,"Cerebral Perfusion Pressure is influenced by Intracranial Pressure, so the relation should be isInfluencedBy.",0.9,
28,relation,Cerebral Perfusion Pressure (CPP),receives therapy,Mean Arterial Pressure (MAP),Mean Arterial Pressure (MAP) variability including,revise,4.4,Cerebral Perfusion Pressure,isMonitoredBy,Mean Arterial Pressure,Cerebral Perfusion Pressure (CPP) is not a therapy; it should not 'receive therapy'. The relation should be changed to 'isMonitoredBy' or similar.,0.85,Cerebral Perfusion Pressure is not a therapy; it should be monitored by Mean Arterial Pressure instead.,1.0,
29,relation,Cerebral Perfusion Pressure (CPP),associates with,Acute Respiratory Distress Syndrome,acute respiratory distress syndrome (ARDS) reportedly associated with vasopressors,accept_indirect,,,,,Cerebral Perfusion Pressure (CPP) is associated with Acute Respiratory Distress Syndrome (ARDS) through the pathway of secondary complications in TBI patients.,0.7,,,low_evidence
30,relation,Cerebral Perfusion Pressure (CPP),follows,Guideline,the Brain Trauma Foundation (BTF) guidelines issued this year,accept_indirect,,,,,"Cerebral Perfusion Pressure (CPP) is influenced by clinical guidelines, but the relationship is indirect through the concept of guideline adherence in clinical practice.",0.75,,,
31,relation,Guideline Adherence,receives therapy,Traumatic Brain Injury,Guideline adherence and outcomes in severe adult traumatic brain injury,revise,4.4,Guideline Adherence,affectsOutcome,Traumatic Brain Injury,The relation 'receivesTherapy' is incorrect as 'Traumatic Brain Injury' is not a therapy; it should be 'Guideline Adherence affectsOutcome Traumatic Brain Injury'.,0.9,The relation 'receivesTherapy' is incorrect as 'Traumatic Brain Injury' is not a therapy; it should be 'affectsOutcome'.,1.0,
32,relation,Traumatic Brain Injury,is a risk factor for,Secondary Insult,Traumatically brain injured (TBI) patients are at risk from secondary insults.,accept_direct,,,,,"Traumatic Brain Injury is a recognized risk factor for Secondary Insult in neurointensive care, as stated in the evidence from clinical literature.",0.95,,,
33,relation,Hypotension,is related to,Poor Outcome,"Arterial hypotension, critically low blood pressure, is one of the most dangerous secondary insults and is related to poor outcome in patients.",accept_direct,,,,,Hypotension is related to Poor Outcome as a clinically recognized association in neurointensive care.,0.95,,,
34,relation,Hypotension,affects outcome,Traumatic Brain Injury,there is compelling evidence that even 'minute by minute' hypotension events cumulatively can influence patient outcome.,accept_direct,,,,,"Hypotension affects outcome in TBI patients, as supported by the evidence that hypotension events influence patient outcomes directly.",0.9,,,
35,relation,Hypotension,prognostic factor for,Head Injury,the cumulative duration of arterial hypotensive events is a prognostic factor for their clinical outcome following a head injury.,accept_direct,,,,,"Hypotension is a condition that can be a prognostic factor for Head Injury, as supported by the evidence provided.",0.9,,,
36,relation,Hypotension,associated with condition,Condition,"for with the medical management of sepsis, it has been shown that duration of hypotension before initiation",reject,,,,,'Hypotension associated with Condition' is incorrect; 'Condition' is too generic and does not specifically relate to 'Hypotension' as a type of stroke.,0.7,,,low_evidence
37,relation,Traumatic Brain Injury,has monitoring data,Hypotension,both systolic and mean arterial pressure should be monitored and considered in the definition of hypotension,accept_direct,,,,,The relationship 'Traumatic Brain Injury has monitoring data Hypotension' is valid as hypotension is a monitored condition in TBI patients.,0.9,,,
38,relation,Hypotension,is a condition of,Sepsis,"for with the medical management of sepsis, it has been shown that duration of hypotension before initiation",accept_indirect,,,,,Hypotension is a condition of Sepsis indirectly via the relationship of both being subclasses of Condition.,0.7,,,low_evidence
39,relation,Sepsis,receives therapy,Hypotension,it has been shown that with each hour delay in treatment of hypotension leads to an increase in in-hospital mortality.,revise,4.4,Sepsis,isTreatedWith,Fluid Resuscitation,The relation 'receivesTherapy' is incorrect as 'Hypotension' is not a therapy; it should be replaced with a valid therapy like 'Fluid Resuscitation'.,0.9,"The relation 'receives therapy' is incorrect; 'Fluid Resuscitation' is a valid therapy for 'Sepsis', so it should be 'isTreatedWith'.",1.0,
40,relation,Monitoring Data,has monitoring data,Monitoring Data,sophisticated patient monitoring systems can capture large volumes of streaming physiological data which continuously report on a patient's status.,reject,,,,,The relationship 'Monitoring Data has monitoring data Monitoring Data' is nonsensical as it implies a circular reference without meaningful distinction between subject and object.,0.9,,,
41,relation,Intracranial Pressure (ICP),affects outcome,Hypotension,Impact of Intracranial Pressure (ICP) instability and hypotension on outcome in patients with severe head trauma.,accept_direct,,,,,"Intracranial Pressure (ICP) affects outcome in patients with Hypotension, as both are clinically relevant in neurointensive care settings.",0.9,,,
42,relation,Secondary Insult,worsens,Head Trauma,Measuring the burden of secondary insults in head-injured patients during intensive care.,accept_direct,,,,,Secondary Insult worsens Head Trauma is clinically valid as secondary insults can exacerbate head injuries.,0.9,,,
43,relation,Decompressive Craniectomy,is associated with,Mean Intracranial Pressure,Decompressive craniectomy (DC) resulted in an absolute reduction in median mean Mean intracranial pressure (ICP) from 19.5 group to 13.9 mmHg.,accept_direct,,,,,"Decompressive Craniectomy is associated with Mean Intracranial Pressure as a valid relationship in neurointensive care, reflecting the management of brain injuries.",0.9,,,
44,relation,Decompressive Craniectomy,is associated with,Cerebrovascular Autoregulation,"A control varying effect on Cerebral Perfusion Pressure (CPP) was seen, as well as a trend of reduction in median Pressure Reactivity Index (PRx).",accept_indirect,,,,,Decompressive Craniectomy is associated with Cerebrovascular Autoregulation via the relationship of surgical procedures affecting brain function and blood flow regulation.,0.7,,,low_evidence
45,relation,Decompressive Craniectomy,has monitoring data,Monitoring Data,"patient, injury and management variables including physiological monitoring data and administration of thiopental were analysed",accept_direct,,,,,Decompressive Craniectomy hasMonitoringData Monitoring Data is valid as monitoring data is collected during surgical procedures for patient assessment.,0.9,,,
46,relation,Decompressive Craniectomy,is associated with,Intracranial Pressure (ICP),uncontrollable intracranial hypertension is a major cause of death in patients with severe traumatic brain injury.,accept_direct,,,,,"Decompressive Craniectomy is associated with Intracranial Pressure as it is a surgical procedure aimed at relieving pressure on the brain, which directly relates to ICP monitoring.",0.9,,,
47,relation,Decompressive Craniectomy,is treated with,Barbiturates,"Decompressive craniectomy (DC) was chosen as a next step, with or without first having applied third-tier medical therapy with barbiturates.",accept_indirect,,,,,"Decompressive Craniectomy is associated with Barbiturates through the relation 'is treated with', but it is indirect as it involves intermediate concepts of therapy and surgical procedure.",0.7,,,low_evidence
48,relation,Decompressive Craniectomy,affects outcome,Mortality,the results of RESCUEicp showed that Decompressive craniectomy (DC) resulted in lower mortality rates.,accept_direct,,,,,"Decompressive Craniectomy affects Outcome, as it is a surgical procedure that can influence mortality rates in TBI patients.",0.9,,,
49,relation,Monitoring,has outcome,Outcome,the outcome was captured at six months using the extended Glasgow Outcome Scale (GOSE).,accept_direct,,,,,Monitoring hasOutcome Outcome is a valid relationship as Monitoring relates to patient outcomes in neurointensive care.,0.9,,,
50,relation,Patient,has demographic data,Demographic Data,the collection of demographic data from traumatic brain injury (TBI) patients.,accept_direct,,,,,The relationship 'Patient has demographic data Demographic Data' is semantically correct as demographic data is collected for patients in neurointensive care.,0.95,,,
51,relation,Patient,has surgical procedure,Surgical Procedure,the physiological vital functions are extensively monitored.,accept_direct,,,,,Patient hasSurgicalProcedure Surgical Procedure is a valid direct relationship as patients receive surgical procedures during ICU care.,0.95,,,
52,relation,Patient,has monitoring data,Monitoring Data,"The Brain Monitoring with Information Technology (BrainIT) network provides a more standardised and higher resolution data collection mechanism for research groups, organisations and the device industry to conduct multi-centre trials of new health care technology in patients with traumatic brain injury.",accept_direct,,,,,Patient hasMonitoringData MonitoringData is a direct relationship as monitoring data is collected from patients in neurointensive care.,0.95,,,
53,relation,Patient,receives therapy,Therapy,the physiological vital functions are extensively monitored.,accept_direct,,,,,Patient receives therapy is a direct relationship as therapy is a valid class for treatments in the neurointensive care context.,0.95,,,
54,relation,Therapy,targets condition,Condition,Therapeutic hypothermia reduces intracranial pressure and partial brain oxygen tension in patients with severe traumatic brain injury.,revise,4.4,Therapy,isARiskFactorFor,Condition,The relation 'targetsCondition' should be changed to 'isARiskFactorFor' as Therapy influences conditions rather than targeting them directly.,0.8,The relation 'targetsCondition' should be 'isARiskFactorFor' as Therapy influences conditions rather than targeting them directly.,1.0,
55,relation,Patient,has clinical assessment,Clinical Assessment,the physiological vital functions are extensively monitored.,accept_direct,,,,,The triple 'Patient hasClinicalAssessment Clinical Assessment' is semantically correct as Clinical Assessment is a valid subclass of Clinical Assessment related to Patient.,0.9,,,
56,relation,Patient,has outcome,Outcome,the physiological vital functions are extensively monitored.,accept_direct,,,,,Patient hasOutcome Outcome is a direct relationship as the outcome measures the result of care for the patient.,0.95,,,
57,relation,Patient,has laboratory value,Laboratory Values,the physiological vital functions are extensively monitored.,revise,4.4,Patient,hasLaboratoryValue,Laboratory Values,The relation 'has laboratory value' should be 'hasLaboratoryValue' as it must align with the canonical BrainIT relation names.,0.9,'has laboratory value' should be 'hasLaboratoryValue' to align with the canonical BrainIT relation names.,1.0,
58,relation,Patient,has nursing intervention,Nursing Intervention,"Routine nursing care, physiotherapy, or bedside clinical activities",accept_direct,,,,,The triple 'Patient has nursing intervention Nursing Intervention' is semantically correct as nursing interventions are part of patient care in neurointensive care.,0.95,,,
59,relation,Patient,has session,Session,a live clinical environment to test the data collection systems.,accept_direct,,,,,Patient has session is a valid direct relationship as sessions are continuous monitoring instances for patients in neurointensive care.,0.9,,,
60,relation,Session,has timepoint,Timepoint,minute-by-minute physiological data from bedside monitors.,accept_direct,,,,,Session has timepoint Timepoint is a direct relationship as a monitoring session comprises discrete moments associated with sensor readings.,0.95,,,
61,relation,Timepoint,has monitoring data,Observation,minute-by-minute physiological data from bedside monitors.,accept_direct,,,,,"Timepoint hasMonitoringData Observation is valid as Timepoint is associated with sensor readings, which are a type of Observation.",0.95,,,
62,relation,Observation,measures parameter,Parameter,the physiological vital functions are extensively monitored.,accept_direct,,,,,Observation measuresParameter Parameter is a direct relationship between the classes as defined in the domain context.,0.95,,,
63,relation,Observation,produced by sensor,Sensor,the physiological vital functions are extensively monitored.,accept_direct,,,,,"Observation is producedBySensor Sensor, as sensors are used to record physiological parameters, aligning with the defined relationship in the domain context.",0.9,,,
64,relation,Observation,has quality assessment,Data Quality Assessment,the physiological vital functions are extensively monitored.,accept_direct,,,,,Observation has quality assessment Data Quality Assessment is a valid relationship as it aligns with the monitoring and assessment of ICU data quality.,0.9,,,
65,relation,Data Quality Assessment,associated with condition,Condition,the physiological vital functions are extensively monitored.,accept_indirect,,,,,Data Quality Assessment is associated with Condition via the chain: Data Quality Assessment → assesses → Observation → measuresParameter → Patient → hasCondition → Condition.,0.7,,,low_evidence
66,relation,Data Quality Assessment,receives therapy,Therapy,the physiological vital functions are extensively monitored.,revise,4.4,Data Quality Assessment,isAssociatedWith,Therapy,The relation 'receives therapy' is incorrect as 'Data Quality Assessment' does not receive therapy; it should be 'is associated with' or similar.,0.8,The relation 'receives therapy' is incorrect; 'Data Quality Assessment' should be linked to 'Therapy' via 'isAssociatedWith'.,0.9,
67,relation,Arterial Hypotension,receives therapy,Barbiturates,administration of hyperosmolar molecules were used at the discretion of the managing teams.,revise,4.4,Arterial Hypotension,isTreatedWith,Barbiturates,The relation 'receivesTherapy' requires the object to be a Therapy; 'Barbiturates' should be classified as a subclass of 'Secondary Insult Therapy'.,0.9,The relation 'receives therapy' should be 'isTreatedWith' as it directly connects the condition to the therapy.,0.9,
68,relation,Brain Injury,is associated with,Traumatic Brain Injury,Decompressive craniectomy as a second/third-tier intervention in traumatic brain injury,accept_direct,,,,,"Brain Injury is associated with Traumatic Brain Injury as TBI is a subclass of Brain Injury, confirming the relationship directly.",0.95,,,
69,relation,CVP,has monitoring data,Monitoring Data,physiological monitoring data,accept_direct,,,,,"CVP is a physiological parameter and Monitoring Data is the class for data collected to assess physiological parameters, making the relationship valid.",0.95,,,
70,relation,Clinical Outcome,has outcome,Outcome,demonstrated a decrease in mortality with similar rates of favorable outcome,accept_direct,,,,,Clinical Outcome hasOutcome Outcome is a valid relationship as both classes are defined in the context of patient outcomes in neurointensive care.,0.9,,,
71,relation,Cranial Injuries,is a type of,Injuries,the occurrence of arterial hypotension (systolic pressure less than 90 mmHg) and hypoxia (SaO2 below 90%) at baseline,accept_direct,,,,,"Cranial Injuries is a subclass of Injuries as both are types of physical damage resulting from trauma, aligning with the preamble's definitions.",0.9,,,
72,relation,Disability,is a type of,Clinical Outcome,the outcome was unfavorable in 51.4% and favorable in 48.6%,revise,4.4,Disability,isARiskFactorFor,Clinical Outcome,The relation 'is a type of' should be 'isARiskFactorFor' as Disability is a clinical outcome related to patient health status after treatment.,0.7,The relation 'is a type of' should be 'isARiskFactorFor' as Disability is a clinical outcome related to patient health status after treatment.,1.0,low_evidence
73,relation,Extracranial Injury,is a type of,Injuries,45.9% presented with an additional extracranial injury,revise,4.9,Extracranial Injury,subClassOf,Injuries,The relation 'is a type of' should be 'subClassOf' as Extracranial Injury is a subclass of Injuries based on the preamble classifications.,0.9,The relation 'is a type of' should be 'subClassOf' as Extracranial Injury is a subclass of Injuries based on the preamble classifications.,1.0,
74,relation,Intensive Care Management,is a type of,Condition,"In many neurointensive care centers, Decompressive craniectomy (DC) is being used in combination with other second/third-tier therapies.",reject,,,,,'Intensive Care Management is a type of Condition' is incorrect; Intensive Care Management is not a medical condition but a management category in neurointensive care.,0.95,,,
75,relation,NIBP,is a type of,Monitoring Data,Mean arterial blood pressure (MAP) and Mean intracranial pressure (ICP),accept_direct,,,,,NIBP is a valid subclass of Monitoring Data as per the preamble's classification of parameters.,0.95,,,
76,relation,Pressure Reactivity Index (PRx),is a type of,Core Monitoring Parameter,Pressure Reactivity Index (PRx) is the moving correlation between mean arterial blood pressure (MAP) and Mean intracranial pressure (ICP).,accept_direct,,,,,Pressure Reactivity Index (PRx) is a subclass of Core Monitoring Parameter as per the preamble's classification of derived parameters.,0.9,,,
77,relation,Hypotension,is treated with,Noradrenaline,the time and dose of a bolus of Noradrenaline,accept_direct,,,,,Hypotension is treated with Noradrenaline is a valid clinical relationship as Noradrenaline is used to increase blood pressure in patients with hypotension.,0.95,,,
78,relation,Cerebral Perfusion Pressure (CPP),targets condition,Respiratory Distress Syndrome,Cerebral Perfusion Pressure (CPP) value to target lies within the range of 50-70 mm Hg.,reject,,,,,"Cerebral Perfusion Pressure (CPP) does not target Respiratory Distress Syndrome; CPP is a parameter related to cerebral blood flow, not a treatment for respiratory conditions.",0.9,,,
79,relation,Traumatic Brain Injury,applies treatment,Osmotics,#2 - Hyperosmolar therapy,accept_indirect,,,,,"Osmotics applies treatment to Traumatic Brain Injury via the therapy class hierarchy; Osmotics is a subclass of Secondary Insult Therapy, which targets TBI.",0.85,,,
80,relation,Cerebrovascular Autoregulation,receives therapy,Cerebral Perfusion Pressure (CPP),the presence (or not) of cerebral autoregulation,revise,4.4,Cerebrovascular Autoregulation,isAssociatedWith,Cerebral Perfusion Pressure,Cerebrovascular Autoregulation should not 'receive therapy'; it is a physiological mechanism. The relation should be changed to 'isAssociatedWith' or similar.,0.85,"Cerebrovascular Autoregulation should not 'receive therapy'; it is a physiological mechanism, so the relation should be 'isAssociatedWith'.",0.9,
81,relation,Intracranial Pressure (ICP),receives therapy,Partial Pressure of Brain Tissue Oxygen,There is a statistically significant (p < 0.001) non-linear effect of Intracranial Pressure (ICP) on Regression model of partial pressure of brain tissue oxygen (PbtO2).,revise,4.4,Intracranial Pressure (ICP),isMonitoredBy,Partial Pressure of Brain Tissue Oxygen,"The relation 'receives therapy' is incorrect; 'Partial Pressure of Brain Tissue Oxygen' is a parameter, not a therapy. It should be replaced with a valid therapy class.",0.7,"The relation 'receives therapy' is incorrect; 'Partial Pressure of Brain Tissue Oxygen' is a parameter that is monitored, not a therapy.",0.9,low_evidence
82,relation,Traumatic Brain Injury,has clinical assessment,GOSe Outcome,Monitoring of Intracranial Pressure (ICP) has also been shown to have better functional outcomes.,accept_indirect,,,,,The relationship 'Traumatic Brain Injury has clinical assessment GOSe Outcome' is valid through the chain: TBI → hasClinicalAssessment → Clinical Assessment → assesses → Outcome.,0.85,,,
83,relation,Partial Pressure of Brain Tissue Oxygen,is measured at,Measurement Time,Partial pressure of brain tissue oxygen over intracranial pressure stratified by days in Intensive Care Unit (ICU),accept_direct,,,,,Partial Pressure of Brain Tissue Oxygen is measured at Measurement Time directly as a physiological parameter and its measurement timing is clinically relevant.,0.9,,,
84,relation,Intracranial Pressure (ICP),receives therapy,PbrO2,an overall increase in Regression model of partial pressure of brain tissue oxygen (PbtO2) of 5.2% for a 10 mmHg increase in Intracranial Pressure (ICP),revise,4.4,Intracranial Pressure (ICP),isMonitoredBy,PbrO2,"The relation 'receives therapy' is incorrect; 'ICP' is a parameter, not a therapy; it should be replaced with a valid therapy class.",0.8,"ICP is a parameter that is monitored, and PbrO2 is a critical measurement for cerebral oxygenation, hence the relation should be isMonitoredBy.",0.9,
85,relation,Partial Pressure of Carbon Dioxide,receives therapy,PbrO2,a decrease of 0.16% from a unit increase in Mean Arterial Pressure (MAP) and a Regression model of partial pressure of brain tissue oxygen (PbtO2) decrease of 0.16% from a unit increase in PaCO2,revise,4.4,Partial Pressure of Carbon Dioxide,hasMonitoringData,PbrO2,"The relation 'receivesTherapy' is incorrect as 'PbrO2' is a monitoring parameter, not a therapy; it should be replaced with a valid therapy class.",0.7,"The relation 'receivesTherapy' is incorrect; 'PbrO2' is a monitoring parameter, so it should be 'hasMonitoringData'.",1.0,low_evidence
86,relation,Intracranial Pressure (ICP),has outcome,Outcome,median extended Glasgow outcome scale of 7.00,accept_direct,,,,,Intracranial Pressure (ICP) hasOutcome Outcome is a valid direct relationship as ICP is a critical parameter influencing patient outcomes.,0.9,,,
87,relation,Intracranial Hypertension,receives therapy,Cerebral Perfusion Pressure (CPP),the impact of autoregulation on Regression model of partial pressure of brain tissue oxygen (PbtO2) cannot be directly assessed.,revise,4.4,Intracranial Hypertension,isMonitoredBy,Cerebral Perfusion Pressure,"Intracranial Hypertension should not 'receive therapy'; it should be replaced with a valid therapy class like 'Cerebral Perfusion Pressure' which is a parameter, not a therapy.",0.7,"Intracranial Hypertension should be monitored by Cerebral Perfusion Pressure, as CPP is a critical parameter for assessing this condition.",0.9,low_evidence
88,relation,Hypotension,is associated with,Traumatic Brain Injury,guarding against hypotensive conditions in Traumatic Brain Injury (TBI) patients.,accept_direct,,,,,Hypotension is associated with Traumatic Brain Injury as both are valid conditions in the neurointensive care context.,0.95,,,
89,relation,Intracranial Hypertension,receives therapy,Traumatic Brain Injury,episodes of increased intracranial pressure (ICP) and worse clinical outcomes,revise,4.3,Intracranial Hypertension,receivesTherapy,Barbiturates,Intracranial Hypertension should be linked to a specific therapy rather than receiving therapy as a condition; revise object to a valid therapy class.,0.85,"Intracranial Hypertension should be linked to a specific therapy like Barbiturates, which is a valid Secondary Insult Therapy.",0.9,
90,relation,Cerebral Perfusion Pressure (CPP),assesses,Intracranial Hypertension,the ability to tolerate elevated intracranial pressures is reduced.,accept_direct,,,,,Cerebral Perfusion Pressure (CPP) assesses Intracranial Hypertension directly as CPP is critical for evaluating secondary injury risk in TBI patients.,0.9,,,
91,relation,Cerebral Perfusion Pressure (CPP),is associated with,Intracranial Pressure (ICP),Role of Cerebral Perfusion Pressure (CPP),accept_direct,,,,,"Cerebral Perfusion Pressure (CPP) is associated with Intracranial Pressure (ICP) as both are critical parameters in neurological assessments, confirming a direct relationship.",0.9,,,
92,relation,Intracranial Pressure (ICP),associated with condition,Mortality,"when Cerebral Perfusion Pressure (CPP) was below 50 mmHg, almost all The BESTIntracranial pressure (ICP) insults were associated with worse outcome",accept_direct,,,,,"Intracranial Pressure (ICP) is clinically associated with Mortality, as elevated ICP can lead to worse outcomes, including death.",0.9,,,
93,relation,Intracranial Pressure (ICP),predicts outcome,Outcome Score,"Above 20 mmHg, the vast majority of insults are clearly deleterious with the exception of those lasting less than 37 min in adults.",accept_indirect,,,,,"Intracranial Pressure (ICP) indirectly affects Outcome Score through its influence on cerebral perfusion, which is a critical factor in neurological assessments.",0.7,,,low_evidence
94,relation,Mean Arterial Pressure (MAP),triggers intervention,Hypotension,our analysis shows that most events are triggered by a drop in mean arterial pressure.,accept_direct,,,,,"Mean Arterial Pressure (MAP) triggers intervention for Hypotension, as a drop in MAP is clinically recognized to lead to interventions for low blood pressure.",0.9,,,
95,relation,Brain Injury,has monitoring data,Arterial Hypotension,The brain monitoring with information technology (BrainIT) database contains 199 patients,reject,,,,,The relation 'has monitoring data' does not hold between 'Brain Injury' and 'Arterial Hypotension'; these classes are not directly related in the context of monitoring data.,0.9,,,
96,relation,Hypotension,relates to clinical outcome,Brain Injury,arterial hypotension consistently relate to clinical outcome,accept_direct,,,,,"Hypotension relates to clinical outcome as it can lead to poor outcomes in patients with Brain Injury, establishing a direct relationship between the two classes.",0.9,,,
97,relation,Dsg,has monitoring data,Hypotensive,to scan the BrainIT database for hypotensive events;,revise,4.4,Dsg,isMonitoredBy,Hypotensive,"The relation 'has monitoring data' should be 'isMonitoredBy' as Dsg is a Java application monitoring hypotensive events, not a monitoring data itself.",0.9,"The relation 'has monitoring data' should be 'isMonitoredBy' as Dsg monitors hypotensive events, not data itself.",1.0,
98,relation,Secondary Insult Grades,defines,Hypotensive,the Edinburgh University Secondary Insult Grades (EUSIG) definition.,accept_indirect,,,,,"Secondary Insult Grades defines Hypotensive indirectly through the classification of hypotensive events, which are a type of Secondary Insult.",0.8,,,
99,relation,Cerebral Perfusion Pressure (CPP),calculates,Mean Arterial Pressure (MAP),"which uses cerebral perfusion pressure (CPP), which of course uses Java-Based Software BPm in its calculation.",accept_direct,,,,,Cerebral Perfusion Pressure (CPP) calculates Mean Arterial Pressure (MAP) directly as CPP is derived from MAP in clinical assessments.,0.9,,,
100,relation,Intracranial Pressure (ICP),receives therapy,Outcome,Impact of Intracranial Pressure (ICP) instability and hypotension on outcome in patients with severe head trauma.,revise,4.4,Intracranial Pressure (ICP),isMonitoredBy,Outcome,The relation 'receives therapy' is incorrect as 'Outcome' is not a therapy; it should be replaced with a valid therapy class like 'Baseline Therapy'.,0.9,The relation 'receives therapy' is incorrect; 'Outcome' should be connected via 'isMonitoredBy' as it reflects monitoring of ICP.,0.9,
101,relation,Cerebral Perfusion Pressure (CPP),is measured by,Mean Arterial Pressure (MAP),its role in calculating Cerebral Perfusion Pressure (CPP),accept_indirect,,,,,"Cerebral Perfusion Pressure (CPP) is calculated from Mean Arterial Pressure (MAP) via the relation 'calculatesFrom', making the relationship indirect.",0.7,,,low_evidence
102,relation,Treatment Data,informs,Clinical Practice,Accurate and comprehensive treatment data,accept_indirect,,,,,"Treatment Data informs Clinical Practice indirectly through the application of treatment knowledge in patient care, connecting via the broader concept of therapy.",0.85,,,
103,relation,Clinical Reminders,enhances,Guideline Adherence,clinical reminders (automated interventions),accept_direct,,,,,Clinical Reminders enhances Guideline Adherence as it directly supports adherence to clinical guidelines through automated notifications.,0.95,,,
104,relation,Guideline Adherence,has outcome,Outcome,Several studies have been conducted that show dropping mortality rates and improved long-term outcomes since the adoption and spread of use of these guidelines.,accept_direct,,,,,"Guideline Adherence hasOutcome Outcome is a valid relationship as both classes are defined in the BrainIT ontology, linking adherence to clinical outcomes.",0.9,,,
105,relation,Guideline Adherence,is measured by,Clinical Practice,"This work attempts to leverage those advantages by providing a 'near real-time' ability to monitor clinical guideline adherence, as well as providing measurable quantitative feedback.",revise,4.9,Guideline Adherence,subClassOf,Clinical Practice,The relation 'is measured by' should be replaced with 'isATypeOf' as 'Guideline Adherence' is a type of 'Clinical Practice'.,0.85,The relation 'is measured by' should be 'subClassOf' as 'Guideline Adherence' is a type of 'Clinical Practice'.,1.0,
106,relation,Heart Failure,is treated with,Guideline Adherence,"There are many reasons for non-adherence, but these can be broken down into two broad categories: being unwilling to adhere to a guideline and being unable to adhere.",reject,,,,,Heart Failure is not treated with Guideline Adherence; the relationship does not hold between these classes as one is a condition and the other pertains to clinical practice.,0.9,,,
107,relation,EUSIG Grade,is a type of,Secondary Insult Grades,the classification of pressure events using Edinburgh University Secondary Insult Grades (EUSIG) parameters has a well-established precedent,reject,,,,,EUSIG Grade and Secondary Insult Grades do not have a direct or indirect relationship; EUSIG Grade is not a subclass or type of Secondary Insult Grades.,0.9,,,
108,relation,Heart Rate,has monitoring data,Monitoring Data,Heart Rate (specifying source: Electrocardiogram (ECG) or Pulse Oximetry),accept_direct,,,,,"Heart Rate is a Core Monitoring Parameter and Monitoring Data is the class for all monitored values, establishing a direct relationship.",0.9,,,
109,relation,Respiration Rate,has monitoring data,Impedance Plethmography,Respiration Rate (sources: impedance plethmography or ventilator),accept_direct,,,,,"Respiration Rate is a Core Monitoring Parameter and Impedance Plethmography is a method of monitoring; thus, the relationship holds directly.",0.95,,,
110,relation,Respiration Rate,has monitoring data,Ventilator,Respiration Rate (sources: impedance plethmography or ventilator),accept_direct,,,,,Respiration Rate is a Core Monitoring Parameter and Ventilator is a Monitoring Data class; the relation holds directly as per the hierarchical structure in the preamble.,0.9,,,
111,relation,Mean Arterial Pressure (MAP),has monitoring data,Monitoring Data,Mean Arterial Pressure,accept_direct,,,,,Mean Arterial Pressure (MAP) is a Core Monitoring Parameter and thus directly hasMonitoringData Monitoring Data as per the hierarchical structure in the preamble.,0.95,,,
112,relation,SaO2,has monitoring data,Monitoring Data,Pulse Oximetry (SaO2),accept_direct,,,,,"SaO2 is a Core Monitoring Parameter and Monitoring Data is the class for all monitored values, establishing a direct hierarchical relationship.",0.95,,,
113,relation,Temperature,has monitoring data,Monitoring Data,Temperature (sources: rectal=oesophageal= bladder=skin),accept_direct,,,,,"Temperature hasMonitoringData Monitoring Data is valid as Temperature is a physiological parameter that is monitored, fitting the hierarchical relationship.",0.95,,,
114,relation,EtCO2,has monitoring data,Monitoring Data,End-Tidal CO2 (EtCO2),accept_direct,,,,,EtCO2 is a Core Monitoring Parameter and Monitoring Data is its hierarchical parent class; the relationship is direct and valid.,0.95,,,
115,relation,Jugular Venous Oxygen Saturation,has monitoring data,Monitoring Data,Jugular Venous Oxygen Saturation (SjO2),accept_direct,,,,,Jugular Venous Oxygen Saturation is a specific parameter that falls under the category of Monitoring Data as per the preamble.,0.95,,,
116,relation,Transcranial Doppler,has monitoring data,Monitoring Data,Transcranial Doppler (TCD),accept_direct,,,,,"Transcranial Doppler is a specific method of monitoring data, thus the relationship 'has monitoring data' directly holds between them.",0.95,,,
117,relation,PbrO2,has monitoring data,Monitoring Data,Brain Tissue Oxygen (PbrO2),accept_direct,,,,,"PbrO2 is a Core Monitoring Parameter and is classified under Monitoring Data in the preamble, making the relationship hierarchical.",0.95,,,
118,relation,GCS Assessment,has monitoring data,Monitoring Data,Glasgow Coma Scale (GCS) scores,accept_direct,,,,,GCS Assessment hasMonitoringData Monitoring Data is correct as GCS Assessment is a clinical assessment that utilizes monitoring data to evaluate neurological status.,0.9,,,
119,relation,Hypotension,targets condition,Vasopressors,arterial pressors may be given to treat systemic hypotension,accept_direct,,,,,Hypotension targets condition Vasopressors is clinically valid as vasopressors are used to treat hypotension.,0.95,,,
120,relation,Intracranial Pressure (ICP),targets condition,Vasopressors,to treat reduced cerebral perfusion pressure (CPP) secondary to raised Intracranial Pressure (ICP),accept_indirect,,,,,"Intracranial Pressure influences cerebral perfusion, which is related to the use of Vasopressors in treating conditions like hypotension; thus, the relationship holds indirectly.",0.7,,,low_evidence
121,relation,Cerebral Perfusion Pressure (CPP),receives therapy,Respiratory Distress Syndrome,"aggressive management of Cerebral Perfusion Pressure (CPP) > 70 mmHg, although reducing the incidence of jugular venous desaturations < 50%, increased the incidence of acute respiratory distress syndrome and worsened neurological outcome.",revise,4.4,Cerebral Perfusion Pressure,isInfluencedBy,Respiratory Distress Syndrome,Cerebral Perfusion Pressure (CPP) does not receive therapy; it is a parameter that is influenced by therapies for conditions like Respiratory Distress Syndrome.,0.7,"Cerebral Perfusion Pressure is influenced by therapies for conditions like Respiratory Distress Syndrome, so the relation should be isInfluencedBy.",0.9,low_evidence
122,relation,Brain Injury,has monitoring data,Monitoring Data,"collection of admission, monitoring, treatment and outcome data from patients with brain injury.",accept_direct,,,,,Brain Injury hasMonitoringData Monitoring Data is valid as monitoring data is collected for patients with brain injury.,0.95,,,
123,relation,Brain Injury,has outcome,Outcome Data,"collection of admission, monitoring, treatment and outcome data from patients with brain injury.",accept_indirect,,,,,The relationship 'Brain Injury has outcome Outcome Data' is valid via 'Brain Injury affects Outcome' and 'Outcome Data is a type of Outcome'.,0.7,,,low_evidence
124,relation,Brain Injury,is managed by,Management,"aid health authorities to monitor, maintain and raise intra and trans-national standards in the management of patients with brain injury.",revise,4.4,Brain Injury,receivesTherapy,Management,The relation 'is managed by' should be replaced with 'receivesTherapy' as 'Management' does not fit the class structure; 'Brain Injury' receives therapy for treatment.,0.9,The relation 'is managed by' should be 'receivesTherapy' as 'Management' refers to the treatment process for 'Brain Injury'.,0.9,
125,relation,Patient,has monitoring data,Observation,pd:Patient as a ssn:FeatureOfInterest,accept_direct,,,,,Patient hasMonitoringData Observation is valid as Patient receives observations related to monitoring data in neurointensive care.,0.9,,,
126,relation,Timepoint,is associated with,Reading,Each Timepoint is associated with a set of Readings,accept_direct,,,,,"Timepoint is associated with Reading as each Timepoint is linked to a set of Readings, confirming the direct relationship.",0.9,,,
127,relation,Sensor,produced by sensor,Reading,the machines/sensors that produced them,accept_direct,,,,,The relation 'produced by sensor' directly connects 'Sensor' and 'Reading' as sensors produce readings of physiological parameters.,0.9,,,
128,relation,Sepsis,is associated with,Outcome Data,Improving the standards and resolution for multicentre data collection will also impact upon the assessment of new medical technology of relevance to the medical device industry.,accept_indirect,,,,,Sepsis is a Condition that affects Outcome Data indirectly through its impact on patient health; the relationship is valid via a chain of intermediate concepts.,0.85,,,
129,relation,Arterial Pressors,targets condition,Arterial Hypotension,targets condition(Hypotension → Vasopressors),accept_direct,,,,,"Arterial Pressors targets Condition Arterial Hypotension, as arterial pressure agents are used to treat low blood pressure in head-injured patients.",0.9,,,
130,relation,Clinical Research Form,has clinical assessment,Clinical Assessment,has clinical assessment(Patient → Clinical Assessment),accept_direct,,,,,The relationship 'Clinical Research Form has clinical assessment Clinical Assessment' is valid as Clinical Assessment is a structured evaluation performed during ICU stay.,0.95,,,
131,relation,End-tidal Carbon Dioxide,has monitoring data,Monitoring Data,has monitoring data(EtCO2 → Monitoring Data),accept_direct,,,,,"End-tidal Carbon Dioxide is a specific measurement that falls under the Monitoring Data class, confirming the direct relationship.",0.95,,,
132,relation,Error,is associated with,Monitoring Data,monitoring indicates condition(Monitoring Data → Condition),accept_direct,,,,,"Error is associated with Monitoring Data, as monitoring data is crucial for identifying errors in recorded medical data.",0.9,,,
133,relation,Injuries,has outcome,Outcome Data,has outcome(Brain Injury → Outcome Data),revise,4.4,Injuries,affectsOutcome,Outcome Data,The relation 'has outcome' should be 'affectsOutcome' as it connects 'Injuries' to 'Outcome Data' in a clinically valid manner.,0.9,The relation 'has outcome' should be 'affectsOutcome' as it connects 'Injuries' to 'Outcome Data' in a clinically valid manner.,1.0,
134,relation,Intensive Care Management,is managed by,Management,is managed by(Brain Injury → Management),reject,,,,,The relationship 'is managed by' does not hold between 'Intensive Care Management' and 'Management'; they are not directly related classes in the context of neurointensive care.,0.9,,,
135,relation,NIBP,has monitoring data,Monitoring Data,has monitoring data(Mean Arterial Pressure → Monitoring Data),accept_direct,,,,,"NIBP is an optional monitoring parameter and Monitoring Data is the class for all monitored values, establishing a direct relationship.",0.95,,,
136,relation,Provenance,has monitoring data,Monitoring Data,has monitoring data(Patient → Monitoring Data),accept_direct,,,,,Provenance hasMonitoringData Monitoring Data is a valid direct relationship as Monitoring Data is collected from patients to assess physiological parameters.,0.9,,,
137,relation,Substance Abuse,targets condition,Condition,targets condition(Hypotension → Vasopressors),reject,,,,,Substance Abuse does not target Condition as defined; Condition is too generic and does not specifically relate to substance abuse effects.,0.7,,,low_evidence
138,relation,Adverse Event,is associated with,Clinical Outcome,[inferred] cluster completion,accept_direct,,,,,"Adverse Event is associated with Clinical Outcome as both are valid classes in the neurointensive care context, reflecting a direct relationship between undesirable experiences and patient health status.",0.95,,,
139,relation,Clinical Outcome,affects outcome,Adverse Event,[inferred] cluster completion,accept_direct,,,,,ClinicalOutcome affectsOutcome AdverseEvent is a valid relationship as adverse events can impact clinical outcomes in neurointensive care.,0.9,,,
140,relation,Clinical Reminders,triggers intervention,Patient Interventions,[inferred] cluster completion,revise,4.4,Clinical Reminders,hasNursingIntervention,Patient Interventions,The relation 'triggers intervention' does not fit; 'Clinical Reminders' should 'hasNursingIntervention' or 'isAssociatedWith' 'Patient Interventions' instead.,0.85,The relation 'triggers intervention' should be 'hasNursingIntervention' to correctly connect Clinical Reminders with Patient Interventions.,1.0,
141,relation,Clinical Research Form,has monitoring data,Monitoring Data,[inferred] cluster completion,accept_direct,,,,,"Clinical Research Form hasMonitoringData Monitoring Data is a direct relationship as the form records data collected from patients, which is classified under Monitoring Data.",0.9,,,
142,relation,Data Quality Assessment,assesses,Physiological Data,[inferred] cluster completion,accept_indirect,,,,,Data Quality Assessment assesses Physiological Data indirectly through the chain: DQA → assesses → Reading → measuresParameter → Physiological Data.,0.85,,,
143,relation,Error,is related to,Monitoring Data,[inferred] cluster completion,accept_indirect,,,,,Error is related to Monitoring Data via the chain: Error → affects Outcome → hasMonitoringData → Monitoring Data.,0.7,,,low_evidence
144,relation,Injuries,is a risk factor for,Adverse Event,[inferred] cluster completion,accept_indirect,,,,,"Injuries is a subclass of Condition, which is associated with Adverse Event via the risk factor relationship; thus, the triple holds indirectly.",0.85,,,
145,relation,Monitoring Data,has quality assessment,Data Quality Assessment,[inferred] cluster completion,accept_direct,,,,,MonitoringData hasQualityAssessment DataQualityAssessment is a valid relationship as per the domain context.,0.9,,,
146,relation,Outcome Data,is related to,Clinical Outcome,[inferred] cluster completion,accept_direct,,,,,Outcome Data is directly related to Clinical Outcome as both pertain to results of medical treatment in neurointensive care.,0.9,,,
147,relation,Patient Interventions,is administered during,Therapy,[inferred] cluster completion,reject,,,,,"The relation 'is administered during' does not hold between 'Patient Interventions' and 'Therapy'; interventions are actions taken within the context of therapy, not administered during it.",0.9,,,
148,relation,Physiological Data,is monitored by,Monitoring Data,[inferred] cluster completion,accept_direct,,,,,"Physiological Data is monitored by Monitoring Data, which is a direct relationship as both classes are defined in the preamble.",0.95,,,
149,relation,Possible Error,is associated with,Monitoring Data,[inferred] cluster completion,accept_direct,,,,,"Possible Error is associated with Monitoring Data as it reflects readings outside acceptable ranges, which are part of monitoring data in neurointensive care.",0.9,,,
150,relation,Probable Error,is associated with,Monitoring Data,[inferred] cluster completion,accept_direct,,,,,Probable Error is associated with Monitoring Data as it reflects the quality of physiological readings collected during treatment.,0.9,,,
151,relation,Substance Abuse,is a risk factor for,Injuries,[inferred] cluster completion,reject,,,,,Substance Abuse is not a recognized class in the BrainIT ontology; the relationship to Injuries does not hold as defined in the neurointensive care context.,0.7,,,low_evidence
152,relation,Treatment Data,is related to,Patient Interventions,[inferred] cluster completion,accept_direct,,,,,Treatment Data is related to Patient Interventions as both pertain to actions taken in neurointensive care to improve patient outcomes.,0.9,,,
153,relation,Acute Respiratory Distress Syndrome,is associated with,Sepsis,[inferred] cluster completion,accept_direct,,,,,"Acute Respiratory Distress Syndrome is associated with Sepsis, as both are recognized conditions in the neurointensive care context.",0.9,,,
154,relation,Acute Respiratory Distress Syndrome,affects outcome,Respiratory Distress Syndrome,[inferred] cluster completion,reject,,,,,The relationship 'affects outcome' does not hold between 'Acute Respiratory Distress Syndrome' and 'Respiratory Distress Syndrome' as they are not distinct classes; both refer to the same condition.,0.7,,,low_evidence
155,relation,Adrenaline,is treated with,Hypotension,[inferred] cluster completion,accept_direct,,,,,"Adrenaline is used in the treatment of Hypotension, which is a valid condition in the neurointensive care context.",0.9,,,
156,relation,Adrenaline,is influenced by,Noradrenaline,[inferred] cluster completion,reject,,,,,"The relationship 'is influenced by' does not hold between 'Adrenaline' and 'Noradrenaline' as they are both neurotransmitters, not in a direct influence relationship.",0.85,,,
157,relation,Arterial Hypotension,is a risk factor for,Septic Shock,[inferred] cluster completion,accept_direct,,,,,"Arterial Hypotension is a risk factor for Septic Shock, which is clinically valid in neurointensive care contexts.",0.9,,,
158,relation,Arterial Hypotension,is associated with,Heart Failure,[inferred] cluster completion,reject,,,,,Arterial Hypotension and Heart Failure are not directly associated in the neurointensive care context; the relationship does not hold clinically or semantically.,0.85,,,
159,relation,Arterial Pressors,is administered during,Hypotension,[inferred] cluster completion,accept_direct,,,,,"Arterial Pressors is a subclass of Secondary Insult Therapy, and Hypotension is a subclass of Condition; the relationship holds directly as arterial pressors are administered during hypotension.",0.9,,,
160,relation,Heart Failure,is related to,Hypertension,[inferred] cluster completion,accept_indirect,,,,,"Heart Failure is related to Hypertension via Condition, as both are subclasses of Condition and can influence each other clinically.",0.85,,,
161,relation,Heart Failure,affects outcome,Sepsis,[inferred] cluster completion,reject,,,,,Heart Failure does not directly affect Sepsis; they are distinct conditions without a direct causal relationship in the neurointensive care context.,0.9,,,
162,relation,Hypertension,is a risk factor for,Heart Failure,[inferred] cluster completion,accept_direct,,,,,"Hypertension is a condition that is clinically recognized as a risk factor for Heart Failure, aligning with the domain context.",0.95,,,
163,relation,Hypertension,is associated with,Acute Respiratory Distress Syndrome,[inferred] cluster completion,accept_indirect,,,,,Hypertension is associated with Acute Respiratory Distress Syndrome through the chain: Hypertension affects Outcome → Acute Respiratory Distress Syndrome is an Outcome.,0.7,,,low_evidence
164,relation,Hypotension,is a risk factor for,Septic Shock,[inferred] cluster completion,accept_direct,,,,,"Hypotension is a condition that can lead to Septic Shock, which is a severe condition resulting from infection; the relationship is clinically valid.",0.95,,,
165,relation,Hypotension,is treated with,Vasopressors,[inferred] cluster completion,accept_direct,,,,,Hypotension is treated with Vasopressors is a valid direct relationship in critical care as Vasopressors are used to manage low blood pressure.,0.9,,,
166,relation,Mean Arterial Pressure (MAP),is monitored by,Hypotension,[inferred] cluster completion,reject,,,,,"'Mean Arterial Pressure (MAP) is monitored by Hypotension' is incorrect; MAP is a parameter, not a monitoring method, thus failing the role-type check for 'isMonitoredBy'.",0.95,,,
167,relation,Noradrenaline,is treated with,Hypotension,[inferred] cluster completion,accept_direct,,,,,"Noradrenaline is used to treat Hypotension, which is a valid relationship in neurointensive care.",0.95,,,
168,relation,Noradrenaline,is influenced by,Adrenaline,[inferred] cluster completion,reject,,,,,Noradrenaline and Adrenaline are not classified as subclasses or directly related in the BrainIT ontology; the relationship does not hold clinically or semantically.,0.9,,,
169,relation,Respiratory Distress Syndrome,worsens,Acute Respiratory Distress Syndrome,[inferred] cluster completion,reject,,,,,Respiratory Distress Syndrome and Acute Respiratory Distress Syndrome are not directly related as one does not worsen the other; they are distinct conditions.,0.7,,,low_evidence
170,relation,Sepsis,is associated with,Hypotension,[inferred] cluster completion,accept_direct,,,,,"Sepsis is associated with Hypotension as both are valid subclasses of Condition, and the relationship is clinically correct.",0.9,,,
171,relation,Septic Shock,is a risk factor for,Hypotension,[inferred] cluster completion,accept_direct,,,,,"Septic Shock is a condition that can lead to Hypotension, making it a valid risk factor relationship.",0.9,,,
172,relation,Vasopressors,is administered during,Hypotension,[inferred] cluster completion,accept_direct,,,,,Vasopressors is administered during Hypotension is a clinically valid relationship as vasopressors are used to treat low blood pressure in critical care settings.,0.95,,,
173,relation,Brain Injury,is a risk factor for,Traumatic Brain Injury,[inferred] cluster completion,accept_direct,,,,,"Brain Injury is a subclass of Condition and Traumatic Brain Injury is a subclass of Brain Injury, making the relation valid directly.",0.95,,,
174,relation,Brain Injury,affects outcome,Mortality,[inferred] cluster completion,accept_direct,,,,,"Brain Injury affects Outcome is valid as brain injuries can lead to mortality, which is an outcome measure in clinical studies.",0.9,,,
175,relation,Cranial Injuries,is associated with,Brain Injury,[inferred] cluster completion,accept_direct,,,,,Cranial Injuries is associated with Brain Injury as both are valid subclasses of injury types related to trauma in the neurointensive care context.,0.9,,,
176,relation,Demographic Data,has demographic data,Patient,[inferred] cluster completion,revise,4.6,Patient,hasDemographicData,Demographic,The relation 'has demographic data' should be 'hasDemographicData' as per BrainIT ontology conventions; 'Demographic Data' is not a class but a description of the data collected.,0.85,The relation 'has demographic data' should be 'hasDemographicData' as per BrainIT ontology conventions.,1.0,
177,relation,Extracranial Injury,is related to,Brain Injury,[inferred] cluster completion,accept_direct,,,,,"Extracranial Injury is related to Brain Injury as both are valid classes in the neurointensive care domain, with Extracranial Injury potentially complicating Brain Injury management.",0.9,,,
178,relation,Guideline Adherence,calculates,Guideline,[inferred] cluster completion,revise,4.4,Guideline Adherence,isRelatedTo,Guideline,"The relation 'calculates' is not appropriate; 'Guideline Adherence' should 'isRelatedTo' 'Guideline' instead, as it pertains to adherence rather than calculation.",0.9,"The relation 'calculates' is inappropriate; 'Guideline Adherence' should 'isRelatedTo' 'Guideline' as it pertains to adherence, not calculation.",1.0,
179,relation,Head Injury,is associated with,Brain Injury,[inferred] cluster completion,accept_direct,,,,,"Head Injury is associated with Brain Injury as both are valid subclasses of Brain Injury, confirming the relationship directly.",0.9,,,
180,relation,Head Trauma,is monitored by,Mortality,[inferred] cluster completion,reject,,,,,"The relationship 'Head Trauma is monitored by Mortality' is clinically implausible; mortality is an outcome, not a monitoring method or parameter.",0.9,,,
181,relation,Mortality,affects outcome,Traumatic Brain Injury,[inferred] cluster completion,accept_direct,,,,,Mortality affects outcome is a valid relationship as mortality is a direct outcome of Traumatic Brain Injury.,0.9,,,
182,relation,Neurological Injury,is a risk factor for,Traumatic Brain Injury,[inferred] cluster completion,accept_direct,,,,,"Neurological Injury is a subclass of Brain Injury, which is a valid class; Traumatic Brain Injury is a subclass of Brain Injury, making the relationship valid as a risk factor.",0.9,,,
183,relation,Patient,receives therapy,Traumatic Brain Injury,[inferred] cluster completion,revise,4.4,Patient,isTreatedWith,Baseline Therapy,"The object 'Traumatic Brain Injury' should be replaced with a specific therapy class, as 'receivesTherapy' requires a therapy type, not a condition.",0.85,The relation 'receives therapy' should be 'isTreatedWith' to correctly connect Patient with a specific therapy type as per the preamble.,0.9,
184,relation,Traumatic Brain Injury,is influenced by,Guideline,[inferred] cluster completion,accept_indirect,,,,,'Traumatic Brain Injury is influenced by Guideline' is valid via 'Guideline informs Clinical Practice' and 'Clinical Practice influences Treatment decisions for Traumatic Brain Injury'.,0.7,,,low_evidence
185,relation,Traumatic Intracranial Hypertension,is a condition of,Head Trauma,[inferred] cluster completion,accept_direct,,,,,"Traumatic Intracranial Hypertension is a subclass of Secondary Insult, which is a subclass of Condition; thus the relationship holds directly.",0.9,,,
186,relation,Anterior Fossa Repair,has surgical procedure,Surgical Procedure,[inferred] cluster completion,accept_direct,,,,,Anterior Fossa Repair has surgical procedure Surgical Procedure is valid as it directly relates to the surgical procedure performed on the patient during ICU stay.,0.9,,,
187,relation,CT Scan Assessment,assesses,Clinical Assessment,[inferred] cluster completion,accept_direct,,,,,CT Scan Assessment assesses Clinical Assessment as a valid relationship in the context of structured clinical evaluations in neurointensive care.,0.9,,,
188,relation,Clinical Assessment,has outcome,Coma,[inferred] cluster completion,accept_indirect,,,,,Clinical Assessment indirectly relates to Coma via the outcome assessment process in neurointensive care.,0.7,,,low_evidence
189,relation,Coma,is associated with,Clinical Assessment,[inferred] cluster completion,accept_direct,,,,,Coma is associated with Clinical Assessment as structured evaluations are performed on patients in a coma during ICU stays.,0.9,,,
190,relation,Extra Ventricular Drain Placement,has surgical procedure,Surgical Procedure,[inferred] cluster completion,accept_direct,,,,,Extra Ventricular Drain Placement has surgical procedure Surgical Procedure is a valid direct relationship in the context of neurointensive care.,0.9,,,
191,relation,Intensive Care Management,has monitoring data,Laboratory Values,[inferred] cluster completion,accept_indirect,,,,,Intensive Care Management indirectly hasMonitoringData Laboratory Values via the relationship of monitoring data to laboratory tests in ICU management.,0.7,,,low_evidence
192,relation,Laboratory Values,is monitored by,Intensive Care Management,[inferred] cluster completion,reject,,,,,'Laboratory Values is monitored by Intensive Care Management' is incorrect; monitoring data does not directly relate to management data in this context.,0.9,,,
193,relation,Nursing Intervention,has nursing intervention,Routine Nursing Care,[inferred] cluster completion,accept_direct,,,,,"Routine Nursing Care is a subclass of Nursing Intervention, and the relation 'has nursing intervention' correctly connects them directly.",0.9,,,
194,relation,Physiotherapy,receives therapy,Nursing Intervention,[inferred] cluster completion,revise,4.4,Physiotherapy,hasNursingIntervention,Nursing Intervention,"Physiotherapy is a Nursing Intervention, not a Therapy; the relation 'receives therapy' is incorrectly applied here.",0.9,"Physiotherapy is a Nursing Intervention, so the relation should be hasNursingIntervention instead of receives therapy.",1.0,
195,relation,Transcranial Doppler,measures parameter,Laboratory Values,[inferred] cluster completion,revise,4.4,Transcranial Doppler,isMonitoredBy,Laboratory Values,"Transcranial Doppler measures a physiological parameter, not a laboratory value; the relation should be 'isMonitoredBy' or similar to reflect this.",0.85,"Transcranial Doppler measures a physiological parameter, so it should be related to Laboratory Values via isMonitoredBy instead of measures parameter.",1.0,
196,relation,Barbiturates,is administered during,Management,[inferred] cluster completion,revise,4.4,Barbiturates,isAdministeredDuring,Management,Barbiturates is a subclass of Secondary Insult Therapy; the relation should be 'isAdministeredDuring' Management instead of 'is administered during'.,0.9,The relation should be 'isAdministeredDuring' instead of 'is administered during' as per the BrainIT conventions.,1.0,
197,relation,Cerebrovascular Autoregulation,affects outcome,Partial Pressure of Brain Tissue Oxygen,[inferred] cluster completion,accept_indirect,,,,,"Cerebrovascular Autoregulation affects outcome indirectly through its influence on Partial Pressure of Brain Tissue Oxygen, which is a physiological parameter related to outcomes in TBI.",0.7,,,low_evidence
198,relation,Condition,is related to,Hypoperfusion,[inferred] cluster completion,accept_indirect,,,,,"Condition is related to Hypoperfusion via the pathway: Condition → affectsOutcome → Hypoperfusion, making the relationship true through intermediate concepts.",0.8,,,
199,relation,Decompressive Craniectomy,has surgical procedure,Evacuation of Mass Lesion,[inferred] cluster completion,revise,4.4,Decompressive Craniectomy,isAProcedureFor,Evacuation of Mass Lesion,The relation 'has surgical procedure' should be 'isAProcedureFor' as 'Decompressive Craniectomy' is a type of 'Surgical Procedure' related to 'Evacuation of Mass Lesion'.,0.9,The relation 'has surgical procedure' should be 'isAProcedureFor' as 'Decompressive Craniectomy' is a type of surgical procedure related to 'Evacuation of Mass Lesion'.,1.0,
200,relation,Hypoperfusion,is a risk factor for,Condition,[inferred] cluster completion,reject,,,,,Hypoperfusion is not a recognized risk factor for 'Condition' as defined; it is too vague and does not specifically relate to a type of stroke.,0.7,,,low_evidence
201,relation,Hypothermia Therapy,reduces,Partial Pressure of Brain Tissue Oxygen,[inferred] cluster completion,accept_direct,,,,,Hypothermia Therapy reduces Partial Pressure of Brain Tissue Oxygen is a valid relationship as therapy can influence physiological parameters in TBI management.,0.9,,,
202,relation,Jugular Venous Desaturation,is associated with,Jugular Venous Oxygen Saturation,[inferred] cluster completion,accept_direct,,,,,"Jugular Venous Desaturation is associated with Jugular Venous Oxygen Saturation, both relevant to cerebral oxygenation in TBI patients.",0.9,,,
203,relation,Jugular Venous Oxygen Saturation,assesses,Hypoperfusion,[inferred] cluster completion,accept_direct,,,,,Jugular Venous Oxygen Saturation assesses Hypoperfusion as it directly evaluates cerebral oxygenation related to blood flow to the brain.,0.9,,,
204,relation,Management,is influenced by,Baseline Therapy,[inferred] cluster completion,revise,4.4,Management,affectsOutcome,Baseline Therapy,The relation 'is influenced by' should be replaced with 'affectsOutcome' as Baseline Therapy directly affects Management in neurointensive care.,0.85,The relation 'is influenced by' should be 'affectsOutcome' as Baseline Therapy directly affects Management in neurointensive care.,1.0,
205,relation,Partial Pressure of Brain Tissue Oxygen,is monitored by,Jugular Venous Oxygen Saturation,[inferred] cluster completion,accept_indirect,,,,,Partial Pressure of Brain Tissue Oxygen is indirectly related to Jugular Venous Oxygen Saturation through the monitoring of cerebral oxygenation and metabolic activity.,0.8,,,
206,relation,PbrO2,measures parameter,Partial Pressure of Brain Tissue Oxygen,[inferred] cluster completion,accept_direct,,,,,"PbrO2 measures the Partial Pressure of Brain Tissue Oxygen, which is a valid physiological parameter in the neurointensive care context.",0.9,,,
207,relation,SaO2,is measured by,Jugular Venous Oxygen Saturation,[inferred] cluster completion,accept_indirect,,,,,SaO2 is measured by Jugular Venous Oxygen Saturation through the physiological observation chain; both are related to oxygen saturation measurements.,0.7,,,low_evidence
208,relation,Secondary Brain Injury,worsens,Secondary Insult,[inferred] cluster completion,accept_direct,,,,,Secondary Brain Injury worsens Secondary Insult is clinically valid as both are related to complications in TBI patients.,0.9,,,
209,relation,Secondary Insult,is influenced by,Secondary Brain Injury,[inferred] cluster completion,reject,,,,,The relationship 'is influenced by' does not hold between 'Secondary Insult' and 'Secondary Brain Injury'; they are not directly related in the context of neurointensive care.,0.9,,,
210,relation,Secondary Insult Grades,defines,Secondary Insult,[inferred] cluster completion,revise,4.4,Secondary Insult Grades,isAConditionOf,Secondary Insult,The relation 'defines' should be replaced with 'isAConditionOf' as 'Secondary Insult Grades' classifies 'Secondary Insult' events.,0.85,The relation 'defines' should be replaced with 'isAConditionOf' as 'Secondary Insult Grades' classifies 'Secondary Insult' events.,1.0,
211,relation,Secondary Insult Therapy,is treated with,Secondary Insult Treatment,[inferred] cluster completion,revise,4.4,Secondary Insult Therapy,receivesTherapy,Secondary Insult Treatment,"The relation 'is treated with' should be 'receivesTherapy' as 'Secondary Insult Treatment' is a therapy class, not a treatment.",0.85,The relation 'is treated with' should be 'receivesTherapy' as 'Secondary Insult Treatment' is a therapy class.,1.0,
212,relation,Derived Parameter,has monitoring data,Parameter,[inferred] cluster completion,accept_direct,,,,,Derived Parameter has monitoring data Parameter is a valid relationship as Derived Parameters are computed from measured Parameters in monitoring contexts.,0.9,,,
213,relation,Heart Rate,is monitored by,Sensor,[inferred] cluster completion,accept_direct,,,,,Heart Rate is monitored by Sensor is a direct and valid relationship as per the domain context.,0.95,,,
214,relation,Machine,produced by sensor,Sensor,[inferred] cluster completion,accept_direct,,,,,"Machine is a subclass of Sensor, and the relation 'produced by' is valid between them as per the domain context.",0.9,,,
215,relation,Measurement Time,has timepoint,Timepoint,[inferred] cluster completion,accept_direct,,,,,Measurement Time has timepoint Timepoint is a valid direct relationship as both classes are defined in the context of monitoring time-series data.,0.9,,,
216,relation,NIBP,has monitoring data,Parameter,[inferred] cluster completion,accept_direct,,,,,"NIBP is an Optional Monitoring Parameter, which is a subclass of Monitoring Data, making the relationship valid as per the preamble.",0.95,,,
217,relation,Observation,is measured at,Measurement Time,[inferred] cluster completion,accept_direct,,,,,"Observation is measured at Measurement Time directly, as both are valid classes in the BrainIT ontology.",0.95,,,
218,relation,Peripheral Temperature,has monitoring data,Temperature,[inferred] cluster completion,accept_direct,,,,,"Peripheral Temperature is an Optional Monitoring Parameter, and Temperature is a physiological parameter; the relation 'has monitoring data' holds directly between them.",0.9,,,
219,relation,Reading,is measured by,Observation,[inferred] cluster completion,accept_direct,,,,,The relationship 'Reading is measured by Observation' holds directly as both classes are defined within the monitoring context of the BrainIT ontology.,0.9,,,
220,relation,Respiration Rate,is monitored by,Sensor,[inferred] cluster completion,accept_direct,,,,,Respiration Rate is monitored by Sensor is a direct relationship as Respiration Rate is a physiological parameter that requires monitoring by a sensor.,0.95,,,
221,relation,Temperature,has monitoring data,Parameter,[inferred] cluster completion,accept_direct,,,,,"Temperature hasMonitoringData Parameter is valid as Temperature is a physiological parameter measured and recorded, aligning with the definition of Monitoring Data.",0.9,,,
222,relation,Biochemistry,has laboratory value,Glucose,[inferred] cluster completion,revise,4.9,Glucose,subClassOf,Biochemistry,"Glucose is an analyte and should be a subclass of Biochemistry, not a direct relation; the correct relation is subClassOf.",0.9,"Glucose→Biochemistry is the analyte→panel subclass pattern in the preamble, so relation should be subClassOf.",1.0,
223,relation,Biochemistry,has laboratory value,Potassium,[inferred] cluster completion,revise,4.4,Biochemistry,hasLaboratoryValue,Potassium,"The relation 'has laboratory value' should be 'hasLaboratoryValue' to align with the canonical BrainIT relation for analytes and panels; Biochemistry is a panel, not a direct laboratory value.",0.9,The relation 'has laboratory value' should be 'hasLaboratoryValue' to align with the canonical BrainIT relation for analytes and panels.,1.0,
224,relation,Biochemistry,has laboratory value,Sodium,[inferred] cluster completion,revise,4.9,Sodium,subClassOf,Biochemistry,"Sodium is an analyte and should be a subclass of Biochemistry, not related by has laboratory value.",0.9,"Sodium→Biochemistry is the analyte→panel subclass pattern in the preamble, so relation should be subClassOf.",1.0,
225,relation,Cardiac Output,is monitored by,Monitoring,[inferred] cluster completion,revise,4.4,Cardiac Output,hasMonitoringData,Monitoring,"The relation 'is monitored by' should be 'hasMonitoringData' as Cardiac Output is a parameter that has monitoring data, not a subject that is monitored by Monitoring.",0.9,"Cardiac Output is a parameter that has monitoring data, so the relation should be hasMonitoringData instead of is monitored by.",1.0,
226,relation,Fluids,is managed by,Monitoring,[inferred] cluster completion,revise,4.4,Fluids,isMonitoredBy,Monitoring,The relation 'is managed by' should be replaced with 'isMonitoredBy' as Monitoring is a method of observation for Fluids in the context of neurointensive care.,0.9,The relation 'is managed by' should be 'isMonitoredBy' as Monitoring is a method of observation for Fluids in neurointensive care.,1.0,
227,relation,Glucose,assesses,Biochemistry,[inferred] cluster completion,revise,4.4,Glucose,hasLaboratoryValue,Biochemistry,"The relation 'assesses' should be changed to 'hasLaboratoryValue' as Glucose is an analyte and Biochemistry is a panel, following the analyte→panel subclass pattern in the preamble.",0.9,"The relation 'assesses' should be 'hasLaboratoryValue' as Glucose is an analyte and Biochemistry is a panel, per the preamble.",1.0,
228,relation,Haematocrit,has laboratory value,Haematology,[inferred] cluster completion,revise,4.9,Haematocrit,subClassOf,Haematology,"Haematocrit is an analyte and should be subclassed under Haematology, not related via hasLaboratoryValue; the relation should be subClassOf.",0.9,"Haematocrit is an analyte and should be subclassed under Haematology, per the preamble's analyte→panel pattern.",1.0,
229,relation,Haematology,has laboratory value,Haematocrit,[inferred] cluster completion,revise,4.4,Haematology,hasLaboratoryValue,Haematocrit,The relation 'has laboratory value' should be 'hasLaboratoryValue' as Haematocrit is an analyte and should be linked to its panel (Haematology) via subclassing.,0.9,The relation 'has laboratory value' should be 'hasLaboratoryValue' as it directly connects Haematology to its analyte Haematocrit.,1.0,
230,relation,Haematology,has laboratory value,Haemoglobin,[inferred] cluster completion,revise,4.4,Haematology,hasLaboratoryValue,Haemoglobin,"The relation 'has laboratory value' should be 'hasLaboratoryValue' as Haematology is a panel and Haemoglobin is an analyte, indicating a subclass relationship.",0.9,The relation 'has laboratory value' should be 'hasLaboratoryValue' as Haematology is a panel and Haemoglobin is an analyte.,1.0,
231,relation,Monitoring,is associated with,Cardiac Output,[inferred] cluster completion,accept_direct,,,,,Monitoring is associated with Cardiac Output as it is a valid parameter under Monitoring Data in the BrainIT ontology.,0.9,,,
232,relation,Monitoring,is associated with,Fluids,[inferred] cluster completion,accept_direct,,,,,Monitoring is associated with Fluids as both are relevant in the context of managing critically ill patients' physiological parameters and fluid management.,0.9,,,
233,relation,Monitoring,is associated with,Sedation,[inferred] cluster completion,accept_direct,,,,,Monitoring is associated with Sedation as both relate to the management and observation of physiological parameters in neurointensive care.,0.9,,,
234,relation,Potassium,assesses,Biochemistry,[inferred] cluster completion,revise,4.4,Potassium,hasLaboratoryValue,Biochemistry,"The relation 'assesses' should be replaced with 'hasLaboratoryValue' as Potassium is an analyte under Biochemistry, which is a panel.",0.9,"Potassium is an analyte under Biochemistry, so the relation should be hasLaboratoryValue instead of assesses.",1.0,
235,relation,Sedation,is monitored by,Monitoring,[inferred] cluster completion,accept_direct,,,,,"Sedation is monitored by Monitoring, as Monitoring is the class for continuous observation of physiological parameters, which includes Sedation management.",0.9,,,
236,relation,Sodium,assesses,Biochemistry,[inferred] cluster completion,revise,4.9,Sodium,subClassOf,Biochemistry,"The relationship 'assesses' is not appropriate; Sodium should be a subclass of Biochemistry instead, following the analyte-panel hierarchy in the preamble.",0.9,"Sodium→Biochemistry is the analyte→panel subclass pattern in the preamble, so relation should be subClassOf.",1.0,
237,relation,Disability,affects outcome,GOSe Outcome,[inferred] cluster completion,accept_direct,,,,,Disability affects outcome GOSe Outcome is a valid direct relationship as Disability impacts the assessment of patient outcomes after TBI.,0.9,,,
238,relation,GCS Assessment,assesses,Disability,[inferred] cluster completion,accept_direct,,,,,"GCS Assessment assesses Disability, as GCS is a clinical assessment tool for neurological status and disability relates to functional ability post-brain injury.",0.9,,,
239,relation,GCS Assessment,is related to,Motor Impairment,[inferred] cluster completion,accept_indirect,,,,,"GCS Assessment assesses neurological status, which is related to Motor Impairment through the concept of brain injury assessment, forming an indirect relationship.",0.8,,,
240,relation,GOSe Outcome,is influenced by,Disability,[inferred] cluster completion,accept_indirect,,,,,GOSe Outcome is influenced by Disability via the pathway: Disability affects Outcome → GOSe Outcome is an Outcome.,0.7,,,low_evidence
241,relation,GOSe Outcome,is associated with,Outcome Score,[inferred] cluster completion,accept_direct,,,,,"GOSe Outcome is associated with Outcome Score as both relate to assessing neurological outcomes after brain injury, directly linking these two classes.",0.9,,,
242,relation,Motor Impairment,is a risk factor for,Disability,[inferred] cluster completion,accept_direct,,,,,"Motor Impairment is a risk factor for Disability, aligning with clinical understanding of brain injury outcomes.",0.9,,,
243,relation,Outcome Score,correlates with,GOSe Outcome,[inferred] cluster completion,accept_direct,,,,,Outcome Score correlates with GOSe Outcome as both are valid measures of neurological outcomes in TBI patients.,0.9,,,
244,relation,Pupil Assessment,is associated with,Motor Impairment,[inferred] cluster completion,accept_indirect,,,,,Pupil Assessment is associated with Motor Impairment via the broader context of neurological assessment and conditions affecting motor function.,0.8,,,
245,relation,Cerebral Perfusion Pressure (CPP),is a risk factor for,Intracranial Hypertension,[inferred] cluster completion,accept_direct,,,,,"Cerebral Perfusion Pressure (CPP) is a risk factor for Intracranial Hypertension, which is clinically valid in the context of traumatic brain injury.",0.9,,,
246,relation,Cerebral Perfusion Pressure (CPP),assesses,Mean Cerebral Perfusion Pressure,[inferred] cluster completion,accept_indirect,,,,,Cerebral Perfusion Pressure (CPP) assesses Mean Cerebral Perfusion Pressure indirectly through the relationship of CPP being a derived parameter of monitoring data that evaluates blood flow to the brain.,0.7,,,low_evidence
247,relation,CVP,is monitored by,Intracranial Hypertension,[inferred] cluster completion,reject,,,,,"CVP is a monitoring parameter, while Intracranial Hypertension is a condition; the relation 'is monitored by' does not hold between these classes.",0.9,,,
248,relation,Intracranial Pressure (ICP),is influenced by,Mean Cerebral Perfusion Pressure,[inferred] cluster completion,accept_direct,,,,,The relationship 'Intracranial Pressure (ICP) is influenced by Mean Cerebral Perfusion Pressure' is clinically valid as ICP is directly affected by cerebral perfusion pressure.,0.9,,,
249,relation,Intracranial Pressure (ICP),has monitoring data,Cerebral Perfusion Pressure (CPP),[inferred] cluster completion,accept_direct,,,,,Intracranial Pressure (ICP) directly has monitoring data Cerebral Perfusion Pressure (CPP) as both are valid monitoring parameters in the neurointensive care context.,0.95,,,
250,relation,Intracranial Hypertension,worsens,Outcome,[inferred] cluster completion,accept_direct,,,,,Intracranial Hypertension worsens Outcome is a direct relationship as elevated intracranial pressure negatively impacts patient outcomes in TBI cases.,0.95,,,
251,relation,Intracranial Hypertension,is a condition of,Intracranial Pressure (ICP),[inferred] cluster completion,accept_direct,,,,,"Intracranial Hypertension is a valid subclass of Condition, and Intracranial Pressure (ICP) is a critical parameter related to it, making the relationship semantically correct.",0.9,,,
252,relation,Mean Cerebral Perfusion Pressure,calculates,Cerebral Perfusion Pressure (CPP),[inferred] cluster completion,accept_direct,,,,,Mean Cerebral Perfusion Pressure calculates Cerebral Perfusion Pressure (CPP) directly as it defines the relationship between these two parameters in neurointensive care.,0.95,,,
253,relation,Mean Cerebral Perfusion Pressure,is related to,Intracranial Pressure (ICP),[inferred] cluster completion,accept_direct,,,,,"Mean Cerebral Perfusion Pressure is directly related to Intracranial Pressure as it influences cerebral perfusion, which is a critical parameter in neurological assessments.",0.95,,,
254,relation,Mean Intracranial Pressure,is measured by,Intracranial Pressure (ICP),[inferred] cluster completion,accept_direct,,,,,Mean Intracranial Pressure is measured by Intracranial Pressure (ICP) as both are valid parameters in monitoring brain injuries.,0.95,,,
255,relation,Pressure Reactivity Index (PRx),assesses,Intracranial Pressure (ICP),[inferred] cluster completion,accept_direct,,,,,PRx assesses ICP directly as it evaluates the brain's ability to regulate blood flow in response to intracranial pressure changes.,0.95,,,
256,relation,Carbon Dioxide,is monitored by,End-tidal Carbon Dioxide,[inferred] cluster completion,accept_direct,,,,,"Carbon Dioxide is monitored by End-tidal Carbon Dioxide, as the latter is a measurement used to assess the former's concentration in exhaled air.",0.95,,,
257,relation,Carbon Dioxide,has laboratory value,Partial Pressure of Carbon Dioxide,[inferred] cluster completion,revise,4.9,Carbon Dioxide,subClassOf,Partial Pressure of Carbon Dioxide,The relation 'has laboratory value' should be 'isATypeOf' as Carbon Dioxide is an analyte and Partial Pressure of Carbon Dioxide is a specific measurement of that analyte.,0.9,"Carbon Dioxide is an analyte and Partial Pressure of Carbon Dioxide is a specific measurement of that analyte, per the preamble.",1.0,
258,relation,End-tidal Carbon Dioxide,assesses,Carbon Dioxide,[inferred] cluster completion,accept_direct,,,,,End-tidal Carbon Dioxide assesses Carbon Dioxide directly as both are related to respiratory function monitoring in the neurointensive care context.,0.9,,,
259,relation,End-tidal Carbon Dioxide,is associated with,Partial Pressure of Carbon Dioxide,[inferred] cluster completion,accept_direct,,,,,End-tidal Carbon Dioxide is associated with Partial Pressure of Carbon Dioxide as both are related to assessing respiratory function in neurointensive care.,0.9,,,
260,relation,Partial Pressure of Carbon Dioxide,has laboratory value,Carbon Dioxide,[inferred] cluster completion,revise,4.4,Partial Pressure of Carbon Dioxide,is a laboratory value of,Carbon Dioxide,The relation 'has laboratory value' should be 'is a laboratory value of' since 'Partial Pressure of Carbon Dioxide' is an analyte and 'Carbon Dioxide' is its specific measurement.,0.9,The relation 'has laboratory value' should be 'is a laboratory value of' as it correctly describes the relationship between analyte and its measurement.,1.0,
261,relation,Partial Pressure of Carbon Dioxide,correlates with,End-tidal Carbon Dioxide,[inferred] cluster completion,accept_indirect,,,,,"Partial Pressure of Carbon Dioxide correlates with End-tidal Carbon Dioxide via their roles in assessing respiratory function, but not directly as per the preamble.",0.7,,,low_evidence
262,relation,Brain Injury,affects outcome,GCS Assessment,[inferred] cluster completion,accept_direct,,,,,Brain Injury affectsOutcome GCS Assessment is valid as GCS Assessment is used to evaluate the outcome of brain injuries.,0.9,,,
263,relation,Brain Injury,is a risk factor for,Disability,[inferred] cluster completion,accept_direct,,,,,"Brain Injury is a valid subclass of Condition, and Disability is a relevant outcome related to brain injuries, making the relationship semantically correct.",0.9,,,
264,relation,Cranial Injuries,is associated with,Traumatic Brain Injury,[inferred] cluster completion,accept_direct,,,,,"Cranial Injuries is associated with Traumatic Brain Injury as both are valid classes in the neurointensive care context, with a direct relationship between them.",0.9,,,
265,relation,Disability,is influenced by,Brain Injury,[inferred] cluster completion,accept_indirect,,,,,"Disability is influenced by Brain Injury via the chain: Brain Injury affects neurological deficits, which in turn influence Disability.",0.7,,,low_evidence
266,relation,GCS Assessment,assesses,Brain Injury,[inferred] cluster completion,accept_direct,,,,,"GCS Assessment assesses Brain Injury directly, as GCS is a clinical assessment tool for evaluating brain injuries.",0.95,,,
267,relation,GOSe Outcome,predicts outcome,Traumatic Brain Injury,[inferred] cluster completion,accept_direct,,,,,GOSe Outcome predicts outcome Traumatic Brain Injury is a valid direct relationship as GOSe Outcome assesses patient outcomes after TBI.,0.9,,,
268,relation,Guideline Adherence,is related to,Guideline,[inferred] cluster completion,accept_indirect,,,,,"Guideline Adherence indirectly relates to Guideline via Clinical Practice, as adherence is a practice that aligns with guidelines.",0.7,,,low_evidence
269,relation,Head Injury,is associated with,Traumatic Brain Injury,[inferred] cluster completion,accept_direct,,,,,"Head Injury is associated with Traumatic Brain Injury as both are valid subclasses of Brain Injury, establishing a direct relationship.",0.9,,,
270,relation,Head Trauma,is monitored by,GCS Assessment,[inferred] cluster completion,accept_direct,,,,,"Head Trauma is monitored by GCS Assessment, as GCS is a clinical assessment used to evaluate consciousness after brain injuries.",0.9,,,
271,relation,Motor Impairment,is influenced by,Brain Injury,[inferred] cluster completion,accept_direct,,,,,"Motor Impairment is influenced by Brain Injury, as brain injuries can lead to motor control deficits in patients.",0.9,,,
272,relation,Neurological Injury,is related to,Brain Injury,[inferred] cluster completion,accept_direct,,,,,"Neurological Injury is related to Brain Injury as both are subclasses of Brain Injury, confirming the direct relationship.",0.9,,,
273,relation,Outcome Score,relates to clinical outcome,GOSe Outcome,[inferred] cluster completion,accept_direct,,,,,Outcome Score relates to GOSe Outcome as both are valid classes under the Outcome category in the BrainIT ontology.,0.9,,,
274,relation,Pupil Assessment,is associated with,Brain Injury,[inferred] cluster completion,accept_direct,,,,,Pupil Assessment is associated with Brain Injury as it is a clinical assessment indicating neurological issues related to brain injuries.,0.9,,,
275,relation,Traumatic Brain Injury,is a risk factor for,Mortality,[inferred] cluster completion,accept_direct,,,,,"Traumatic Brain Injury is a recognized risk factor for Mortality in the context of neurointensive care, as per the established clinical understanding.",0.95,,,
276,relation,Acute Respiratory Distress Syndrome,is associated with,Hypotension,[inferred] cluster completion,accept_indirect,,,,,Acute Respiratory Distress Syndrome is associated with Hypotension via the pathway: ARDS affects lung function → impacts hemodynamics → leads to hypotension.,0.85,,,
277,relation,Acute Respiratory Distress Syndrome,affects outcome,Sepsis,[inferred] cluster completion,accept_indirect,,,,,"Acute Respiratory Distress Syndrome affects outcome indirectly via its impact on Condition, which is related to Sepsis as a life-threatening condition.",0.7,,,low_evidence
278,relation,Adrenaline,is administered during,Hypotension,[inferred] cluster completion,accept_direct,,,,,"Adrenaline is administered during Hypotension, as it is a common treatment for this condition in neurointensive care.",0.9,,,
279,relation,Adrenaline,is treated with,Noradrenaline,[inferred] cluster completion,reject,,,,,The relationship 'is treated with' does not hold between Adrenaline and Noradrenaline as they are not therapies but rather hormones; the relation is semantically incorrect.,0.9,,,
280,relation,Adverse Event,is related to,Hypertension,[inferred] cluster completion,accept_direct,,,,,"Adverse Event is related to Hypertension as both are valid subclasses of Condition, establishing a direct relationship.",0.9,,,
281,relation,Arterial Hypotension,worsens,Acute Respiratory Distress Syndrome,[inferred] cluster completion,accept_indirect,,,,,Arterial Hypotension worsens Acute Respiratory Distress Syndrome indirectly via the pathway: Condition → affects Outcome → Acute Respiratory Distress Syndrome.,0.85,,,
282,relation,Heart Failure,is a risk factor for,Hypotension,[inferred] cluster completion,accept_direct,,,,,"Heart Failure is a recognized risk factor for Hypotension in critically ill patients, establishing a direct relationship between these two conditions.",0.95,,,
283,relation,Hypertension,is related to,Adverse Event,[inferred] cluster completion,accept_indirect,,,,,Hypertension is related to Adverse Event via the chain: Hypertension affects Outcome → Adverse Event is a type of Outcome.,0.7,,,low_evidence
284,relation,Hypotension,is a condition of,Septic Shock,[inferred] cluster completion,accept_direct,,,,,"Hypotension is a subclass of Condition, and Septic Shock is a condition that can involve hypotension, making the relationship valid.",0.9,,,
285,relation,Hypotension,is influenced by,Adrenaline,[inferred] cluster completion,accept_direct,,,,,"Hypotension is influenced by Adrenaline, as adrenaline is known to affect blood pressure regulation in clinical settings.",0.9,,,
286,relation,Mean Arterial Pressure (MAP),measures parameter,Hypotension,[inferred] cluster completion,accept_indirect,,,,,"MAP measuresParameter Blood Pressure, which is a condition that can lead to Hypotension; the relationship holds indirectly through intermediate concepts.",0.85,,,
287,relation,Noradrenaline,is administered during,Hypotension,[inferred] cluster completion,accept_direct,,,,,"Noradrenaline is administered during Hypotension, as it is a treatment for this condition in neurointensive care.",0.95,,,
288,relation,Respiratory Distress Syndrome,is related to,Acute Respiratory Distress Syndrome,[inferred] cluster completion,accept_indirect,,,,,"Respiratory Distress Syndrome is related to Acute Respiratory Distress Syndrome via the broader category of Condition, making the relationship valid through an indirect chain.",0.7,,,low_evidence
289,relation,Sepsis,has outcome,Hypotension,[inferred] cluster completion,revise,4.4,Sepsis,affectsOutcome,Hypotension,The relation 'has outcome' is incorrect; it should be 'affectsOutcome' since Sepsis affects the outcome of Hypotension.,0.9,The relation 'has outcome' should be 'affectsOutcome' as Sepsis affects the outcome of Hypotension.,1.0,
290,relation,Septic Shock,is a condition of,Hypotension,[inferred] cluster completion,accept_indirect,,,,,Septic Shock is a condition that can lead to Hypotension via the pathway: Septic Shock → causes → Hypotension.,0.85,,,
291,relation,Clinical Outcome,affects outcome,Outcome,[inferred] cluster completion,accept_direct,,,,,"Clinical Outcome affects Outcome is a direct relationship where Clinical Outcome is a measure of patient health status after treatment, aligning with the definition of Outcome.",0.9,,,
292,relation,Data Quality Assessment,has quality assessment,Monitoring Data,[inferred] cluster completion,accept_direct,,,,,The relationship 'Data Quality Assessment has quality assessment Monitoring Data' is valid as it directly connects the assessment of data quality with the monitoring data class.,0.9,,,
293,relation,Monitoring Data,is monitored by,Core Monitoring Parameter,[inferred] cluster completion,accept_direct,,,,,Monitoring Data is directly monitored by Core Monitoring Parameter as per the hierarchical relationship in the preamble.,0.95,,,
294,relation,Outcome Data,has monitoring data,Monitoring Data,[inferred] cluster completion,accept_direct,,,,,Outcome Data has monitoring data Monitoring Data is a direct relationship as monitoring data is essential for assessing outcomes in neurointensive care.,0.9,,,
295,relation,Patient Interventions,is administered during,Treatment Data,[inferred] cluster completion,revise,4.4,Patient Interventions,receivesTherapy,Treatment Data,The relation 'is administered during' should be replaced with 'receivesTherapy' as 'Treatment Data' is not a valid class for this relation.,0.85,The relation 'is administered during' should be 'receivesTherapy' as it directly connects Patient Interventions to Treatment Data.,1.0,
296,relation,Physiological Data,is related to,Monitoring Data,[inferred] cluster completion,accept_direct,,,,,Physiological Data is related to Monitoring Data as both classes pertain to patient physiological parameters and their assessment during treatment.,0.9,,,
297,relation,Treatment Data,is associated with,Clinical Outcome,[inferred] cluster completion,accept_direct,,,,,"Treatment Data is associated with Clinical Outcome, reflecting the direct relationship between administered treatments and patient health status post-intervention.",0.9,,,
298,relation,Observation,is measured by,Sensor,[inferred] cluster completion,accept_direct,,,,,The relation 'is measured by' holds directly between Observation and Sensor as per the definitions in the domain context.,0.95,,,
299,relation,Reading,is measured at,Measurement Time,[inferred] cluster completion,reject,,,,,The relation 'is measured at' does not hold between 'Reading' and 'Measurement Time'; these classes do not have a direct or indirect relationship in the ontology.,0.9,,,
300,relation,Temperature,is monitored by,Sensor,[inferred] cluster completion,accept_direct,,,,,Temperature is monitored by Sensor is a valid direct relationship as Temperature is a physiological parameter and Sensor is a monitoring device.,0.9,,,
301,relation,Condition,affects outcome,Decompressive Craniectomy,[inferred] cluster completion,revise,4.4,Condition,isARiskFactorFor,Decompressive Craniectomy,The relation 'affects outcome' should be 'isARiskFactorFor' as 'Condition' can influence the outcome of 'Decompressive Craniectomy'.,0.8,The relation 'affects outcome' should be 'isARiskFactorFor' as 'Condition' can influence the outcome of 'Decompressive Craniectomy'.,0.9,
302,relation,Decompressive Craniectomy,is administered during,Management,[inferred] cluster completion,revise,4.9,Decompressive Craniectomy,subClassOf,Surgical Procedure,The relation 'is administered during' is not appropriate; 'Decompressive Craniectomy' should 'isA' a type of 'Surgical Procedure' instead.,0.9,"Decompressive Craniectomy should be classified as a type of Surgical Procedure, aligning with the subclass pattern in the preamble.",1.0,
303,relation,Jugular Venous Oxygen Saturation,assesses,Partial Pressure of Brain Tissue Oxygen,[inferred] cluster completion,accept_direct,,,,,Jugular Venous Oxygen Saturation assesses Partial Pressure of Brain Tissue Oxygen as both are valid physiological parameters in neurointensive care.,0.95,,,
304,relation,Microdialysis,is monitored by,Partial Pressure of Brain Tissue Oxygen,[inferred] cluster completion,accept_direct,,,,,"Microdialysis is an optional monitoring parameter, and Partial Pressure of Brain Tissue Oxygen is a physiological parameter that can be monitored; the relationship holds directly.",0.9,,,
305,relation,Partial Pressure of Brain Tissue Oxygen,is measured by,Jugular Venous Oxygen Saturation,[inferred] cluster completion,accept_indirect,,,,,Partial Pressure of Brain Tissue Oxygen is indirectly related to Jugular Venous Oxygen Saturation through the concepts of cerebral oxygenation and metabolic activity assessment.,0.7,,,low_evidence
306,relation,Anti-hypertensives,is treated with,Analgesia,[inferred] cluster completion,reject,,,,,Anti-hypertensives cannot be treated with Analgesia; they are distinct therapies with no direct relationship.,0.95,,,
307,relation,Electrocardiogram (ECG),assesses,Ventilation,[inferred] cluster completion,reject,,,,,Electrocardiogram (ECG) cannot assess Ventilation directly; the relationship does not hold between these classes as defined in the domain context.,0.9,,,
308,relation,EtCO2,is monitored by,Ventilation,[inferred] cluster completion,reject,,,,,judge output unparseable; defaulted to reject,0.0,,,parse_error
309,relation,Insult,is a risk factor for,Poor Outcome,[inferred] cluster completion,accept_direct,,,,,"Insult is a subclass of Secondary Insult, which is a known risk factor for Poor Outcome in neurointensive care.",0.9,,,
310,relation,Secondary Insult,is associated with,Secondary Brain Injury,[inferred] cluster completion,accept_direct,,,,,"Secondary Insult is associated with Secondary Brain Injury, as both are valid subclasses of Brain Injury, indicating a direct relationship in neurointensive care.",0.9,,,
311,relation,Secondary Insult Therapy,is treated with,Secondary Insult,[inferred] cluster completion,accept_direct,,,,,"Secondary Insult Therapy is directly related to treating Secondary Insult as a complication, which is clinically valid.",0.95,,,
312,relation,Secondary Insult Treatment,receives therapy,Secondary Insult Therapy,[inferred] cluster completion,revise,4.4,Secondary Insult Treatment,isAdministeredDuring,Secondary Insult Therapy,The relation 'receives therapy' should be replaced with 'isAdministeredDuring' as 'Secondary Insult Treatment' is a coded therapy category targeting 'Secondary Insult Therapy'.,0.9,The relation 'receives therapy' should be 'isAdministeredDuring' as 'Secondary Insult Treatment' targets 'Secondary Insult Therapy'.,1.0,
313,relation,Biochemistry,has laboratory value,Haematology,[inferred] cluster completion,revise,4.9,Biochemistry,subClassOf,Haematology,The relation 'has laboratory value' should be 'isATypeOf' since Biochemistry and Haematology are both panels containing analytes; this reflects the analyte→panel subclass pattern in the preamble.,0.9,"Biochemistry→Haematology reflects the analyte→panel subclass pattern in the preamble, so relation should be subClassOf.",1.0,
314,relation,Biochemistry,is monitored by,Monitoring,[inferred] cluster completion,reject,,,,,"The relation 'is monitored by' does not hold between 'Biochemistry' and 'Monitoring'; Biochemistry is a panel, not a monitoring method or sensor.",0.7,,,low_evidence
315,relation,Blood Gases,is monitored by,Monitoring,[inferred] cluster completion,accept_direct,,,,,"Blood Gases is monitored by Monitoring, as Monitoring is the class for continuous observation of physiological parameters, which includes blood gas analysis.",0.9,,,
316,relation,Fluids,is monitored by,Monitoring,[inferred] cluster completion,revise,4.4,Fluids,hasMonitoringData,Monitoring,The relation 'is monitored by' should be 'hasMonitoringData' as Fluids is a type of therapy that has monitoring data associated with it.,0.9,The relation 'is monitored by' should be 'hasMonitoringData' as Fluids has monitoring data associated with it.,1.0,
317,relation,Glucose,has laboratory value,Biochemistry,[inferred] cluster completion,revise,4.9,Glucose,subClassOf,Biochemistry,"Glucose is an analyte and should be related to Biochemistry via subClassOf, not has laboratory value.",0.9,"Glucose→Biochemistry follows the analyte→panel subclass pattern in the preamble, so the relation should be subClassOf.",1.0,
318,relation,Glucose,is monitored by,Monitoring,[inferred] cluster completion,revise,4.4,Glucose,measuresParameter,Monitoring,"The relation 'is monitored by' should be replaced with 'measuresParameter' as Glucose is a parameter measured by Monitoring, not monitored by it.",0.85,The relation 'is monitored by' should be 'measuresParameter' as Glucose is a parameter measured by Monitoring.,1.0,
319,relation,Haematocrit,is monitored by,Monitoring,[inferred] cluster completion,revise,4.4,Haematocrit,hasMonitoringData,Monitoring,"The relation 'is monitored by' should be 'hasMonitoringData' as Haematocrit is a monitoring parameter, aligning with the preamble's definitions.",0.9,The relation 'is monitored by' should be 'hasMonitoringData' as Haematocrit is a monitoring parameter.,1.0,
320,relation,Haematology,is monitored by,Monitoring,[inferred] cluster completion,reject,,,,,"The relationship 'Haematology is monitored by Monitoring' is incorrect; Haematology is a field of study, not a class that can be monitored.",0.7,,,low_evidence
321,relation,Haemoglobin,is monitored by,Monitoring,[inferred] cluster completion,revise,4.4,Haemoglobin,hasMonitoringData,Monitoring,The relation 'is monitored by' should be 'hasMonitoringData' as Haemoglobin is a parameter that has monitoring data in the context of physiological parameters.,0.9,The relation 'is monitored by' should be 'hasMonitoringData' as Haemoglobin is a parameter that has monitoring data.,1.0,
322,relation,Nutrition,is administered during,Monitoring,[inferred] cluster completion,reject,,,,,Nutrition is not a type of Monitoring; the relationship 'is administered during' does not hold between these classes as defined in the preamble.,0.9,,,
323,relation,Potassium,has laboratory value,Biochemistry,[inferred] cluster completion,revise,4.9,Potassium,subClassOf,Biochemistry,"The relation 'has laboratory value' should be 'subClassOf' as Potassium is an analyte that belongs to the Biochemistry panel, per the preamble.",0.9,"Potassium is an analyte that belongs to the Biochemistry panel, per the preamble, so relation should be subClassOf.",1.0,
324,relation,Potassium,is monitored by,Monitoring,[inferred] cluster completion,revise,4.4,Potassium,hasMonitoringData,Monitoring,The relation 'is monitored by' should be changed to 'hasMonitoringData' as Potassium is a monitoring parameter and Monitoring is a method of observation.,0.85,The relation 'is monitored by' should be 'hasMonitoringData' as Potassium is a monitoring parameter and Monitoring is a method of observation.,1.0,
325,relation,Sedation,is managed by,Monitoring,[inferred] cluster completion,revise,4.4,Sedation,isMonitoredBy,Monitoring,"The relation 'is managed by' should be replaced with 'isMonitoredBy' since Monitoring is a method of observation, not a management class.",0.85,"The relation 'is managed by' should be replaced with 'isMonitoredBy' as Monitoring is a method of observation, not management.",1.0,
326,relation,Sodium,has laboratory value,Biochemistry,[inferred] cluster completion,revise,4.9,Sodium,subClassOf,Biochemistry,Sodium is an analyte and Biochemistry is a panel; the relationship should be subClassOf instead of hasLaboratoryValue as per the analyte→panel subclass pattern in the preamble.,0.9,"Sodium→Biochemistry is the analyte→panel subclass pattern in the preamble, so relation should be subClassOf.",1.0,
327,relation,Sodium,is monitored by,Monitoring,[inferred] cluster completion,revise,4.4,Sodium,hasMonitoringData,Monitoring,The relation 'is monitored by' should be 'hasMonitoringData' as Sodium is a laboratory value and Monitoring is a method of observation.,0.9,The relation 'is monitored by' should be 'hasMonitoringData' as Sodium is a laboratory value and Monitoring is a method of observation.,1.0,
328,relation,Anterior Fossa Repair,is monitored by,Laboratory Values,[inferred] cluster completion,reject,,,,,The relation 'is monitored by' does not hold between 'Anterior Fossa Repair' and 'Laboratory Values'; the latter is not a monitoring method but a category of tests.,0.7,,,low_evidence
329,relation,CT Scan Assessment,is monitored by,Laboratory Values,[inferred] cluster completion,reject,,,,,CT Scan Assessment cannot be monitored by Laboratory Values; they are distinct classes with no direct or indirect relationship in the context of neurointensive care.,0.9,,,
330,relation,Clinical Assessment,has monitoring data,Laboratory Values,[inferred] cluster completion,revise,4.4,Clinical Assessment,hasLaboratoryValue,Laboratory Values,The relation 'has monitoring data' should be 'hasLaboratoryValue' since 'Laboratory Values' are specific tests related to clinical assessments.,0.8,The relation 'has monitoring data' should be 'hasLaboratoryValue' since 'Laboratory Values' are specific tests related to clinical assessments.,1.0,
331,relation,Coma,is a risk factor for,Secondary Insult,[inferred] cluster completion,accept_direct,,,,,"Coma is a risk factor for Secondary Insult, as prolonged unconsciousness can lead to additional complications in TBI patients.",0.9,,,
332,relation,Extra Ventricular Drain Placement,is monitored by,Laboratory Values,[inferred] cluster completion,revise,4.4,Extra Ventricular Drain Placement,hasMonitoringData,Laboratory Values,The relation 'is monitored by' should be 'hasMonitoringData' as Laboratory Values are not monitoring methods but rather data collected during monitoring.,0.85,"The relation 'is monitored by' should be 'hasMonitoringData' as Laboratory Values are data collected during monitoring, not monitoring methods.",1.0,
333,relation,Nursing Intervention,is administered during,Session,[inferred] cluster completion,accept_direct,,,,,"Nursing Intervention is administered during Session, as both classes are valid and the relationship holds directly in the context of ICU management.",0.9,,,
334,relation,Physiotherapy,is administered during,Session,[inferred] cluster completion,accept_direct,,,,,Physiotherapy is administered during Session is a valid direct relationship as Physiotherapy is a Nursing Intervention and Session is a continuous monitoring context in the ICU.,0.9,,,
335,relation,Routine Nursing Care,is administered during,Session,[inferred] cluster completion,accept_direct,,,,,Routine Nursing Care is administered during Session as both are valid classes in the neurointensive care context.,0.9,,,
336,relation,Session,has timepoint,Laboratory Values,[inferred] cluster completion,accept_indirect,,,,,"Session indirectly has timepoint Laboratory Values through the concept of monitoring data, as sessions involve monitoring parameters that include laboratory values.",0.7,,,low_evidence
337,relation,Surgical Procedure,is monitored by,Laboratory Values,[inferred] cluster completion,reject,,,,,"'Surgical Procedure is monitored by Laboratory Values' is incorrect; surgical procedures are not monitored by laboratory values directly, but rather by monitoring parameters or assessments.",0.9,,,
338,relation,Cerebral Perfusion Pressure (CPP),assesses,Traumatic Intracranial Hypertension,[inferred] cluster completion,accept_direct,,,,,Cerebral Perfusion Pressure (CPP) assesses Traumatic Intracranial Hypertension as it is clinically relevant in evaluating secondary injury risk in TBI patients.,0.95,,,
339,relation,Intracranial Hypertension,worsens,Traumatic Intracranial Hypertension,[inferred] cluster completion,accept_direct,,,,,Intracranial Hypertension worsens Traumatic Intracranial Hypertension as it is a known complication that can lead to worse outcomes in TBI patients.,0.9,,,
340,relation,Intracranial Pressure (ICP),is monitored by,CVP,[inferred] cluster completion,reject,,,,,The relation 'is monitored by' does not hold between 'Intracranial Pressure' and 'CVP'; CVP is not a monitoring method for ICP.,0.9,,,
341,relation,Mean Cerebral Perfusion Pressure,calculates,Intracranial Pressure (ICP),[inferred] cluster completion,accept_indirect,,,,,"Mean Cerebral Perfusion Pressure indirectly calculates from Mean Arterial Pressure and Intracranial Pressure, which are both valid parameters in the neurointensive care context.",0.85,,,
342,relation,Traumatic Intracranial Hypertension,is a risk factor for,Intracranial Hypertension,[inferred] cluster completion,accept_direct,,,,,"Traumatic Intracranial Hypertension is a subclass of Secondary Insult, which is a subclass of Insult; thus, it is a valid risk factor for Intracranial Hypertension.",0.9,,,
343,relation,Brain Injury,affects outcome,GOSe Outcome,[inferred] cluster completion,accept_direct,,,,,Brain Injury affects GOSe Outcome is a valid relationship as Brain Injury directly influences patient outcomes assessed by the GOSe scale.,0.95,,,
344,relation,Disability,is related to,Brain Injury,[inferred] cluster completion,accept_direct,,,,,"Disability is related to Brain Injury as a consequence of neurological deficits from brain injuries, which aligns with clinical understanding.",0.9,,,
345,relation,Extracranial Injury,is a risk factor for,Brain Injury,[inferred] cluster completion,accept_direct,,,,,"Extracranial Injury is a valid risk factor for Brain Injury as it can complicate brain injury management, aligning with clinical understanding.",0.9,,,
346,relation,GOSe Outcome,is influenced by,Brain Injury,[inferred] cluster completion,accept_direct,,,,,"GOSe Outcome is influenced by Brain Injury, as the outcome assessment is directly related to the severity and type of brain injury sustained.",0.9,,,
347,relation,Guideline Adherence,is related to,Traumatic Brain Injury,[inferred] cluster completion,accept_indirect,,,,,Guideline Adherence is related to Traumatic Brain Injury via the chain: Guideline Adherence → informs → Clinical Practice → targetsCondition → Traumatic Brain Injury.,0.7,,,low_evidence
348,relation,Motor Impairment,is related to,Brain Injury,[inferred] cluster completion,accept_direct,,,,,Motor Impairment is related to Brain Injury as it is a common consequence of brain injuries.,0.9,,,
349,relation,Outcome Score,predicts outcome,Brain Injury,[inferred] cluster completion,accept_direct,,,,,Outcome Score predicts Brain Injury is a valid relationship as the outcome score assesses neurological outcomes related to brain injuries.,0.9,,,
350,relation,Patient,receives therapy,Guideline,[inferred] cluster completion,revise,4.3,Patient,receivesTherapy,Baseline Therapy,The object 'Guideline' is not a Therapy; it should be replaced with a valid therapy class such as 'Baseline Therapy' or 'Secondary Insult Therapy'.,0.9,Guideline is not a therapy; it should be replaced with a valid therapy class like Baseline Therapy as per the domain context.,1.0,
351,relation,Pupil Assessment,assesses,Brain Injury,[inferred] cluster completion,accept_direct,,,,,"Pupil Assessment assesses Brain Injury, as assessments are valid for conditions in neurointensive care.",0.9,,,
352,relation,Adverse Event,affects outcome,Hypertension,[inferred] cluster completion,accept_direct,,,,,"Adverse Event affects Outcome is a valid relationship as both classes are defined in the domain context, with Adverse Event being a type of Condition and Outcome being a measurable result.",0.9,,,
353,relation,Arterial Hypotension,is a risk factor for,Heart Failure,[inferred] cluster completion,accept_indirect,,,,,Arterial Hypotension is a Condition that can lead to Heart Failure via the pathway: Arterial Hypotension affects Outcome → Heart Failure is an Outcome.,0.85,,,
354,relation,Arterial Pressors,applies treatment,Systemic Hypotension,[inferred] cluster completion,accept_direct,,,,,"Arterial Pressors applies treatment to Systemic Hypotension, as Arterial Pressors are a type of Secondary Insult Therapy targeting this condition.",0.9,,,
355,relation,Heart Failure,is influenced by,Hypertension,[inferred] cluster completion,accept_indirect,,,,,Heart Failure is influenced by Hypertension via the chain: Hypertension affects Condition → Heart Failure is a Condition.,0.7,,,low_evidence
356,relation,Hypertension,worsens,Heart Failure,[inferred] cluster completion,accept_direct,,,,,Hypertension worsens Heart Failure is clinically valid as hypertension can lead to heart failure complications directly.,0.9,,,
357,relation,Monitoring Data,has monitoring data,Physiological Data,[inferred] cluster completion,accept_direct,,,,,"Monitoring Data hasMonitoringData Physiological Data is valid as Monitoring Data encompasses all monitored values, including physiological parameters.",0.9,,,
358,relation,Patient Interventions,is associated with,Clinical Outcome,[inferred] cluster completion,accept_direct,,,,,Patient Interventions is associated with Clinical Outcome as interventions directly influence patient health status post-treatment.,0.9,,,
359,relation,Treatment Data,is administered during,Patient Interventions,[inferred] cluster completion,accept_direct,,,,,"Treatment Data is administered during Patient Interventions, as both classes are valid and directly related in the context of neurointensive care.",0.9,,,
360,relation,Parameter,measures parameter,Temperature,[inferred] cluster completion,accept_direct,,,,,Parameter measuresParameter Temperature is valid as Temperature is a physiological parameter being measured.,0.95,,,
361,relation,Reading,is measured by,Sensor,[inferred] cluster completion,accept_direct,,,,,Reading is measured by Sensor is a direct relationship as per the definitions in the preamble.,0.95,,,
362,relation,Temperature,measures parameter,Brain Temperature,[inferred] cluster completion,accept_direct,,,,,Temperature measuresParameter Brain Temperature is a direct relationship as both are valid physiological parameters in the monitoring data context.,0.9,,,
363,relation,Barbiturates,is administered during,Decompressive Craniectomy,[inferred] cluster completion,accept_direct,,,,,Barbiturates is administered during Decompressive Craniectomy is a valid relationship as Barbiturates are used for sedation in surgical procedures.,0.9,,,
364,relation,Decompressive Craniectomy,is associated with,Hypoperfusion,[inferred] cluster completion,accept_indirect,,,,,Decompressive Craniectomy is associated with Hypoperfusion via the pathway: Decompressive Craniectomy affects Outcome → Hypoperfusion is a condition related to outcomes.,0.85,,,
365,relation,Evacuation of Mass Lesion,has surgical procedure,Removal of Foreign Body,[inferred] cluster completion,revise,4.9,Evacuation of Mass Lesion,subClassOf,Surgical Procedure,The relation 'has surgical procedure' is incorrect; it should be 'isATypeOf' as 'Evacuation of Mass Lesion' is a type of 'Surgical Procedure'.,0.9,"Evacuation of Mass Lesion is a type of Surgical Procedure, thus the relation should be subClassOf.",1.0,
366,relation,Jugular Venous Desaturation,is a risk factor for,Hypoperfusion,[inferred] cluster completion,accept_direct,,,,,"Jugular Venous Desaturation is a condition that can lead to Hypoperfusion, making it a valid risk factor relationship.",0.9,,,
367,relation,Management,is managed by,Hypothermia Therapy,[inferred] cluster completion,revise,4.4,Hypothermia Therapy,receivesTherapy,Management,The relation 'is managed by' should be replaced with 'receivesTherapy' as 'Management' is not a valid class; 'Hypothermia Therapy' is a therapy class.,0.9,The relation 'is managed by' should be 'receivesTherapy' as 'Management' is not a valid class; 'Hypothermia Therapy' is a therapy class.,1.0,
368,relation,Osmotics,is treated with,Barbiturates,[inferred] cluster completion,reject,,,,,The relationship 'is treated with' does not hold between Osmotics and Barbiturates as they are both therapies but not directly related in treatment context.,0.85,,,
369,relation,PbrO2,measures parameter,Jugular Venous Oxygen Saturation,[inferred] cluster completion,accept_indirect,,,,,PbrO2 measuresParameter Jugular Venous Oxygen Saturation indirectly through the relationship of both being physiological observations related to cerebral oxygenation.,0.7,,,low_evidence
370,relation,SaO2,measures parameter,Jugular Venous Oxygen Saturation,[inferred] cluster completion,accept_direct,,,,,SaO2 measuresParameter Jugular Venous Oxygen Saturation is valid as SaO2 is a monitoring parameter that assesses oxygen saturation levels.,0.95,,,
371,relation,Anti-hypertensives,is administered during,Patient Transport,[inferred] cluster completion,revise,4.4,Anti-hypertensives,receivesTherapy,Patient Transport,The relation 'is administered during' should be 'receivesTherapy' as Anti-hypertensives is a therapy and Patient Transport is not a therapy class.,0.9,The relation 'is administered during' should be 'receivesTherapy' as Anti-hypertensives is a therapy and Patient Transport is not a therapy class.,1.0,
372,relation,Electrocardiogram (ECG),is monitored by,Ventilation,[inferred] cluster completion,revise,4.4,Electrocardiogram (ECG),hasMonitoringData,Ventilation,The relation 'is monitored by' should be 'hasMonitoringData' as ECG is a type of Monitoring Data that relates to Ventilation settings.,0.85,The relation 'is monitored by' should be 'hasMonitoringData' as ECG is a type of Monitoring Data related to Ventilation settings.,1.0,
373,relation,EtCO2,is associated with,Ventilation,[inferred] cluster completion,accept_indirect,,,,,EtCO2 indirectly relates to Ventilation through the monitoring of parameters that influence mechanical ventilation settings.,0.85,,,
374,relation,Ventilation,is related to,Patient Transport,[inferred] cluster completion,reject,,,,,The relation 'is related to' does not hold between 'Ventilation' and 'Patient Transport'; they are not directly connected in the neurointensive care context.,0.9,,,
375,relation,Ventilator,is managed by,Ventilation,[inferred] cluster completion,revise,4.4,Ventilator,receivesTherapy,Ventilation,"The relation 'is managed by' should be replaced with 'receivesTherapy' to correctly link 'Ventilator' to 'Ventilation', as both are related to therapy in neurointensive care.",0.85,The relation 'is managed by' should be 'receivesTherapy' to correctly link 'Ventilator' to 'Ventilation' in the context of therapy.,1.0,
376,relation,Secondary Insult Treatment,applies treatment,Secondary Insult,[inferred] cluster completion,revise,4.4,Secondary Insult Treatment,targetsCondition,Secondary Insult,"The relation 'applies treatment' should be replaced with 'targetsCondition' as Secondary Insult Treatment targets Secondary Insult, aligning with the BrainIT relation conventions.",0.9,The relation 'applies treatment' should be 'targetsCondition' as it correctly reflects the connection between treatment and condition.,1.0,
377,relation,Blood Gases,has laboratory value,Haematology,[inferred] cluster completion,revise,4.4,Blood Gases,hasLaboratoryValue,Haematology,"The relation 'has laboratory value' should be 'hasLaboratoryValue' as 'Blood Gases' is an analyte and 'Haematology' is a panel, indicating a subclass relationship.",0.85,The relation 'has laboratory value' should be 'hasLaboratoryValue' as 'Blood Gases' is an analyte and 'Haematology' is a panel.,1.0,
378,relation,Fluids,is associated with,Nutrition,[inferred] cluster completion,accept_indirect,,,,,"Fluids is associated with Nutrition indirectly through the broader category of Baseline Therapy, which includes both as subclasses.",0.7,,,low_evidence
379,relation,Monitoring,is related to,Cardiac Output,[inferred] cluster completion,accept_direct,,,,,"Monitoring is related to Cardiac Output as both are valid classes within the BrainIT ontology, with Monitoring encompassing physiological parameters including Cardiac Output.",0.9,,,
380,relation,Nutrition,is administered during,Fluids,[inferred] cluster completion,revise,4.4,Nutrition,receivesTherapy,Fluids,"The relation 'is administered during' is not appropriate; 'Nutrition' should 'receiveTherapy' from 'Fluids' instead, as both are types of therapy.",0.9,The relation 'is administered during' is incorrect; 'Nutrition' should 'receiveTherapy' from 'Fluids' as both are types of therapy.,1.0,
381,relation,Clinical Assessment,has outcome,Outcome,[inferred] cluster completion,accept_direct,,,,,The relationship 'Clinical Assessment has outcome Outcome' is valid as Clinical Assessment is associated with patient outcomes in neurointensive care.,0.95,,,
382,relation,Coma,is associated with,Secondary Insult,[inferred] cluster completion,accept_direct,,,,,The relationship 'Coma is associated with Secondary Insult' is clinically valid as coma can result from secondary insults following an initial brain injury.,0.9,,,
383,relation,Cerebral Perfusion Pressure (CPP),is a risk factor for,Traumatic Intracranial Hypertension,[inferred] cluster completion,accept_direct,,,,,"Cerebral Perfusion Pressure (CPP) is a risk factor for Traumatic Intracranial Hypertension, aligning with clinical understanding of secondary injuries in TBI patients.",0.9,,,
384,relation,Intracranial Hypertension,affects outcome,Traumatic Intracranial Hypertension,[inferred] cluster completion,accept_direct,,,,,"Intracranial Hypertension affects outcome, as it is a condition that can lead to worse clinical outcomes in TBI patients.",0.95,,,
385,relation,Intracranial Pressure (ICP),is monitored by,Mean Intracranial Pressure,[inferred] cluster completion,accept_direct,,,,,"Intracranial Pressure (ICP) is monitored by Mean Intracranial Pressure, as both are valid monitoring parameters in the neurointensive care context.",0.95,,,
386,relation,Mean Intracranial Pressure,is influenced by,Intracranial Hypertension,[inferred] cluster completion,accept_direct,,,,,"Mean Intracranial Pressure is influenced by Intracranial Hypertension, as elevated pressure can directly affect ICP measurements in TBI management.",0.9,,,
387,relation,Pressure Reactivity Index (PRx),assesses,Cerebral Perfusion Pressure (CPP),[inferred] cluster completion,accept_direct,,,,,PRx assesses CPP directly as it evaluates the brain's ability to regulate blood flow in response to intracranial pressure changes.,0.95,,,
388,relation,Traumatic Intracranial Hypertension,is a condition of,Intracranial Hypertension,[inferred] cluster completion,accept_direct,,,,,"Traumatic Intracranial Hypertension is a subclass of Intracranial Hypertension as both are conditions related to elevated pressure within the skull, which is clinically valid.",0.95,,,
389,hierarchy,Decompressive Craniectomy,subClassOf,Surgical Procedure,Decompressive craniectomy (DC) is a surgical technique originally described by Kocher in 1901.,accept_direct,,,,,Decompressive Craniectomy is listed as a valid subclass of Surgical Procedure in the preamble; the relationship holds directly.,1.0,,,
390,hierarchy,Secondary Insult,subClassOf,Insult,One of the most critical types of systemic secondary insult is arterial hypotension.,accept_direct,,,,,"Secondary Insult is explicitly listed as a valid subclass of Insult in the preamble; thus, the subclass relationship holds directly.",1.0,,,
391,hierarchy,Vasopressors,subClassOf,Baseline Therapy,[inferred] Vasopressors is a subclass of Baseline Therapy (deterministic hierarchy checklist).,reject,,,,,"Vasopressors is not a subclass of Baseline Therapy; it is a type of Secondary Insult Therapy used to manage blood pressure, which contradicts the preamble.",0.9,,,
392,hierarchy,Secondary Insult,subClassOf,Condition,[inferred] Secondary Insult is a subclass of Condition (deterministic hierarchy checklist).,accept_direct,,,,,"The preamble states that Secondary Insult is a valid subclass of Condition, confirming the hierarchy relationship directly.",1.0,,,
393,hierarchy,Core Monitoring Parameter,subClassOf,Monitoring Data,[inferred] Chain-of-Layer: Core Monitoring Parameter is organized under Monitoring Data,accept_direct,,,,,Core Monitoring Parameter is listed as a valid subclass of Monitoring Data in the preamble; the relation is correctly subClassOf.,1.0,,,
394,hierarchy,Heart Rate,subClassOf,Core Monitoring Parameter,[inferred] Chain-of-Layer: Heart Rate is organized under Core Monitoring Parameter,accept_direct,,,,,Heart Rate is listed as a subclass of Core Monitoring Parameter in the preamble; the relationship is direct and valid.,1.0,,,
395,hierarchy,Mean Arterial Pressure (MAP),subClassOf,Core Monitoring Parameter,[inferred] Chain-of-Layer: Mean Arterial Pressure (MAP) is organized under Core Monitoring Parameter,accept_direct,,,,,Mean Arterial Pressure (MAP) is explicitly listed as a subclass of Core Monitoring Parameter in the preamble.,1.0,,,
396,hierarchy,Mean Intracranial Pressure,subClassOf,Core Monitoring Parameter,[inferred] Chain-of-Layer: Mean Intracranial Pressure is organized under Core Monitoring Parameter,accept_direct,,,,,"Mean Intracranial Pressure is listed as a valid subclass of Core Monitoring Parameter in the preamble; thus, the relationship holds directly.",1.0,,,
397,hierarchy,Mean Cerebral Perfusion Pressure,subClassOf,Core Monitoring Parameter,[inferred] Chain-of-Layer: Mean Cerebral Perfusion Pressure is organized under Core Monitoring Parameter,accept_direct,,,,,Mean Cerebral Perfusion Pressure is listed as a valid subclass of Core Monitoring Parameter in the preamble.,1.0,,,
398,hierarchy,Pressure Reactivity Index (PRx),subClassOf,Core Monitoring Parameter,[inferred] Chain-of-Layer: Pressure Reactivity Index (PRx) is organized under Core Monitoring Parameter,accept_direct,,,,,Pressure Reactivity Index (PRx) is listed as a subclass of Core Monitoring Parameter in the preamble; the relationship holds directly.,1.0,,,
399,hierarchy,Monitoring Time,subClassOf,Monitoring Data,[inferred] Chain-of-Layer: Monitoring Time is organized under Monitoring Data,accept_direct,,,,,Monitoring Time is a subclass of Monitoring Data as per the preamble's hierarchy of classes.,1.0,,,
400,hierarchy,Baseline Therapy,subClassOf,Therapy,[inferred] Chain-of-Layer: Baseline Therapy is organized under Therapy,accept_direct,,,,,Baseline Therapy is explicitly listed as a valid subclass of Therapy in the preamble.,1.0,,,
401,hierarchy,Barbiturates,subClassOf,Secondary Insult Therapy,[inferred] Chain-of-Layer: Barbiturates is organized under Baseline Therapy,accept_direct,,,,,"Barbiturates is listed as a valid subclass of Secondary Insult Therapy in the preamble, confirming the subclass relationship directly.",1.0,,,
402,hierarchy,Traumatic Brain Injury,subClassOf,Condition,[inferred] Chain-of-Layer: Traumatic Brain Injury is organized under Condition,accept_direct,,,,,"Traumatic Brain Injury is explicitly listed as a subclass of Condition in the preamble; thus, the subclass relationship holds directly.",1.0,,,
403,hierarchy,Sepsis,subClassOf,Condition,[inferred] Chain-of-Layer: Sepsis is organized under Condition,accept_direct,,,,,"Sepsis is listed as a valid subclass of Condition in the preamble; thus, the relationship holds directly.",1.0,,,
404,hierarchy,Septic Shock,subClassOf,Condition,[inferred] Chain-of-Layer: Septic Shock is organized under Condition,reject,,,,,"Septic Shock is not a subclass of Condition as defined; Condition is a generic superclass for medical conditions, not specifically for types of stroke.",0.9,,,
405,hierarchy,GCS Assessment,subClassOf,Clinical Assessment,[inferred] Chain-of-Layer: GCS Assessment is organized under Outcome,accept_direct,,,,,GCS Assessment is listed as a subclass of Clinical Assessment in the preamble; the relationship is directly supported.,1.0,,,
406,hierarchy,Guideline Adherence,subClassOf,Guideline,[inferred] Chain-of-Layer: Guideline Adherence is organized under Guideline,reject,,,,,"Guideline Adherence is not a subclass of Guideline; it is a practice related to adherence to guidelines, not a type of guideline itself.",0.9,,,
407,hierarchy,Cerebrovascular Autoregulation,subClassOf,Condition,[inferred] Cerebrovascular Autoregulation is a subclass of Condition (deterministic hierarchy checklist).,reject,,,,,"Cerebrovascular Autoregulation is not a subclass of Condition; it is a mechanism, not a medical condition as defined in the preamble.",0.9,,,
408,hierarchy,Haematocrit,subClassOf,Haematology,the physiological vital functions are extensively monitored.,accept_direct,,,,,Haematocrit is a valid subclass of Haematology as it is an analyte within the laboratory values context; the relation is subClassOf.,1.0,,,
409,hierarchy,TCD,subClassOf,Optional Monitoring Parameter,the physiological vital functions are extensively monitored.,accept_direct,,,,,"TCD is listed as a valid subclass of Optional Monitoring Parameter in the preamble; thus, the subclass relationship holds directly.",1.0,,,
410,hierarchy,Optional Monitoring Parameter,subClassOf,Monitoring Data,the physiological vital functions are extensively monitored.,accept_direct,,,,,Optional Monitoring Parameter is a valid subclass of Monitoring Data as per the preamble's hierarchy of monitoring parameters.,1.0,,,
411,hierarchy,Intracranial Pressure (ICP),subClassOf,Core Monitoring Parameter,the physiological vital functions are extensively monitored.,accept_direct,,,,,Intracranial Pressure (ICP) is explicitly listed as a valid subclass of Core Monitoring Parameter in the preamble.,1.0,,,
412,hierarchy,Removal of Foreign Body,subClassOf,Surgical Procedure,the physiological vital functions are extensively monitored.,accept_direct,,,,,"Removal of Foreign Body is listed as a valid subclass of Surgical Procedure in the preamble; thus, the relation is correctly subClassOf.",1.0,,,
413,hierarchy,Peripheral Temperature,subClassOf,Optional Monitoring Parameter,the physiological vital functions are extensively monitored.,accept_direct,,,,,"Peripheral Temperature is explicitly listed as a valid subclass of Optional Monitoring Parameter in the preamble; thus, the subclass relationship holds directly.",1.0,,,
414,hierarchy,Sodium,subClassOf,Biochemistry,the physiological vital functions are extensively monitored.,accept_direct,,,,,"Sodium is a valid subclass of Biochemistry as analytes are subclasses of their respective panels, as stated in the preamble.",1.0,,,
415,hierarchy,Fluids,subClassOf,Baseline Therapy,the physiological vital functions are extensively monitored.,accept_direct,,,,,"Fluids is listed as a valid subclass of Baseline Therapy in the preamble; thus, the subclass relationship is correct.",1.0,,,
416,hierarchy,Extra Ventricular Drain Placement,subClassOf,Surgical Procedure,the physiological vital functions are extensively monitored.,accept_direct,,,,,"Extra Ventricular Drain Placement subClassOf Surgical Procedure is directly supported by the preamble, which lists it as a valid subclass of surgical procedures.",1.0,,,
417,hierarchy,EtCO2,subClassOf,Optional Monitoring Parameter,the physiological vital functions are extensively monitored.,accept_direct,,,,,"EtCO2 is listed as a valid subclass of Optional Monitoring Parameter in the preamble; thus, the subclass relationship is valid.",1.0,,,
418,hierarchy,SjO2,subClassOf,Optional Monitoring Parameter,the physiological vital functions are extensively monitored.,accept_direct,,,,,SjO2 is listed as a valid subclass of Optional Monitoring Parameter in the preamble; the relationship holds directly.,1.0,,,
419,hierarchy,Blood Gases,subClassOf,Laboratory Values,the physiological vital functions are extensively monitored.,accept_direct,,,,,Blood Gases is listed as a valid subclass of Laboratory Values in the preamble; the relation is correctly subClassOf.,1.0,,,
420,hierarchy,Haemoglobin,subClassOf,Haematology,the physiological vital functions are extensively monitored.,accept_direct,,,,,Haemoglobin is listed as a valid subclass of Haematology in the preamble; the relation is subClassOf.,1.0,,,
421,hierarchy,Glucose,subClassOf,Biochemistry,the physiological vital functions are extensively monitored.,accept_direct,,,,,"Glucose is a valid subclass of Biochemistry as analytes are subclasses of their respective panels, which is stated in the preamble.",1.0,,,
422,hierarchy,Anterior Fossa Repair,subClassOf,Surgical Procedure,the physiological vital functions are extensively monitored.,accept_direct,,,,,Anterior Fossa Repair is listed as a valid subclass of Surgical Procedure in the preamble.,1.0,,,
423,hierarchy,Secondary Insult Treatment,subClassOf,Secondary Insult Therapy,the physiological vital functions are extensively monitored.,accept_direct,,,,,Secondary Insult Treatment is a subclass of Secondary Insult Therapy as per the preamble's hierarchy of therapy classes.,0.95,,,
424,hierarchy,NIBP,subClassOf,Optional Monitoring Parameter,the physiological vital functions are extensively monitored.,accept_direct,,,,,"NIBP is explicitly listed as a valid subclass of Optional Monitoring Parameter in the preamble; thus, the relation is correct as subClassOf.",1.0,,,
425,hierarchy,Hypotension,subClassOf,Condition,the physiological vital functions are extensively monitored.,reject,,,,,"Hypotension is not a subclass of Condition; it is a medical condition, but the definition provided incorrectly describes Condition as a type of stroke.",0.7,,,low_evidence
426,hierarchy,Haematology,subClassOf,Laboratory Values,the physiological vital functions are extensively monitored.,accept_direct,,,,,"Haematology is listed as a valid subclass of Laboratory Values in the preamble; thus, the subclass relationship is correct.",1.0,,,
427,hierarchy,Sedation,subClassOf,Baseline Therapy,the physiological vital functions are extensively monitored.,accept_direct,,,,,"Sedation is explicitly listed as a subclass of Baseline Therapy in the preamble; thus, the relationship holds directly.",1.0,,,
428,hierarchy,CT Scan Assessment,subClassOf,Clinical Assessment,the physiological vital functions are extensively monitored.,accept_direct,,,,,"CT Scan Assessment is listed as a subclass of Clinical Assessment in the preamble; thus, the relation is valid as subClassOf.",1.0,,,
429,hierarchy,Hypotension,subClassOf,Septic Shock,Duration of hypotension before initiation of effective antimicrobial therapy is the critical determinant of survival in human septic shock.,reject,,,,,"Hypotension is not a subclass of Septic Shock; they are distinct conditions, and the relationship does not hold directly or indirectly.",0.9,,,
430,hierarchy,Hypoperfusion,subClassOf,Cerebrovascular Autoregulation,secondary ischemic damage from associated hypoperfusion.,reject,,,,,"Hypoperfusion is not a subclass of Cerebrovascular Autoregulation; they represent different concepts, with hypoperfusion being a condition and cerebrovascular autoregulation a physiological mechanism.",0.9,,,
431,hierarchy,Cardiac Output,subClassOf,Optional Monitoring Parameter,Domain-scope scaffolding: Cardiac Output is a known subclass of Optional Monitoring Parameter in the BrainIT domain.,accept_direct,,,,,"Cardiac Output is explicitly listed as a subclass of Optional Monitoring Parameter in the preamble, confirming the subclass relationship.",1.0,,,
432,hierarchy,Nutrition,subClassOf,Baseline Therapy,Domain-scope scaffolding: Nutrition is a known subclass of Baseline Therapy in the BrainIT domain.,accept_direct,,,,,"Nutrition is explicitly listed as a valid subclass of Baseline Therapy in the preamble; thus, the relationship holds directly.",1.0,,,
433,hierarchy,Pupil Assessment,subClassOf,Clinical Assessment,Domain-scope scaffolding: Pupil Assessment is a known subclass of Clinical Assessment in the BrainIT domain.,accept_direct,,,,,"Pupil Assessment is explicitly listed as a subclass of Clinical Assessment in the preamble, confirming the hierarchical relationship.",1.0,,,
434,hierarchy,Potassium,subClassOf,Biochemistry,Domain-scope scaffolding: Potassium is a known subclass of Biochemistry in the BrainIT domain.,accept_direct,,,,,"Potassium subClassOf Biochemistry is directly supported by the preamble, which lists analytes as subclasses of their respective panels.",1.0,,,
435,hierarchy,Possible Error,subClassOf,Data Quality Assessment,Domain-scope scaffolding: Possible Error is a known subclass of Data Quality Assessment in the BrainIT domain.,accept_direct,,,,,"Possible Error is explicitly listed as a subclass of Data Quality Assessment in the preamble, confirming the hierarchy relationship.",1.0,,,
436,hierarchy,Hypertension,subClassOf,Condition,Schema-inferred: Hypertension is a subclass of Condition.,reject,,,,,"Hypertension is not a type of stroke; it is a condition that can lead to complications, but the definition provided is incorrect.",0.7,,,low_evidence
437,hierarchy,Biochemistry,subClassOf,Laboratory Values,Schema-inferred: Biochemistry is a subclass of Laboratory Values.,accept_direct,,,,,Biochemistry is explicitly listed as a subclass of Laboratory Values in the preamble; the relation is subClassOf.,1.0,,,
438,hierarchy,Arterial Pressors,subClassOf,Secondary Insult Therapy,Schema-inferred: Arterial Pressors is a subclass of Secondary Insult Therapy.,accept_direct,,,,,"Arterial Pressors is listed as a valid subclass of Secondary Insult Therapy in the preamble, confirming the subclass relationship directly.",1.0,,,
439,hierarchy,Secondary Insult Therapy,subClassOf,Therapy,Schema-inferred: Secondary Insult Therapy is a subclass of Therapy.,accept_direct,,,,,"The preamble explicitly states that Secondary Insult Therapy is a valid subclass of Therapy, confirming the hierarchy relationship as correct.",1.0,,,
440,hierarchy,Intracranial Hypertension,subClassOf,Secondary Insult,Schema-inferred: Intracranial Hypertension is a subclass of Secondary Insult.,accept_direct,,,,,Intracranial Hypertension is explicitly listed as a subclass of Secondary Insult in the preamble.,1.0,,,
441,hierarchy,Jugular Venous Desaturation,subClassOf,Secondary Insult,Schema-inferred: Jugular Venous Desaturation is a subclass of Secondary Insult.,accept_direct,,,,,"Jugular Venous Desaturation is listed as a subclass of Secondary Insult in the preamble, validating the subclass relationship directly.",1.0,,,
442,hierarchy,GOSe Outcome,subClassOf,Outcome,Schema-inferred: GOSe Outcome is a subclass of Outcome.,accept_direct,,,,,"GOSe Outcome is explicitly listed as a subclass of Outcome in the preamble; thus, the relation is valid as subClassOf.",1.0,,,
443,hierarchy,CVP,subClassOf,Optional Monitoring Parameter,Schema-inferred: Central Venous Pressure is a subclass of Optional Monitoring Parameter.,accept_direct,,,,,"CVP is listed as a subclass of Optional Monitoring Parameter in the preamble, confirming the subclass relationship directly.",1.0,,,
444,hierarchy,Acute Respiratory Distress Syndrome,subClassOf,Secondary Insult,Schema-inferred: Acute Respiratory Distress Syndrome is a subclass of Secondary Insult.,accept_direct,,,,,"Acute Respiratory Distress Syndrome is listed as a valid subclass of Secondary Insult in the preamble; thus, the relationship holds directly.",1.0,,,
445,hierarchy,Traumatic Brain Injury,subClassOf,Brain Injury,Traumatic brain injury (TBI) is a leading cause of death and long-term disability worldwide.,accept_direct,,,,,"Traumatic Brain Injury is explicitly listed as a subclass of Brain Injury in the preamble; thus, the relationship holds directly.",1.0,,,
446,hierarchy,Condition,subClassOf,Mortality,"Clinical management of this population is focused on minimising tivity, disease severity and mortality is related to the partial pressure of any secondary injury, such as ischemia or raised intracranial pressure brain tissue oxygen (PbtO2) .",reject,,,,,Condition does not subclass Mortality; they are distinct classes with no subclass relationship in the preamble.,0.9,,,
447,hierarchy,Arterial Hypotension,subClassOf,Secondary Insult,[inferred] Arterial Hypotension is a subclass of Secondary Insult (deterministic hierarchy checklist).,accept_direct,,,,,"Arterial Hypotension is listed as a subclass of Secondary Insult in the preamble, confirming the hierarchy relationship.",1.0,,,
448,hierarchy,Brain Injury,subClassOf,Condition,[inferred] Chain-of-Layer: Brain Injury is organized under Condition,accept_direct,,,,,Brain Injury is listed as a valid subclass of Condition in the preamble.,1.0,,,
449,hierarchy,Secondary Brain Injury,subClassOf,Brain Injury,[inferred] Chain-of-Layer: Secondary Brain Injury is organized under Brain Injury,accept_direct,,,,,"Secondary Brain Injury is listed as a valid subclass of Brain Injury in the preamble; therefore, the subclass relationship is correct.",1.0,,,
450,hierarchy,Cerebrovascular Autoregulation,subClassOf,Secondary Insult,[inferred] Chain-of-Layer: Cerebrovascular Autoregulation is organized under Secondary Insult,accept_direct,,,,,"Cerebrovascular Autoregulation is listed as a valid subclass of Secondary Insult in the preamble; thus, the relationship holds directly.",1.0,,,
451,hierarchy,Adverse Event,subClassOf,Condition,[inferred] Chain-of-Layer: Adverse Event is organized under Condition,accept_direct,,,,,"Adverse Event is listed as a valid subclass of Condition in the preamble, confirming the subclass relationship directly.",1.0,,,
452,hierarchy,Heart Rate,subClassOf,Physiological Data,[inferred] Chain-of-Layer: Heart Rate is organized under Physiological Data,accept_direct,,,,,"Heart Rate is explicitly listed as a subclass of Physiological Data in the preamble, validating the subclass relationship directly.",1.0,,,
453,hierarchy,Mean Arterial Pressure (MAP),subClassOf,Physiological Data,[inferred] Chain-of-Layer: Mean Arterial Pressure (MAP) is organized under Physiological Data,accept_direct,,,,,"Mean Arterial Pressure (MAP) is listed as a subclass of Physiological Data in the preamble, confirming the hierarchy relationship.",1.0,,,
454,hierarchy,Intracranial Pressure (ICP),subClassOf,Physiological Data,[inferred] Chain-of-Layer: ICP is organized under Physiological Data,accept_direct,,,,,"Intracranial Pressure (ICP) is explicitly listed as a subclass of Physiological Data in the preamble, confirming the direct subclass relationship.",1.0,,,
455,hierarchy,Cerebral Perfusion Pressure (CPP),subClassOf,Physiological Data,[inferred] Chain-of-Layer: CPP is organized under Physiological Data,accept_direct,,,,,"Cerebral Perfusion Pressure (CPP) is listed as a subclass of Physiological Data in the preamble, confirming the subclass relationship directly.",1.0,,,
456,hierarchy,Carbon Dioxide,subClassOf,Physiological Data,[inferred] Chain-of-Layer: Carbon Dioxide is organized under Physiological Data,accept_direct,,,,,Carbon Dioxide is a valid subclass of Physiological Data as per the preamble's classification of physiological parameters.,1.0,,,
457,hierarchy,PbrO2,subClassOf,Physiological Data,[inferred] Chain-of-Layer: Pbro2 is organized under Physiological Data,accept_direct,,,,,"PbrO2 is listed as a subclass of Physiological Data in the preamble; therefore, the triple is valid as is.",1.0,,,
458,hierarchy,Partial Pressure of Brain Tissue Oxygen,subClassOf,Physiological Data,[inferred] Chain-of-Layer: Partial Pressure of Brain Tissue Oxygen is organized under Physiological Data,accept_direct,,,,,Partial Pressure of Brain Tissue Oxygen is a valid subclass of Physiological Data as per the preamble's classification of physiological parameters.,1.0,,,
459,hierarchy,Partial Pressure of Carbon Dioxide,subClassOf,Physiological Data,[inferred] Chain-of-Layer: Partial Pressure of Carbon Dioxide is organized under Physiological Data,accept_direct,,,,,Partial Pressure of Carbon Dioxide is a valid subclass of Physiological Data as per the preamble's classification of physiological parameters.,1.0,,,
460,hierarchy,Hypothermia Therapy,subClassOf,Baseline Therapy,[inferred] Chain-of-Layer: Hypothermia Therapy is organized under Therapy,accept_direct,,,,,"Hypothermia Therapy is listed as a valid subclass of Therapy in the preamble; thus, the subclass relationship is correct.",1.0,,,
461,hierarchy,Patient Interventions,subClassOf,Therapy,[inferred] Chain-of-Layer: Patient Interventions is organized under Therapy,accept_direct,,,,,"Patient Interventions is explicitly listed as a valid subclass of Therapy in the preamble; thus, the relationship holds directly.",1.0,,,
462,hierarchy,Guideline Adherence,subClassOf,Clinical Practice,[inferred] Chain-of-Layer: Guideline Adherence is organized under Clinical Practice,accept_direct,,,,,Guideline Adherence is explicitly listed as a subclass of Clinical Practice in the preamble; the relation is subClassOf.,1.0,,,
463,hierarchy,Clinical Reminders,subClassOf,Clinical Practice,[inferred] Chain-of-Layer: Clinical Reminders is organized under Clinical Practice,accept_direct,,,,,"Clinical Reminders is listed as a valid subclass of Clinical Practice in the preamble; thus, the subclass relationship holds directly.",1.0,,,
464,hierarchy,Outcome Score,subClassOf,Outcome,[inferred] Chain-of-Layer: Outcome Score is organized under Outcome,accept_direct,,,,,"Outcome Score is a subclass of Outcome as stated in the preamble; thus, the relationship holds directly.",1.0,,,
465,hierarchy,Mortality,subClassOf,Outcome,[inferred] Mortality is a subclass of Outcome (deterministic hierarchy checklist).,accept_direct,,,,,"Mortality is listed as a subclass of Outcome in the preamble, confirming the direct subclass relationship.",1.0,,,
466,hierarchy,Pressure Reactivity Index (PRx),subClassOf,Derived Parameter,derived index reflecting cerebrovascular pressure reactivity,accept_direct,,,,,Pressure Reactivity Index (PRx) is listed as a subclass of Derived Parameter in the preamble; the relationship holds directly.,1.0,,,
467,hierarchy,Physiotherapy,subClassOf,Nursing Intervention,[inferred] Physiotherapy is a subclass of Nursing Intervention.,accept_direct,,,,,Physiotherapy is listed as a valid subclass of Nursing Intervention in the preamble; the relation is subClassOf.,1.0,,,
468,hierarchy,ICP Sensor Placement,subClassOf,Surgical Procedure,placement of ICP monitoring sensor,accept_direct,,,,,ICP Sensor Placement is listed as a valid subclass of Surgical Procedure in the preamble; the relation is subClassOf.,1.0,,,
469,hierarchy,White Blood Cell Count,subClassOf,Haematology,[inferred] White Blood Cell Count is a subclass of Haematology.,accept_direct,,,,,White Blood Cell Count is a valid subclass of Haematology as per the preamble's classification of analytes under their respective panels.,0.95,,,
470,hierarchy,Analgesia,subClassOf,Baseline Therapy,[inferred] Analgesia is a subclass of Baseline Therapy.,accept_direct,,,,,"Analgesia is explicitly listed as a subclass of Baseline Therapy in the preamble, confirming the direct subclass relationship.",1.0,,,
471,hierarchy,Noradrenaline,subClassOf,Vasopressors,[inferred] Noradrenaline is a subclass of Vasopressors.,accept_direct,,,,,"Noradrenaline is listed as a valid subclass of Vasopressors in the preamble; thus, the relationship holds directly.",1.0,,,
472,hierarchy,Anti-pyretics,subClassOf,Baseline Therapy,[inferred] Anti-pyretics is a subclass of Baseline Therapy.,accept_direct,,,,,Anti-pyretics is listed as a valid subclass of Baseline Therapy in the preamble.,1.0,,,
473,hierarchy,Paralysis,subClassOf,Baseline Therapy,[inferred] Paralysis is a subclass of Baseline Therapy.,accept_direct,,,,,"Paralysis is explicitly listed as a subclass of Baseline Therapy in the preamble, confirming the hierarchy relationship.",1.0,,,
474,hierarchy,Anti-hypertensives,subClassOf,Baseline Therapy,[inferred] Anti-hypertensives is a subclass of Baseline Therapy.,accept_direct,,,,,"Anti-hypertensives is listed as a valid subclass of Baseline Therapy in the preamble, confirming the subclass relationship.",1.0,,,
475,hierarchy,Osmotics,subClassOf,Secondary Insult Therapy,[inferred] Osmotics is a subclass of Secondary Insult Therapy.,accept_direct,,,,,Osmotics is listed as a valid subclass of Secondary Insult Therapy in the preamble; hence the relationship is directly supported.,1.0,,,
476,hierarchy,Skull Fracture Elevation,subClassOf,Surgical Procedure,[inferred] Skull Fracture Elevation is a subclass of Surgical Procedure.,accept_direct,,,,,Skull Fracture Elevation is explicitly listed as a subclass of Surgical Procedure in the preamble.,1.0,,,
477,hierarchy,Cerebral Perfusion Pressure (CPP),subClassOf,Derived Parameter,Cerebral Perfusion Pressure (CPP) management,accept_direct,,,,,"Cerebral Perfusion Pressure (CPP) is listed as a subclass of Derived Parameter in the preamble; thus, the subclass relationship is valid.",1.0,,,
478,hierarchy,Patient Transport,subClassOf,Nursing Intervention,[inferred] Patient Transport is a subclass of Nursing Intervention.,accept_direct,,,,,"Patient Transport is listed as a valid subclass of Nursing Intervention in the preamble; therefore, the subclass relationship holds directly.",1.0,,,
479,hierarchy,Systemic Hypotension,subClassOf,Secondary Insult,[inferred] Systemic Hypotension is a subclass of Secondary Insult.,accept_direct,,,,,"Systemic Hypotension is listed as a valid subclass of Secondary Insult in the preamble, confirming the subclass relationship directly.",1.0,,,
480,hierarchy,Ventilation,subClassOf,Baseline Therapy,[inferred] Ventilation is a subclass of Baseline Therapy.,accept_direct,,,,,"Ventilation is listed as a subclass of Baseline Therapy in the preamble, confirming the subclass relationship directly.",1.0,,,
481,hierarchy,Routine Nursing Care,subClassOf,Nursing Intervention,routine nursing care,accept_direct,,,,,"Routine Nursing Care is listed as a valid subclass of Nursing Intervention in the preamble; thus, the relationship holds directly.",1.0,,,
482,hierarchy,Antibiotics,subClassOf,Baseline Therapy,[inferred] Antibiotics is a subclass of Baseline Therapy.,accept_direct,,,,,"Antibiotics subClassOf Baseline Therapy is directly supported by the preamble, which lists Antibiotics as a valid subclass of Baseline Therapy.",1.0,,,
483,hierarchy,Hypotension,subClassOf,Secondary Insult,Hypotension is a recognized secondary insult after traumatic brain injury (TBI).,accept_direct,,,,,"Hypotension is listed as a valid subclass of Secondary Insult in the preamble, making the subclass relationship valid.",1.0,,,
484,hierarchy,Steroids,subClassOf,Secondary Insult Therapy,Domain-scope scaffolding: Steroids is a known subclass of Secondary Insult Therapy in the BrainIT domain.,accept_direct,,,,,Steroids is explicitly listed as a valid subclass of Secondary Insult Therapy in the preamble.,1.0,,,
485,hierarchy,Arterial Hypotension,subClassOf,Systemic Hypotension,Schema-inferred: Arterial Hypotension is a subclass of Systemic Hypotension.,accept_direct,,,,,"Arterial Hypotension is listed as a subclass of Systemic Hypotension in the preamble; therefore, the triple is valid as stated.",1.0,,,
486,hierarchy,PbrO2,subClassOf,Optional Monitoring Parameter,Schema-inferred: Brain Tissue Oxygen is a subclass of Optional Monitoring Parameter.,accept_direct,,,,,"PbrO2 is explicitly listed as a subclass of Optional Monitoring Parameter in the preamble; thus, the relationship holds directly.",1.0,,,
487,hierarchy,Electrocardiogram (ECG),subClassOf,Monitoring Data,"Minute by minute monitoring data This is the minimum minute by minute monitoring data required for inclusion in the Brain Monitoring with Information Technology (BrainIT) Database and include: Heart Rate (specifying source: Electrocardiogram (ECG) or Pulse Oximetry), Respiration Rate (sources: impedance plethmography or ventilator), Mean Arterial Pressure, mean Intracranial Pressure (ICP), Pulse Oximetry (SaO2) and Temperature (sources: rectal=oesophageal= bladder=skin.) I.",accept_direct,,,,,"Electrocardiogram (ECG) is explicitly listed as a subclass of Monitoring Data in the preamble; thus, the subclass relationship holds directly.",1.0,,,
488,hierarchy,Respiration Rate,subClassOf,Core Monitoring Parameter,"Minute by minute monitoring data This is the minimum minute by minute monitoring data required for inclusion in the Brain Monitoring with Information Technology (BrainIT) Database and include: Heart Rate (specifying source: Electrocardiogram (ECG) or Pulse Oximetry), Respiration Rate (sources: impedance plethmography or ventilator), Mean Arterial Pressure, mean Intracranial Pressure (ICP), Pulse Oximetry (SaO2) and Temperature (sources: rectal=oesophageal= bladder=skin.) I.",accept_direct,,,,,Respiration Rate is listed as a Core Monitoring Parameter in the preamble; the subclass relationship is valid.,1.0,,,
489,hierarchy,Mean Arterial Pressure (MAP),subClassOf,Monitoring Data,"Minute by minute monitoring data This is the minimum minute by minute monitoring data required for inclusion in the Brain Monitoring with Information Technology (BrainIT) Database and include: Heart Rate (specifying source: Electrocardiogram (ECG) or Pulse Oximetry), Respiration Rate (sources: impedance plethmography or ventilator), Mean Arterial Pressure, mean Intracranial Pressure (ICP), Pulse Oximetry (SaO2) and Temperature (sources: rectal=oesophageal= bladder=skin.) I.",accept_direct,,,,,Mean Arterial Pressure (MAP) is explicitly listed as a subclass of Monitoring Data in the preamble.,1.0,,,
490,hierarchy,SaO2,subClassOf,Monitoring Data,"Minute by minute monitoring data This is the minimum minute by minute monitoring data required for inclusion in the Brain Monitoring with Information Technology (BrainIT) Database and include: Heart Rate (specifying source: Electrocardiogram (ECG) or Pulse Oximetry), Respiration Rate (sources: impedance plethmography or ventilator), Mean Arterial Pressure, mean Intracranial Pressure (ICP), Pulse Oximetry (SaO2) and Temperature (sources: rectal=oesophageal= bladder=skin.) I.",accept_direct,,,,,SaO2 is listed as a subclass of Monitoring Data in the preamble; the relationship is valid and direct.,1.0,,,
491,hierarchy,Temperature,subClassOf,Core Monitoring Parameter,"Minute by minute monitoring data This is the minimum minute by minute monitoring data required for inclusion in the Brain Monitoring with Information Technology (BrainIT) Database and include: Heart Rate (specifying source: Electrocardiogram (ECG) or Pulse Oximetry), Respiration Rate (sources: impedance plethmography or ventilator), Mean Arterial Pressure, mean Intracranial Pressure (ICP), Pulse Oximetry (SaO2) and Temperature (sources: rectal=oesophageal= bladder=skin.) I.",accept_direct,,,,,"Temperature is listed as a Core Monitoring Parameter in the preamble, thus the subclass relationship is valid.",1.0,,,
492,hierarchy,Reading,subClassOf,Observation,define pd:Reading as a subclass of ssn:ObservationValue,accept_direct,,,,,"Reading is listed as a subclass of Observation in the preamble; thus, the subclass relationship is valid.",1.0,,,
493,hierarchy,Parameter,subClassOf,Observation,pd:Parameter (representing things that were recorded) as a subclass of ssn:Property,accept_direct,,,,,Parameter subClassOf Observation is valid as the preamble lists Parameter as a subclass of Observation.,1.0,,,
494,hierarchy,Machine,subClassOf,Sensor,defined mms:Machine as a subclass of ssn:Platform,accept_direct,,,,,Machine is listed as a subclass of Sensor in the preamble; the relationship holds directly.,1.0,,,
495,hierarchy,SaO2,subClassOf,Core Monitoring Parameter,[inferred] Chain-of-Layer: Sao2 is organized under Core Monitoring Parameter,accept_direct,,,,,SaO2 is listed as a subclass of Core Monitoring Parameter in the preamble; the relationship is direct and valid.,1.0,,,
496,hierarchy,Cerebral Perfusion Pressure (CPP),subClassOf,Core Monitoring Parameter,[inferred] Chain-of-Layer: Cerebral Perfusion Pressure (CPP) is organized under Core Monitoring Parameter,accept_direct,,,,,Cerebral Perfusion Pressure (CPP) is listed as a subclass of Core Monitoring Parameter in the preamble; the relationship holds directly.,1.0,,,
497,hierarchy,CVP,subClassOf,Core Monitoring Parameter,[inferred] Chain-of-Layer: CVP is organized under Core Monitoring Parameter,accept_direct,,,,,CVP is listed as a subclass of Core Monitoring Parameter in the preamble; the relation is subClassOf.,1.0,,,
498,hierarchy,Head Injury,subClassOf,Brain Injury,[inferred] Chain-of-Layer: Head Injury is organized under Brain Injury,accept_direct,,,,,"Head Injury is listed as a valid subclass of Brain Injury in the preamble, confirming the subclass relationship directly.",1.0,,,
499,hierarchy,Neurological Injury,subClassOf,Brain Injury,[inferred] Chain-of-Layer: Neurological Injury is organized under Brain Injury,accept_direct,,,,,"Neurological Injury is explicitly listed as a subclass of Brain Injury in the preamble, confirming the subclass relationship.",1.0,,,
500,hierarchy,Coma,subClassOf,Brain Injury,[inferred] Chain-of-Layer: Coma is organized under Brain Injury,accept_direct,,,,,"Coma is listed as a valid subclass of Brain Injury in the preamble; thus, the subclass relationship holds directly.",1.0,,,
501,hierarchy,Hypertension,subClassOf,Secondary Insult,[inferred] Chain-of-Layer: Hypertension is organized under Secondary Insult,accept_direct,,,,,"Hypertension is listed as a valid subclass of Secondary Insult in the preamble; thus, the relationship holds directly.",1.0,,,
502,hierarchy,Respiratory Distress Syndrome,subClassOf,Secondary Insult,[inferred] Chain-of-Layer: Respiratory Distress Syndrome is organized under Secondary Insult,reject,,,,,Respiratory Distress Syndrome is not listed as a subclass of Secondary Insult in the preamble; the relationship does not hold between these classes.,0.9,,,
503,hierarchy,Sepsis,subClassOf,Secondary Insult,[inferred] Chain-of-Layer: Sepsis is organized under Secondary Insult,accept_direct,,,,,"Sepsis is listed as a valid subclass of Secondary Insult in the preamble, confirming the subclass relationship directly.",1.0,,,
504,hierarchy,Adrenaline,subClassOf,Therapy,[inferred] Chain-of-Layer: Adrenaline is organized under Therapy,accept_direct,,,,,"Adrenaline is listed as a subclass of Therapy in the preamble, confirming the subclass relationship directly.",1.0,,,
505,hierarchy,Noradrenaline,subClassOf,Therapy,[inferred] Chain-of-Layer: Noradrenaline is organized under Therapy,accept_direct,,,,,"Noradrenaline is listed as a valid subclass of Therapy in the preamble, confirming the subclass relationship directly.",1.0,,,
506,hierarchy,Derived Parameter,subClassOf,Monitoring Data,[inferred] Derived Parameter is a subclass of Monitoring Data.,accept_direct,,,,,Derived Parameter is listed as a subclass of Monitoring Data in the preamble; the relationship holds directly.,1.0,,,
507,hierarchy,Probable Error,subClassOf,Data Quality Assessment,a reading outside its acceptable range with no contextual clinical explanation,accept_direct,,,,,Probable Error is a valid subclass of Data Quality Assessment as per the preamble's hierarchy of classes.,1.0,,,
508,hierarchy,Bedside Intervention,subClassOf,Nursing Intervention,"Line insertion/renewal, transducer calibration, x-ray",accept_direct,,,,,"Bedside Intervention is listed as a valid subclass of Nursing Intervention in the preamble; therefore, the subclass relationship holds directly.",1.0,,,
509,hierarchy,Cerebral Perfusion Pressure (CPP),subClassOf,Parameter,Cerebral perfusion pressure (CPP 1/4 Blood Pressure (BP)-ICP) monitoring is a good example.,accept_direct,,,,,Cerebral Perfusion Pressure (CPP) is listed as a subclass of Parameter in the preamble; the relation is valid as subClassOf.,1.0,,,
510,hierarchy,Brain Temperature,subClassOf,Optional Monitoring Parameter,Domain-scope scaffolding: Brain Temperature is a known subclass of Optional Monitoring Parameter in the BrainIT domain.,accept_direct,,,,,Brain Temperature is explicitly listed as a subclass of Optional Monitoring Parameter in the preamble; the relation is correctly subClassOf.,1.0,,,
511,hierarchy,Microdialysis,subClassOf,Optional Monitoring Parameter,Domain-scope scaffolding: Microdialysis is a known subclass of Optional Monitoring Parameter in the BrainIT domain.,accept_direct,,,,,Microdialysis is explicitly listed as a valid subclass of Optional Monitoring Parameter in the preamble.,1.0,,,
512,hierarchy,Evacuation of Mass Lesion,subClassOf,Surgical Procedure,Domain-scope scaffolding: Evacuation of Mass Lesion is a known subclass of Surgical Procedure in the BrainIT domain.,accept_direct,,,,,"Evacuation of Mass Lesion is explicitly listed as a subclass of Surgical Procedure in the preamble; thus, the relationship holds directly.",1.0,,,
513,hierarchy,Adrenaline,subClassOf,Vasopressors,Schema-inferred: Adrenaline is a subclass of Vasopressors.,accept_direct,,,,,Adrenaline is listed as a valid subclass of Vasopressors in the preamble; the relation is correctly classified as subClassOf.,1.0,,,
