triple_index,kind,subject,relation,object,evidence,verdict,revise_subtype,suggested_subject,suggested_relation,suggested_object,justification,confidence,stage_b_justification,stage_b_confidence,flags
0,relation,Decompressive Craniectomy,has outcome,Outcome,The outcome was captured at six months using the extended Glasgow Outcome Scale (GOSE).,accept_direct,,,,,Decompressive Craniectomy hasOutcome Outcome is a valid relationship as surgical procedures are associated with patient outcomes in neurointensive care.,0.9,,,
1,relation,Traumatic Brain Injury,targets condition,ICP,one of the cornerstones of brain-protective strategies is to reduce and control intracranial pressure (ICP),accept_direct,,,,,"Traumatic Brain Injury targets condition ICP, as reducing ICP is a key strategy in managing TBI, directly linking the two classes.",0.9,,,
2,relation,Intracranial Hypertension,is associated with,Mortality,Uncontrollable intracranial hypertension is a major cause of death in patients with severe traumatic brain injury.,accept_direct,,,,,"Intracranial Hypertension is associated with Mortality, as uncontrollable intracranial hypertension is a major cause of death in severe traumatic brain injury patients.",0.9,,,
3,relation,Intracranial Hypertension,targets condition,Decompressive Craniectomy,patients with intracranial hypertension treated conservatively were excluded.,accept_direct,,,,,Intracranial Hypertension targets condition Decompressive Craniectomy as it is a recognized treatment for elevated intracranial pressure in TBI patients.,0.9,,,
4,relation,GCS Assessment,assesses,Motor Impairment,The Glasgow Motors Score was used for assessing motor impairment.,accept_direct,,,,,"GCS Assessment assesses Motor Impairment directly as it evaluates a patient's neurological status following brain injury, aligning with clinical practice.",0.95,,,
5,relation,Pupil Assessment,monitoring indicates condition,Motor Impairment,Pupil abnormalities were seen in 34.4% of our patients.,revise,4.4,Pupil Assessment,hasClinicalAssessment,Motor Impairment,The relation 'monitoring indicates condition' is not valid; it should be 'Pupil Assessment hasClinicalAssessment Motor Impairment' to reflect the correct relationship.,0.85,The relation 'monitoring indicates condition' is incorrect; it should be 'Pupil Assessment hasClinicalAssessment Motor Impairment' to reflect the correct relationship.,1.0,
6,relation,Secondary Insult,is associated with,Hypotension,"Hypoxia and arterial hypotension were found in 10.0% and 6.1%, respectively.",accept_direct,,,,,"Secondary Insult is associated with Hypotension, as Hypotension is a valid subclass of Secondary Insult, indicating a direct relationship.",0.9,,,
7,relation,Traumatic Brain Injury,has outcome,Outcome,A more extensive description is provided in the Supplementary Appendix.,accept_direct,,,,,The relationship 'Traumatic Brain Injury has outcome Outcome' is valid as TBI is a condition that directly influences patient outcomes.,0.9,,,
8,relation,Traumatic Brain Injury,is treated with,Decompressive Craniectomy,Decompressive craniectomy (DC) as a last-tier intervention,accept_direct,,,,,Traumatic Brain Injury is treated with Decompressive Craniectomy as a valid therapy in neurointensive care.,0.95,,,
9,relation,Decompressive Craniectomy,is monitored by,ICP,Mean intracranial pressure (ICP) pre-Decompressive craniectomy (DC),accept_indirect,,,,,"Decompressive Craniectomy is associated with ICP via the relationship that surgical procedures are monitored by parameters, which includes ICP as a critical monitoring parameter.",0.7,,,low_evidence
10,relation,ICP,is influenced by,CPP,Mean intracranial pressure (ICP)/Cerebral Perfusion Pressure (CPP),accept_direct,,,,,"ICP is influenced by CPP as both are critical parameters in neurological assessments, directly relating to cerebral perfusion.",0.9,,,
11,relation,Decompressive Craniectomy,is administered during,Barbiturates,Decompressive craniectomy (DC) + thiopental can be referring to barbiturate administration,accept_indirect,,,,,Decompressive Craniectomy is associated with Barbiturates through the chain: Decompressive Craniectomy → isAdministeredDuring → Barbiturates.,0.8,,,
12,relation,Decompressive Craniectomy,targets condition,Traumatic Intracranial Hypertension,Decompressive craniectomy (DC) in a patient-tailored combination with other second and third-tier therapies should maintain its place in the management of severe traumatic intracranial hypertension.,accept_direct,,,,,Decompressive Craniectomy targets Traumatic Intracranial Hypertension as a valid surgical procedure for managing this condition in neurointensive care.,0.95,,,
13,relation,Decompressive Craniectomy,has clinical assessment,GOSe Outcome,outcome was only evaluated in terms of robust extended Glasgow Outcome Scores,revise,4.4,Decompressive Craniectomy,hasOutcome,GOSe Outcome,"The relation 'has clinical assessment' should be 'hasClinicalAssessment', as the object 'GOSe Outcome' is an outcome, not a clinical assessment.",0.9,"hasClinicalAssessment should be hasOutcome, as GOSe Outcome is an outcome, not a clinical assessment.",1.0,
14,relation,Decompressive Craniectomy,reduces,Mean Intracranial Pressure,it effectively reduces Mean intracranial pressure (ICP),accept_direct,,,,,Decompressive Craniectomy reduces Mean Intracranial Pressure is semantically correct as the procedure is intended to relieve pressure on the brain.,0.95,,,
15,relation,ICP,has monitoring data,Traumatic Brain Injury,The BESTIntracranial pressure (ICP) monitoring is still considered to provide important information to detect and prevent secondary injury after severe Traumatic brain injury (TBI).,accept_direct,,,,,ICP hasMonitoringData Traumatic Brain Injury is valid as ICP is a core monitoring parameter relevant to TBI assessments.,0.9,,,
16,relation,Intracranial Hypertension,receives therapy,GOSe Outcome,"Intracranial pressures above 20 mmHg lasting longer than 37 min in adults, and longer than 8 min in children, are associated with worse outcomes.",revise,4.3,Intracranial Hypertension,targetsCondition,Secondary Insult Therapy,"Intracranial Hypertension should not 'receive therapy'; it should be linked to a specific therapy class instead, such as 'Secondary Insult Therapy'.",0.8,"Intracranial Hypertension should be linked to Secondary Insult Therapy instead of receiving therapy, as per the domain context.",1.0,
17,relation,CPP,has clinical assessment,Intracranial Hypertension,"When the cerebral perfusion pressure is below 50 mmHg, all intracranial pressure insults, regardless of duration, are associated with worse outcome.",revise,4.4,CPP,hasClinicalAssessment,Intracranial Hypertension,The relation 'has clinical assessment' should be 'hasClinicalAssessment' as it must match the canonical BrainIT relation naming convention.,0.9,The relation 'has clinical assessment' should be 'hasClinicalAssessment' to match the canonical BrainIT relation naming convention.,1.0,
18,relation,ICP,has monitoring data,Monitoring Data,The BESTIntracranial pressure (ICP) and mean arterial blood pressure (MAP) monitoring data,accept_direct,,,,,ICP hasMonitoringData MonitoringData is valid as ICP is a core monitoring parameter and falls under the monitoring data category.,0.95,,,
19,relation,Monitoring Data,monitoring indicates condition,Condition,the percentage of monitoring time in the red zone during the first day only was a significant independent predictor of mortality,reject,,,,,"The relation 'monitoring indicates condition' is semantically incorrect; monitoring data does not indicate a condition directly, nor is there a valid relation between these classes.",0.9,,,
20,relation,ICP,associated with condition,Condition,"when Cerebral Perfusion Pressure (CPP) was below 50 mmHg, almost all The BESTIntracranial pressure (ICP) insults were associated with worse outcome",reject,,,,,"The relationship 'ICP associated with Condition' is incorrect; ICP is a monitoring parameter, not a condition itself, and does not hold this relationship with the generic class 'Condition'.",0.7,,,low_evidence
21,relation,Traumatic Brain Injury,has monitoring data,Monitoring Data,"The present study autoregulation is intact, the transition curve shifts to the right.",accept_direct,,,,,"The relationship 'Traumatic Brain Injury has monitoring data Monitoring Data' is valid as TBI is monitored through various physiological parameters, directly linking it to Monitoring Data.",0.9,,,
22,relation,Traumatic Brain Injury,is associated with,Secondary Brain Injury,"Cerebrovascular pressure autoregulation is often impaired in severe Traumatic brain injury (TBI), and such impairment is such as the relationship between physiological thresholds and outcome.",accept_direct,,,,,The relationship 'Traumatic Brain Injury is associated with Secondary Brain Injury' is clinically valid as secondary brain injury often results from the primary injury.,0.9,,,
23,relation,CPP,receives therapy,Traumatic Brain Injury,"One would expect such change in recommendation to be followed, and hence to lead to alterations in Cerebral Perfusion Pressure (CPP) policy across centres.",revise,4.4,CPP,isMonitoredBy,Traumatic Brain Injury,"The relation 'receives therapy' is incorrect as 'CPP' is a parameter, not a therapy; it should relate to a therapy class instead.",0.7,"CPP is a monitoring parameter, and the relation should be isMonitoredBy to connect it to Traumatic Brain Injury.",0.9,low_evidence
24,relation,CPP,has monitoring data,Monitoring Data,Cerebral perfusion pressure (CPP 1/4 Blood Pressure (BP)-ICP) monitoring is a good example.,accept_direct,,,,,"CPP hasMonitoringData Monitoring Data is valid as CPP is a physiological parameter that is monitored, aligning with the preamble's definitions.",0.9,,,
25,relation,Vasopressors,receives therapy,CPP,the non-beneficial effect of keeping Cerebral Perfusion Pressure (CPP) above 70 mmHg by administering high doses of vasopressors.,revise,4.4,Vasopressors,isAdministeredDuring,Therapy,The relation 'receives therapy' is incorrect as CPP is not a therapy; it should be replaced with a valid therapy class like 'Vasopressors isAdministeredDuring Therapy'.,0.9,CPP is not a therapy; Vasopressors should be linked to Therapy via isAdministeredDuring.,1.0,
26,relation,CPP,correlates with,Mean Arterial Pressure (MAP),Cerebral Perfusion Pressure (CPP) strongly correlated with Mean Arterial Pressure (MAP).,accept_direct,,,,,"CPP correlates with MAP as both are valid physiological parameters in neurointensive care, directly linking their relationship.",0.9,,,
27,relation,CPP,receives therapy,ICP,it is influenced by Intracranial Pressure (ICP) variability,revise,4.4,CPP,assesses,ICP,"The relation 'receives therapy' is incorrect as CPP is a parameter, not a therapy; it should be replaced with a valid therapy class.",0.9,"CPP assesses ICP as both are critical parameters in neurological assessments, correcting the inappropriate 'receives therapy' relation.",1.0,
28,relation,CPP,receives therapy,Mean Arterial Pressure (MAP),Mean Arterial Pressure (MAP) variability including,revise,4.3,CPP,receivesTherapy,Baseline Therapy,CPP does not receive therapy; it should be replaced with a valid therapy class like Baseline Therapy or Secondary Insult Therapy.,0.9,CPP does not receive therapy; it should be replaced with a valid therapy class like Baseline Therapy.,0.9,
29,relation,CPP,associates with,Acute Respiratory Distress Syndrome,acute respiratory distress syndrome (ARDS) reportedly associated with vasopressors,reject,,,,,CPP does not directly associate with Acute Respiratory Distress Syndrome; the relationship is clinically implausible as they are not hierarchically related or directly connected in the ontology.,0.9,,,
30,relation,CPP,follows,Guideline,the Brain Trauma Foundation (BTF) guidelines issued this year,accept_indirect,,,,,"CPP is associated with Guideline through clinical recommendations for assessing secondary injury risk, forming an indirect relationship.",0.85,,,
31,relation,Guideline Adherence,receives therapy,Traumatic Brain Injury,Guideline adherence and outcomes in severe adult traumatic brain injury,revise,4.4,Guideline Adherence,affectsOutcome,Traumatic Brain Injury,"The relation 'receivesTherapy' is incorrect as 'Traumatic Brain Injury' is a condition, not a therapy; it should be 'Guideline Adherence affectsOutcome Traumatic Brain Injury'.",0.9,"The relation 'receivesTherapy' is incorrect as 'Traumatic Brain Injury' is a condition, not a therapy; it should be 'affectsOutcome'.",1.0,
32,relation,Traumatic Brain Injury,is a risk factor for,Secondary Insult,Traumatically brain injured (TBI) patients are at risk from secondary insults.,accept_direct,,,,,"Traumatic Brain Injury is a recognized risk factor for Secondary Insult, as stated in the evidence from clinical literature.",0.95,,,
33,relation,Hypotension,is related to,Poor Outcome,"Arterial hypotension, critically low blood pressure, is one of the most dangerous secondary insults and is related to poor outcome in patients.",accept_direct,,,,,"Hypotension is related to Poor Outcome as a clinically recognized association in neurointensive care, supported by the evidence provided.",0.95,,,
34,relation,Hypotension,affects outcome,Traumatic Brain Injury,there is compelling evidence that even 'minute by minute' hypotension events cumulatively can influence patient outcome.,accept_direct,,,,,Hypotension affects outcome is a valid relationship as it directly influences patient outcomes in the context of Traumatic Brain Injury.,0.95,,,
35,relation,Hypotension,prognostic factor for,Head Injury,the cumulative duration of arterial hypotensive events is a prognostic factor for their clinical outcome following a head injury.,accept_direct,,,,,"Hypotension is a prognostic factor for Head Injury as stated in the evidence, confirming the relationship directly between the two classes.",0.9,,,
36,relation,Hypotension,associated with condition,Condition,"for with the medical management of sepsis, it has been shown that duration of hypotension before initiation",reject,,,,,The relationship 'Hypotension associated with Condition' is incorrect as 'Condition' is too generic and does not specifically relate to hypotension; no valid relation exists here.,0.7,,,low_evidence
37,relation,Traumatic Brain Injury,has monitoring data,Hypotension,both systolic and mean arterial pressure should be monitored and considered in the definition of hypotension,accept_direct,,,,,Traumatic Brain Injury hasMonitoringData Hypotension is valid as hypotension is a condition monitored in TBI patients.,0.95,,,
38,relation,Hypotension,is a condition of,Sepsis,"for with the medical management of sepsis, it has been shown that duration of hypotension before initiation",accept_indirect,,,,,"Hypotension is a condition that can lead to poor outcomes in critically ill patients, and Sepsis is a condition that can be influenced by Hypotension, thus establishing an indirect relationship.",0.75,,,
39,relation,Sepsis,receives therapy,Hypotension,it has been shown that with each hour delay in treatment of hypotension leads to an increase in in-hospital mortality.,revise,4.4,Sepsis,isAdministeredDuring,Baseline Therapy,The relation 'receives therapy' is incorrect as 'Hypotension' is not a therapy; it should be replaced with a valid therapy class like 'Baseline Therapy'.,0.9,Hypotension is not a therapy; it should be replaced with a valid therapy class like 'Baseline Therapy'.,1.0,
40,relation,Monitoring Data,has monitoring data,Monitoring Data,sophisticated patient monitoring systems can capture large volumes of streaming physiological data which continuously report on a patient's status.,reject,,,,,The relation 'has monitoring data' between 'Monitoring Data' and 'Monitoring Data' is nonsensical as it implies a circular reference without any meaningful connection.,0.9,,,
41,relation,ICP,affects outcome,Hypotension,Impact of Intracranial Pressure (ICP) instability and hypotension on outcome in patients with severe head trauma.,accept_direct,,,,,"ICP affects outcome Hypotension directly as both are valid classes in the neurointensive care context, with ICP influencing patient outcomes related to low blood pressure.",0.9,,,
42,relation,Secondary Insult,worsens,Head Trauma,Measuring the burden of secondary insults in head-injured patients during intensive care.,accept_direct,,,,,Secondary Insult worsens Head Trauma is clinically valid as secondary insults can exacerbate head injuries in neurointensive care.,0.9,,,
43,relation,Decompressive Craniectomy,is associated with,Mean Intracranial Pressure,Decompressive craniectomy (DC) resulted in an absolute reduction in median mean Mean intracranial pressure (ICP) from 19.5 group to 13.9 mmHg.,accept_direct,,,,,"Decompressive Craniectomy is associated with Mean Intracranial Pressure as it directly relates to managing brain injuries, supported by the provided evidence.",0.9,,,
44,relation,Decompressive Craniectomy,is associated with,Cerebrovascular Autoregulation,"A control varying effect on Cerebral Perfusion Pressure (CPP) was seen, as well as a trend of reduction in median Pressure Reactivity Index (PRx).",accept_indirect,,,,,Decompressive Craniectomy is associated with Cerebrovascular Autoregulation via the pathway: Surgical Procedure → isAssociatedWith → Condition → isAConditionOf → Insult → affectsOutcome → Cerebrovascular Autoregulation.,0.85,,,
45,relation,Decompressive Craniectomy,has monitoring data,Monitoring Data,"patient, injury and management variables including physiological monitoring data and administration of thiopental were analysed",accept_direct,,,,,Decompressive Craniectomy hasMonitoringData Monitoring Data is valid as monitoring data is collected during surgical procedures in neurointensive care.,0.95,,,
46,relation,Decompressive Craniectomy,is associated with,ICP,uncontrollable intracranial hypertension is a major cause of death in patients with severe traumatic brain injury.,accept_direct,,,,,Decompressive Craniectomy is associated with ICP as it directly relates to intracranial pressure management in neurointensive care.,0.95,,,
47,relation,Decompressive Craniectomy,is treated with,Barbiturates,"Decompressive craniectomy (DC) was chosen as a next step, with or without first having applied third-tier medical therapy with barbiturates.",accept_indirect,,,,,The relationship between Decompressive Craniectomy and Barbiturates is true via the chain: Decompressive Craniectomy is a Surgical Procedure that may be associated with Barbiturates as a therapy.,0.7,,,low_evidence
48,relation,Decompressive Craniectomy,affects outcome,Mortality,the results of RESCUEicp showed that Decompressive craniectomy (DC) resulted in lower mortality rates.,accept_direct,,,,,Decompressive Craniectomy affects outcome Mortality is supported by clinical evidence showing lower mortality rates post-procedure.,0.9,,,
49,relation,Monitoring,has outcome,Outcome,the outcome was captured at six months using the extended Glasgow Outcome Scale (GOSE).,accept_direct,,,,,Monitoring hasOutcome Outcome is a direct relationship as monitoring directly influences patient outcomes in neurointensive care.,0.9,,,
50,relation,Patient,has demographic data,Demographic Data,the collection of demographic data from traumatic brain injury (TBI) patients.,accept_direct,,,,,Patient hasDemographicData Demographic Data is a direct relationship as demographic data is collected for patients in neurointensive care for TBI.,0.95,,,
51,relation,Patient,has surgical procedure,Surgical Procedure,the physiological vital functions are extensively monitored.,accept_direct,,,,,The relationship 'Patient has surgical procedure Surgical Procedure' is valid as patients receive surgical procedures during neurointensive care for TBI.,0.9,,,
52,relation,Patient,has monitoring data,Monitoring Data,"The Brain Monitoring with Information Technology (BrainIT) network provides a more standardised and higher resolution data collection mechanism for research groups, organisations and the device industry to conduct multi-centre trials of new health care technology in patients with traumatic brain injury.",accept_direct,,,,,The relationship 'Patient hasMonitoringData Monitoring Data' is valid as monitoring data is collected from patients in neurointensive care.,0.95,,,
53,relation,Patient,receives therapy,Therapy,the physiological vital functions are extensively monitored.,revise,4.2,Patient,receivesTherapy,Baseline Therapy,The relation 'receivesTherapy' requires a specific therapy class as the object; 'Therapy' is too general and should be replaced with a specific subclass like 'Baseline Therapy'.,0.9,The relation 'receivesTherapy' requires a specific therapy class; 'Therapy' is too general and should be replaced with 'Baseline Therapy'.,0.9,
54,relation,Therapy,targets condition,Condition,Therapeutic hypothermia reduces intracranial pressure and partial brain oxygen tension in patients with severe traumatic brain injury.,revise,4.4,Therapy,affectsOutcome,Condition,"The relation 'targets condition' should be replaced with 'affectsOutcome' as Therapy influences patient outcomes related to various Conditions, not just targeting them.",0.85,The relation 'targets condition' should be 'affectsOutcome' as Therapy influences patient outcomes related to various Conditions.,1.0,
55,relation,Patient,has clinical assessment,Clinical Assessment,the physiological vital functions are extensively monitored.,accept_direct,,,,,Patient hasClinicalAssessment Clinical Assessment is a direct relationship as per the domain context.,1.0,,,
56,relation,Patient,has outcome,Outcome,the physiological vital functions are extensively monitored.,accept_direct,,,,,The relationship 'Patient hasOutcome Outcome' is valid as it directly connects a Patient to an Outcome measure in the context of neurointensive care.,0.95,,,
57,relation,Patient,has laboratory value,Laboratory Values,the physiological vital functions are extensively monitored.,revise,4.6,Patient,hasLaboratoryValue,Laboratory Values,The relation 'has laboratory value' should be 'hasLaboratoryValue' as it must align with the canonical BrainIT relation naming conventions.,0.9,The relation label 'has laboratory value' contains a typo; it should be 'hasLaboratoryValue' to align with BrainIT conventions.,1.0,
58,relation,Patient,has nursing intervention,Nursing Intervention,"Routine nursing care, physiotherapy, or bedside clinical activities",accept_direct,,,,,Patient hasNursingIntervention Nursing Intervention is a direct relationship as nursing interventions are part of patient care in neurointensive care.,0.95,,,
59,relation,Patient,has session,Session,a live clinical environment to test the data collection systems.,accept_direct,,,,,The relationship 'Patient has session Session' holds directly as a Patient can have multiple monitoring sessions in the ICU.,0.9,,,
60,relation,Session,has timepoint,Timepoint,minute-by-minute physiological data from bedside monitors.,accept_direct,,,,,"Session has timepoint is a direct relationship between the classes Session and Timepoint, as timepoints are discrete moments in a monitoring session.",0.95,,,
61,relation,Timepoint,has monitoring data,Observation,minute-by-minute physiological data from bedside monitors.,accept_direct,,,,,Timepoint hasMonitoringData Observation is a direct relationship as Timepoint is associated with sensor readings recorded as Observations.,0.9,,,
62,relation,Observation,measures parameter,Parameter,the physiological vital functions are extensively monitored.,accept_direct,,,,,Observation measuresParameter Parameter is a direct relationship between the classes defined in the domain context.,0.9,,,
63,relation,Observation,produced by sensor,Sensor,the physiological vital functions are extensively monitored.,accept_direct,,,,,Observation is produced by Sensor as per the definition of Observation and Sensor in the domain context.,0.9,,,
64,relation,Observation,has quality assessment,Data Quality Assessment,the physiological vital functions are extensively monitored.,accept_direct,,,,,Observation has quality assessment Data Quality Assessment is a valid relationship as it reflects the evaluation of monitored data quality in the ICU context.,0.9,,,
65,relation,Data Quality Assessment,associated with condition,Condition,the physiological vital functions are extensively monitored.,accept_indirect,,,,,"DataQualityAssessment is associated with Observation, which measures Parameter, leading to Patient, who has Condition; thus, the relationship is true indirectly.",0.7,,,low_evidence
66,relation,Data Quality Assessment,receives therapy,Therapy,the physiological vital functions are extensively monitored.,revise,4.4,Data Quality Assessment,assesses,Therapy,"The relation 'receivesTherapy' is incorrectly applied; 'Data Quality Assessment' should not receive therapy, but rather assesses the quality of monitoring data related to therapy.",0.7,The relation 'receives therapy' is incorrect; 'Data Quality Assessment' assesses the quality of monitoring data related to 'Therapy'.,1.0,low_evidence
67,relation,Arterial Hypotension,receives therapy,Barbiturates,administration of hyperosmolar molecules were used at the discretion of the managing teams.,revise,4.4,Arterial Hypotension,isTreatedWith,Barbiturates,The relation 'receives therapy' requires a therapy class as the object; 'Barbiturates' should be classified under 'Baseline Therapy' or 'Secondary Insult Therapy'.,0.9,The relation 'receives therapy' should be 'isTreatedWith' as it directly connects the condition and the therapy class.,0.9,
68,relation,Brain Injury,is associated with,Traumatic Brain Injury,Decompressive craniectomy as a second/third-tier intervention in traumatic brain injury,accept_direct,,,,,"Brain Injury is associated with Traumatic Brain Injury as TBI is a subclass of Brain Injury, making the relationship valid and direct.",0.9,,,
69,relation,CVP,has monitoring data,Monitoring Data,physiological monitoring data,accept_direct,,,,,"CVP is a physiological parameter that falls under the category of Monitoring Data, as stated in the preamble.",0.95,,,
70,relation,Clinical Outcome,has outcome,Outcome,demonstrated a decrease in mortality with similar rates of favorable outcome,accept_direct,,,,,Clinical Outcome hasOutcome Outcome is a valid relationship as both classes are defined in the context of patient outcomes in neurointensive care.,0.9,,,
71,relation,Cranial Injuries,is a type of,Injuries,the occurrence of arterial hypotension (systolic pressure less than 90 mmHg) and hypoxia (SaO2 below 90%) at baseline,accept_direct,,,,,Cranial Injuries is a subclass of Injuries as both are valid classes in the neurointensive care context; the relationship holds directly.,0.95,,,
72,relation,Disability,is a type of,Clinical Outcome,the outcome was unfavorable in 51.4% and favorable in 48.6%,revise,4.4,Disability,isARiskFactorFor,Clinical Outcome,The relation 'is a type of' should be changed to 'isARiskFactorFor' as Disability is a clinical outcome related to brain injuries.,0.85,"Disability is a clinical outcome related to brain injuries, so the relation should be isARiskFactorFor.",1.0,
73,relation,Extracranial Injury,is a type of,Injuries,45.9% presented with an additional extracranial injury,accept_direct,,,,,"Extracranial Injury is a subclass of Injuries as it describes a specific type of physical damage resulting from external force, aligning with the preamble's classification.",0.95,,,
74,relation,Intensive Care Management,is a type of,Condition,"In many neurointensive care centers, Decompressive craniectomy (DC) is being used in combination with other second/third-tier therapies.",reject,,,,,"The subject 'Intensive Care Management' does not fit as a type of 'Condition'; 'Condition' refers to medical states, not management categories.",0.9,,,
75,relation,NIBP,is a type of,Monitoring Data,Mean arterial blood pressure (MAP) and Mean intracranial pressure (ICP),accept_direct,,,,,"NIBP is a subclass of Monitoring Data as it is an optional BrainIT parameter, confirming the hierarchical relationship.",0.95,,,
76,relation,Pressure Reactivity Index (PRx),is a type of,Core Monitoring Parameter,Pressure Reactivity Index (PRx) is the moving correlation between mean arterial blood pressure (MAP) and Mean intracranial pressure (ICP).,accept_direct,,,,,Pressure Reactivity Index (PRx) is a subclass of Core Monitoring Parameter as per the preamble's classification of monitoring parameters.,0.9,,,
77,relation,Hypotension,is treated with,Noradrenaline,the time and dose of a bolus of Noradrenaline,accept_direct,,,,,"Hypotension is a Condition and Noradrenaline is a therapy used to treat it, establishing a direct relationship.",0.95,,,
78,relation,CPP,targets condition,Respiratory Distress Syndrome,Cerebral Perfusion Pressure (CPP) value to target lies within the range of 50-70 mm Hg.,reject,,,,,"CPP does not target Respiratory Distress Syndrome; the relationship is clinically implausible as CPP is related to cerebral blood flow, not directly to respiratory conditions.",0.9,,,
79,relation,Traumatic Brain Injury,applies treatment,Osmotics,#2 - Hyperosmolar therapy,accept_indirect,,,,,'Traumatic Brain Injury applies treatment Osmotics' is true via 'Osmotics is a type of Secondary Insult Therapy' and 'Secondary Insult Therapy targets Condition'.,0.7,,,low_evidence
80,relation,Cerebrovascular Autoregulation,receives therapy,CPP,the presence (or not) of cerebral autoregulation,revise,4.4,Cerebrovascular Autoregulation,isInfluencedBy,CPP,Cerebrovascular Autoregulation should not receive therapy; it is a physiological condition. The relation should be corrected to reflect that CPP is a parameter influenced by therapies.,0.9,"Cerebrovascular Autoregulation should not receive therapy; it is influenced by CPP, a parameter affected by therapies.",1.0,
81,relation,ICP,receives therapy,Partial Pressure of Brain Tissue Oxygen,There is a statistically significant (p < 0.001) non-linear effect of Intracranial Pressure (ICP) on Regression model of partial pressure of brain tissue oxygen (PbtO2).,revise,4.4,ICP,isMonitoredBy,Partial Pressure of Brain Tissue Oxygen,"Partial Pressure of Brain Tissue Oxygen is a physiological parameter, not a therapy; the relation 'receivesTherapy' is incorrect and should be changed to a valid relationship.",0.7,The relation 'receives therapy' is incorrect; 'ICP' is monitored by 'Partial Pressure of Brain Tissue Oxygen' as a physiological parameter.,1.0,low_evidence
82,relation,Traumatic Brain Injury,has clinical assessment,GOSe Outcome,Monitoring of Intracranial Pressure (ICP) has also been shown to have better functional outcomes.,accept_direct,,,,,Traumatic Brain Injury has clinical assessment GOSe Outcome is a direct relationship as GOSe Outcome is used to assess outcomes in TBI patients.,0.9,,,
83,relation,Partial Pressure of Brain Tissue Oxygen,is measured at,Measurement Time,Partial pressure of brain tissue oxygen over intracranial pressure stratified by days in Intensive Care Unit (ICU),accept_direct,,,,,"Partial Pressure of Brain Tissue Oxygen is a physiological parameter that is measured at specific time points, making the relationship valid.",0.9,,,
84,relation,ICP,receives therapy,Pbro2,an overall increase in Regression model of partial pressure of brain tissue oxygen (PbtO2) of 5.2% for a 10 mmHg increase in Intracranial Pressure (ICP),revise,4.4,ICP,assesses,Pbro2,"The relation 'receives therapy' is incorrect as 'PbtO2' is a parameter, not a therapy; it should be replaced with a valid therapy class.",0.7,"The relation 'receives therapy' is incorrect; ICP assesses Pbro2 as a parameter, not a therapy.",0.9,low_evidence
85,relation,Partial Pressure of Carbon Dioxide,receives therapy,Pbro2,a decrease of 0.16% from a unit increase in Mean Arterial Pressure (MAP) and a Regression model of partial pressure of brain tissue oxygen (PbtO2) decrease of 0.16% from a unit increase in PaCO2,revise,4.4,Pbro2,receivesTherapy,Barbiturates,Partial Pressure of Carbon Dioxide is not a therapy; it should be replaced with a valid therapy class for the relation 'receivesTherapy'.,0.85,Partial Pressure of Carbon Dioxide is not a therapy; Barbiturates is a valid therapy class for the relation 'receivesTherapy'.,1.0,
86,relation,ICP,has outcome,Outcome,median extended Glasgow outcome scale of 7.00,accept_direct,,,,,ICP hasOutcome Outcome is a direct relationship as ICP is a critical parameter influencing patient outcomes in neurointensive care.,0.9,,,
87,relation,Intracranial Hypertension,receives therapy,CPP,the impact of autoregulation on Regression model of partial pressure of brain tissue oxygen (PbtO2) cannot be directly assessed.,revise,4.4,Intracranial Hypertension,affectsOutcome,CPP,Intracranial Hypertension should not 'receive therapy' as it is a condition; replace with a valid therapy class such as 'CPP' or relabel the relation to 'affectsOutcome'.,0.9,The relation 'receives therapy' is incorrect as Intracranial Hypertension is a condition; it should 'affect' the outcome related to CPP.,0.9,
88,relation,Hypotension,is associated with,Traumatic Brain Injury,guarding against hypotensive conditions in Traumatic Brain Injury (TBI) patients.,accept_direct,,,,,Hypotension is associated with Traumatic Brain Injury as both are valid conditions in the neurointensive care context.,0.95,,,
89,relation,Intracranial Hypertension,receives therapy,Traumatic Brain Injury,episodes of increased intracranial pressure (ICP) and worse clinical outcomes,revise,4.4,Intracranial Hypertension,isTreatedWith,Secondary Insult Therapy,"The relation 'receives therapy' is incorrect; 'Intracranial Hypertension' should be associated with a specific therapy class, not a condition like 'Traumatic Brain Injury'.",0.85,The relation 'receives therapy' should be 'isTreatedWith' to correctly associate 'Intracranial Hypertension' with a therapy class.,0.9,
90,relation,CPP,assesses,Intracranial Hypertension,the ability to tolerate elevated intracranial pressures is reduced.,accept_direct,,,,,CPP assesses Intracranial Hypertension as it is clinically valid to evaluate the risk of secondary injury in TBI patients through CPP measurements.,0.9,,,
91,relation,CPP,is associated with,ICP,Role of Cerebral Perfusion Pressure (CPP),accept_direct,,,,,"CPP is associated with ICP as both are critical parameters in neurological assessments, directly influencing cerebral perfusion.",0.95,,,
92,relation,ICP,associated with condition,Mortality,"when Cerebral Perfusion Pressure (CPP) was below 50 mmHg, almost all The BESTIntracranial pressure (ICP) insults were associated with worse outcome",accept_direct,,,,,"ICP is associated with Mortality as a critical parameter influencing outcomes in neurointensive care, supporting the direct relationship.",0.9,,,
93,relation,ICP,predicts outcome,Outcome Score,"Above 20 mmHg, the vast majority of insults are clearly deleterious with the exception of those lasting less than 37 min in adults.",accept_indirect,,,,,"ICP indirectly affects Outcome Score through the relationship of influencing cerebral perfusion, which is linked to neurological outcomes.",0.7,,,low_evidence
94,relation,Mean Arterial Pressure (MAP),triggers intervention,Hypotension,our analysis shows that most events are triggered by a drop in mean arterial pressure.,accept_indirect,,,,,Mean Arterial Pressure triggers intervention for Hypotension via the pathway: MAP → affects Outcome → is a condition of → Hypotension.,0.85,,,
95,relation,Brain Injury,has monitoring data,Arterial Hypotension,The brain monitoring with information technology (BrainIT) database contains 199 patients,reject,,,,,"The relationship 'Brain Injury has monitoring data Arterial Hypotension' is incorrect; monitoring data should relate to parameters, not conditions like Arterial Hypotension.",0.9,,,
96,relation,Hypotension,relates to clinical outcome,Brain Injury,arterial hypotension consistently relate to clinical outcome,accept_direct,,,,,"Hypotension relates to clinical outcome in the context of Brain Injury, as both are valid classes in the neurointensive care domain.",0.9,,,
97,relation,Dsg,has monitoring data,Hypotensive,to scan the BrainIT database for hypotensive events;,accept_direct,,,,,Dsg hasMonitoringData Hypotensive is valid as hypotension is a condition monitored in neurointensive care.,0.9,,,
98,relation,Secondary Insult Grades,defines,Hypotensive,the Edinburgh University Secondary Insult Grades (EUSIG) definition.,accept_indirect,,,,,"Secondary Insult Grades defines Hypotensive indirectly through the relationship with the concept of Secondary Insult, which includes Hypotension as a subclass.",0.7,,,low_evidence
99,relation,CPP,calculates,Mean Arterial Pressure (MAP),"which uses cerebral perfusion pressure (CPP), which of course uses Java-Based Software BPm in its calculation.",accept_indirect,,,,,"CPP calculates MAP indirectly through the relationship of CPP being a derived parameter of blood flow metrics, which is a valid indirect connection.",0.7,,,low_evidence
100,relation,ICP,receives therapy,Outcome,Impact of Intracranial Pressure (ICP) instability and hypotension on outcome in patients with severe head trauma.,revise,4.4,ICP,isMonitoredBy,Outcome,"The relation 'receivesTherapy' requires the object to be a Therapy class; 'Outcome' is not a valid therapy, thus it should be replaced with a valid therapy subclass.",0.9,The relation 'receives therapy' is incorrect as 'Outcome' is not a therapy; it should be 'isMonitoredBy' instead.,0.9,
101,relation,CPP,is measured by,Mean Arterial Pressure (MAP),its role in calculating Cerebral Perfusion Pressure (CPP),accept_direct,,,,,"CPP is measured by MAP, which is a valid relationship in the context of monitoring parameters for TBI patients.",0.9,,,
102,relation,Treatment Data,informs,Clinical Practice,Accurate and comprehensive treatment data,accept_indirect,,,,,Treatment Data informs Clinical Practice via the chain: Treatment Data → assesses → Clinical Assessment → informs → Clinical Practice.,0.7,,,low_evidence
103,relation,Clinical Reminders,enhances,Guideline Adherence,clinical reminders (automated interventions),accept_direct,,,,,Clinical Reminders enhances Guideline Adherence as reminders directly support adherence to clinical guidelines.,0.9,,,
104,relation,Guideline Adherence,has outcome,Outcome,Several studies have been conducted that show dropping mortality rates and improved long-term outcomes since the adoption and spread of use of these guidelines.,accept_direct,,,,,Guideline Adherence hasOutcome Outcome is a valid relationship as both classes are defined in the domain context; outcomes are influenced by adherence to clinical guidelines.,0.9,,,
105,relation,Guideline Adherence,is measured by,Clinical Practice,"This work attempts to leverage those advantages by providing a 'near real-time' ability to monitor clinical guideline adherence, as well as providing measurable quantitative feedback.",revise,4.4,Guideline Adherence,assesses,Clinical Practice,"The relation 'is measured by' is not appropriate; 'Guideline Adherence' should 'assess' or 'informs' 'Clinical Practice' instead, as it relates to adherence to guidelines.",0.85,The relation 'is measured by' should be 'assesses' as it reflects the evaluation of adherence to clinical guidelines.,1.0,
106,relation,Heart Failure,is treated with,Guideline Adherence,"There are many reasons for non-adherence, but these can be broken down into two broad categories: being unwilling to adhere to a guideline and being unable to adhere.",reject,,,,,Heart Failure is not a valid subclass or condition in the BrainIT ontology; the relationship 'is treated with' does not apply to Guideline Adherence in this context.,0.9,,,
107,relation,EUSIG Grade,is a type of,Secondary Insult Grades,the classification of pressure events using Edinburgh University Secondary Insult Grades (EUSIG) parameters has a well-established precedent,reject,,,,,EUSIG Grade is not a subclass of Secondary Insult Grades; they represent different classification systems and do not hold a direct or indirect relationship.,0.9,,,
108,relation,Heart Rate,has monitoring data,Monitoring Data,Heart Rate (specifying source: Electrocardiogram (ECG) or Pulse Oximetry),accept_direct,,,,,"Heart Rate is a Core Monitoring Parameter and is classified under Monitoring Data, making the relationship valid and direct.",0.95,,,
109,relation,Respiration Rate,has monitoring data,Impedance Plethmography,Respiration Rate (sources: impedance plethmography or ventilator),accept_direct,,,,,"Respiration Rate is a Core Monitoring Parameter and Impedance Plethmography is a method of monitoring, making the relationship valid as per the hierarchical structure in the preamble.",0.95,,,
110,relation,Respiration Rate,has monitoring data,Ventilator,Respiration Rate (sources: impedance plethmography or ventilator),accept_direct,,,,,"Respiration Rate is a Core Monitoring Parameter, and Ventilator is a Monitoring Data device; the relationship holds directly as Respiration Rate hasMonitoringData Ventilator.",0.95,,,
111,relation,Mean Arterial Pressure (MAP),has monitoring data,Monitoring Data,Mean Arterial Pressure,accept_direct,,,,,Mean Arterial Pressure (MAP) is a Core Monitoring Parameter and thus directly hasMonitoringData from the Monitoring Data class as per the preamble.,0.95,,,
112,relation,Sao2,has monitoring data,Monitoring Data,Pulse Oximetry (SaO2),accept_direct,,,,,"SaO2 is a Core Monitoring Parameter, which is a subclass of Monitoring Data, making the relationship hierarchical and valid.",0.95,,,
113,relation,Temperature,has monitoring data,Monitoring Data,Temperature (sources: rectal=oesophageal= bladder=skin),accept_direct,,,,,"Temperature is a physiological parameter that is monitored, thus it directly hasMonitoringData Monitoring Data as per the preamble.",0.95,,,
114,relation,EtCO2,has monitoring data,Monitoring Data,End-Tidal CO2 (EtCO2),accept_direct,,,,,"EtCO2 is a Core Monitoring Parameter, which is a subclass of Monitoring Data; thus, the relation holds directly.",0.95,,,
115,relation,Jugular Venous Oxygen Saturation,has monitoring data,Monitoring Data,Jugular Venous Oxygen Saturation (SjO2),accept_direct,,,,,"Jugular Venous Oxygen Saturation is a Core Monitoring Parameter, which is a subclass of Monitoring Data as per the preamble.",0.95,,,
116,relation,Transcranial Doppler,has monitoring data,Monitoring Data,Transcranial Doppler (TCD),accept_direct,,,,,"Transcranial Doppler is a method used to obtain Monitoring Data, which is a direct relationship as TCD is a type of monitoring method.",0.9,,,
117,relation,Pbro2,has monitoring data,Monitoring Data,Brain Tissue Oxygen (PbrO2),accept_direct,,,,,"PbrO2 is a Core Monitoring Parameter, which is a subclass of Monitoring Data; the relationship holds directly.",0.95,,,
118,relation,GCS Assessment,has monitoring data,Monitoring Data,Glasgow Coma Scale (GCS) scores,accept_direct,,,,,GCS Assessment has monitoring data Monitoring Data is a direct relationship as GCS scores are part of the data collected to assess physiological parameters.,0.9,,,
119,relation,Hypotension,targets condition,Vasopressors,arterial pressors may be given to treat systemic hypotension,accept_direct,,,,,Hypotension targets condition Vasopressors is valid as vasopressors are used to treat hypotension in critical care settings.,0.9,,,
120,relation,ICP,targets condition,Vasopressors,to treat reduced cerebral perfusion pressure (CPP) secondary to raised Intracranial Pressure (ICP),accept_indirect,,,,,"ICP indirectly influences cerebral perfusion via CPP, and vasopressors are used to treat conditions related to CPP; thus, the relationship holds through intermediate concepts.",0.7,,,low_evidence
121,relation,CPP,receives therapy,Respiratory Distress Syndrome,"aggressive management of Cerebral Perfusion Pressure (CPP) > 70 mmHg, although reducing the incidence of jugular venous desaturations < 50%, increased the incidence of acute respiratory distress syndrome and worsened neurological outcome.",revise,4.4,CPP,isMonitoredBy,Respiratory Distress Syndrome,CPP is a physiological parameter and cannot 'receive therapy'; it should be linked to a therapy class instead.,0.7,CPP is a physiological parameter and should be linked to a condition via isMonitoredBy instead of receiving therapy.,0.9,low_evidence
122,relation,Brain Injury,has monitoring data,Monitoring Data,"collection of admission, monitoring, treatment and outcome data from patients with brain injury.",accept_direct,,,,,"The relationship 'Brain Injury has monitoring data Monitoring Data' is valid as monitoring data is collected for patients with brain injury, directly linking the two classes.",0.9,,,
123,relation,Brain Injury,has outcome,Outcome Data,"collection of admission, monitoring, treatment and outcome data from patients with brain injury.",accept_indirect,,,,,Brain Injury hasOutcome Outcome Data is true via the chain: Brain Injury → hasOutcome → Outcome Data.,0.7,,,low_evidence
124,relation,Brain Injury,is managed by,Management,"aid health authorities to monitor, maintain and raise intra and trans-national standards in the management of patients with brain injury.",revise,4.4,Brain Injury,receivesTherapy,Management,The relation 'is managed by' should be replaced with 'receivesTherapy' as Brain Injury receives management through various therapies.,0.85,The relation 'is managed by' should be 'receivesTherapy' as Brain Injury receives management through various therapies.,1.0,
125,relation,Patient,has monitoring data,Observation,pd:Patient as a ssn:FeatureOfInterest,accept_direct,,,,,Patient hasMonitoringData Observation is valid as monitoring data is directly associated with the patient in neurointensive care.,0.95,,,
126,relation,Timepoint,is associated with,Reading,Each Timepoint is associated with a set of Readings,accept_direct,,,,,"Timepoint is associated with Reading as each Timepoint corresponds to a set of Readings, confirming the direct relationship.",0.95,,,
127,relation,Sensor,produced by sensor,Reading,the machines/sensors that produced them,revise,4.4,Sensor,isMonitoredBy,Reading,The relation 'produced by sensor' should be 'isMonitoredBy' as it correctly describes the relationship between Sensor and Reading in the context of monitoring data.,0.9,The relation 'produced by sensor' should be 'isMonitoredBy' as it correctly describes the relationship between Sensor and Reading.,1.0,
128,relation,Sepsis,is associated with,Outcome Data,Improving the standards and resolution for multicentre data collection will also impact upon the assessment of new medical technology of relevance to the medical device industry.,accept_indirect,,,,,"Sepsis is associated with Outcome Data indirectly through the relationship of Sepsis affecting clinical outcomes, which are captured in Outcome Data.",0.7,,,low_evidence
129,relation,Arterial Pressors,targets condition,Arterial Hypotension,targets condition(Hypotension → Vasopressors),accept_direct,,,,,Arterial Pressors targets Condition Arterial Hypotension is clinically valid as arterial pressure agents are used to treat low blood pressure in head-injured patients.,0.9,,,
130,relation,Clinical Research Form,has clinical assessment,Clinical Assessment,has clinical assessment(Patient → Clinical Assessment),accept_direct,,,,,The triple 'Clinical Research Form has clinical assessment Clinical Assessment' is valid as Clinical Research Form is associated with clinical assessments in neurointensive care.,0.9,,,
131,relation,End-tidal Carbon Dioxide,has monitoring data,Monitoring Data,has monitoring data(EtCO2 → Monitoring Data),accept_direct,,,,,End-tidal Carbon Dioxide is a Core Monitoring Parameter and thus has Monitoring Data as per the hierarchical relationship in the preamble.,0.95,,,
132,relation,Error,is associated with,Monitoring Data,monitoring indicates condition(Monitoring Data → Condition),accept_indirect,,,,,Error is associated with Monitoring Data via the chain: Error → affects Outcome → hasMonitoringData → Monitoring Data.,0.7,,,low_evidence
133,relation,Injuries,has outcome,Outcome Data,has outcome(Brain Injury → Outcome Data),revise,4.4,Injuries,affectsOutcome,Outcome Data,"The relation 'has outcome' should be 'affectsOutcome' as it connects 'Injuries' to 'Outcome Data', which is an outcome class.",0.9,"The relation 'has outcome' should be 'affectsOutcome' as it connects 'Injuries' to 'Outcome Data', which is an outcome class.",1.0,
134,relation,Intensive Care Management,is managed by,Management,is managed by(Brain Injury → Management),reject,,,,,"The relationship 'Intensive Care Management is managed by Management' does not hold; management is a process, not a class that can manage another class.",0.9,,,
135,relation,NIBP,has monitoring data,Monitoring Data,has monitoring data(Mean Arterial Pressure → Monitoring Data),accept_direct,,,,,"NIBP is an Optional Monitoring Parameter and Monitoring Data is the class for all monitored values, thus the relationship holds directly.",0.9,,,
136,relation,Provenance,has monitoring data,Monitoring Data,has monitoring data(Patient → Monitoring Data),accept_direct,,,,,Provenance hasMonitoringData MonitoringData is a valid relationship as monitoring data is collected to assess physiological parameters in patients.,0.9,,,
137,relation,Substance Abuse,targets condition,Condition,targets condition(Hypotension → Vasopressors),reject,,,,,"Substance Abuse does not target Condition as defined; Condition is a generic class for medical conditions, not specifically related to substance abuse.",0.85,,,
138,relation,Adverse Event,is associated with,Clinical Outcome,[inferred] cluster completion,accept_direct,,,,,Adverse Event is associated with Clinical Outcome as both are valid classes in the context of medical care and intervention outcomes.,0.9,,,
139,relation,Clinical Outcome,is influenced by,Patient Interventions,[inferred] cluster completion,accept_direct,,,,,"ClinicalOutcome is influenced by PatientInterventions, as interventions directly affect patient health status post-treatment.",0.9,,,
140,relation,Clinical Outcome,relates to clinical outcome,Outcome Data,[inferred] cluster completion,revise,4.4,Clinical Outcome,affectsOutcome,Outcome Data,The relation 'relates to clinical outcome' should be replaced with 'affectsOutcome' since it connects 'Clinical Outcome' and 'Outcome Data'.,0.9,The relation 'relates to clinical outcome' should be 'affectsOutcome' as it correctly connects 'Clinical Outcome' and 'Outcome Data'.,1.0,
141,relation,Clinical Practice,is influenced by,Clinical Reminders,[inferred] cluster completion,accept_direct,,,,,"Clinical Practice is influenced by Clinical Reminders as they assist clinicians in adhering to guidelines, establishing a direct relationship between the two classes.",0.9,,,
142,relation,Clinical Reminders,triggers intervention,Patient Interventions,[inferred] cluster completion,accept_indirect,,,,,"Clinical Reminders indirectly triggers Patient Interventions through guideline adherence, making the relationship valid via an intermediate concept.",0.7,,,low_evidence
143,relation,Data Quality Assessment,assesses,Monitoring Data,[inferred] cluster completion,accept_direct,,,,,"Data Quality Assessment assesses Monitoring Data, which is a valid relationship as Monitoring Data is evaluated for quality in ICU settings.",0.9,,,
144,relation,Injuries,is a risk factor for,Adverse Event,[inferred] cluster completion,accept_direct,,,,,"Injuries is a risk factor for Adverse Event, aligning with the clinical understanding of how physical injuries can lead to undesirable medical experiences.",0.9,,,
145,relation,Monitoring Data,is monitored by,Core Monitoring Parameter,[inferred] cluster completion,accept_direct,,,,,Monitoring Data is directly monitored by Core Monitoring Parameter as both are part of the monitoring hierarchy in the preamble.,0.95,,,
146,relation,Monitoring Data,produced by sensor,Sensor,[inferred] cluster completion,accept_direct,,,,,"Monitoring Data is produced by Sensor, which aligns with the domain context where sensors record physiological parameters.",0.95,,,
147,relation,Outcome,is related to,Clinical Outcome,[inferred] cluster completion,accept_indirect,,,,,"Outcome is related to Clinical Outcome via the relationship that both are measures of patient health status after treatment, but not directly linked in the ontology.",0.7,,,low_evidence
148,relation,Outcome Data,is associated with,Clinical Outcome,[inferred] cluster completion,accept_direct,,,,,"Outcome Data is associated with Clinical Outcome, as both are relevant to the results of medical treatment in neurointensive care.",0.9,,,
149,relation,Patient Interventions,targets condition,Injuries,[inferred] cluster completion,revise,4.4,Patient Interventions,receivesTherapy,Injuries,The relation 'targets condition' is not appropriate; 'Patient Interventions' should 'receivesTherapy' related to 'Injuries' as a subclass of 'Condition'.,0.85,The relation 'targets condition' is incorrect; 'Patient Interventions' should 'receivesTherapy' related to 'Injuries' as a subclass of 'Condition'.,1.0,
150,relation,Physiological Data,is monitored by,Core Monitoring Parameter,[inferred] cluster completion,accept_indirect,,,,,Physiological Data indirectly relates to Core Monitoring Parameter through the hierarchy of monitoring data; Physiological Data encompasses parameters that are monitored.,0.7,,,low_evidence
151,relation,Possible Error,is a type of,Error,[inferred] cluster completion,revise,4.9,Possible Error,subClassOf,Data Quality Assessment,Possible Error should be classified as a subclass of Data Quality Assessment rather than a type of Error; relation should be subClassOf.,0.9,"Possible Error should be classified as a subclass of Data Quality Assessment, as per the domain context.",1.0,
152,relation,Probable Error,is a type of,Error,[inferred] cluster completion,accept_direct,,,,,"Probable Error is a type of Error, which is a valid subclass relationship in the context of medical data issues.",0.9,,,
153,relation,Provenance,is associated with,Monitoring Data,[inferred] cluster completion,accept_direct,,,,,Provenance is associated with Monitoring Data as it provides context for the data collected from patients to assess physiological parameters.,0.9,,,
154,relation,Substance Abuse,is a risk factor for,Injuries,[inferred] cluster completion,reject,,,,,"Substance Abuse is not a recognized class in the BrainIT ontology, and the relationship to Injuries does not hold as stated; no small edit would fix it.",0.7,,,low_evidence
155,relation,Therapy,is administered during,Patient Interventions,[inferred] cluster completion,accept_direct,,,,,"Therapy is administered during Patient Interventions, which aligns with the clinical context of neurointensive care.",0.95,,,
156,relation,Treatment Data,is associated with,Therapy,[inferred] cluster completion,accept_direct,,,,,"Treatment Data is associated with Therapy as it represents the information regarding treatments administered to patients, which directly relates to the class Therapy.",0.9,,,
157,relation,Acute Respiratory Distress Syndrome,is associated with,Vasopressors,[inferred] cluster completion,accept_indirect,,,,,Acute Respiratory Distress Syndrome is associated with Vasopressors indirectly through the relationship of both being involved in critical care management.,0.8,,,
158,relation,Adrenaline,is administered during,Hypotension,[inferred] cluster completion,accept_direct,,,,,"Adrenaline is administered during Hypotension, as it is a common treatment for this condition in neurointensive care.",0.9,,,
159,relation,Adrenaline,is administered during,Hypertension,[inferred] cluster completion,accept_direct,,,,,Adrenaline is administered during Hypertension is a valid clinical relationship as adrenaline is used to treat high blood pressure.,0.9,,,
160,relation,Hypertension,is influenced by,Noradrenaline,[inferred] cluster completion,accept_direct,,,,,"Hypertension is influenced by Noradrenaline, as Noradrenaline is known to increase blood pressure, making this relationship clinically valid.",0.95,,,
161,relation,Hypertension,is influenced by,Adrenaline,[inferred] cluster completion,accept_indirect,,,,,Hypertension is influenced by Adrenaline via the pathway: Adrenaline affects blood pressure → Hypertension is characterized by high blood pressure.,0.85,,,
162,relation,Hypotension,is influenced by,Noradrenaline,[inferred] cluster completion,accept_direct,,,,,"Hypotension is influenced by Noradrenaline, as Noradrenaline is clinically recognized to increase blood pressure in patients with Hypotension.",0.9,,,
163,relation,Hypotension,is influenced by,Adrenaline,[inferred] cluster completion,accept_indirect,,,,,Hypotension is influenced by Adrenaline through the pathway: Adrenaline affects blood pressure → Hypotension is characterized by low blood pressure.,0.8,,,
164,relation,Mean Arterial Pressure (MAP),is monitored by,Sensor,[inferred] cluster completion,accept_direct,,,,,"Mean Arterial Pressure (MAP) is monitored by Sensor, as MAP is a physiological parameter that requires monitoring equipment.",0.9,,,
165,relation,Noradrenaline,is administered during,Hypotension,[inferred] cluster completion,accept_direct,,,,,"Noradrenaline is administered during Hypotension, as it is a therapy used to treat this condition directly.",0.95,,,
166,relation,Noradrenaline,is administered during,Hypertension,[inferred] cluster completion,accept_direct,,,,,"Noradrenaline is administered during Hypertension, as it is a treatment used to manage this condition in neurointensive care.",0.9,,,
167,relation,Sepsis,is associated with,Hypotension,[inferred] cluster completion,accept_direct,,,,,"Sepsis is associated with Hypotension as both are valid subclasses of Condition, and the relationship holds directly between them.",0.9,,,
168,relation,Septic Shock,is associated with,Hypotension,[inferred] cluster completion,accept_direct,,,,,Septic Shock is associated with Hypotension as both are valid medical conditions in the neurointensive care context.,0.9,,,
169,relation,Systemic Hypotension,is treated with,Vasopressors,[inferred] cluster completion,accept_direct,,,,,"Systemic Hypotension is treated with Vasopressors, as Vasopressors are valid therapies for managing blood pressure in critical care settings.",0.95,,,
170,relation,Vasopressors,is administered during,Systemic Hypotension,[inferred] cluster completion,accept_direct,,,,,Vasopressors is administered during Systemic Hypotension is a direct relationship as vasopressors are used to treat systemic hypotension in critical care.,0.9,,,
171,relation,Brain Injury,is a condition of,Patient,[inferred] cluster completion,accept_direct,,,,,"Brain Injury is a subclass of Condition, and the relation 'is a condition of' holds directly between them.",0.95,,,
172,relation,Brain Injury,is associated with,Cranial Injuries,[inferred] cluster completion,accept_direct,,,,,"Brain Injury is associated with Cranial Injuries as both relate to trauma and neurological deficits, making the relationship valid directly.",0.9,,,
173,relation,Brain Injury,is influenced by,Guideline Adherence,[inferred] cluster completion,accept_indirect,,,,,Brain Injury is influenced by Guideline Adherence through the pathway of clinical practice affecting treatment protocols for brain injuries.,0.7,,,low_evidence
174,relation,Cranial Injuries,is associated with,Brain Injury,[inferred] cluster completion,accept_direct,,,,,Cranial Injuries is associated with Brain Injury as both are valid subclasses of injuries related to trauma in the neurointensive care context.,0.9,,,
175,relation,Cranial Injuries,is a condition of,Patient,[inferred] cluster completion,accept_direct,,,,,"Cranial Injuries is a subclass of Brain Injury, which is a subclass of Condition, making the relationship valid as stated.",0.95,,,
176,relation,Demographic Data,has demographic data,Patient,[inferred] cluster completion,revise,4.6,Demographic Data,hasDemographicData,Patient,The relation 'has demographic data' should be 'hasDemographicData' to align with the canonical BrainIT relation naming conventions.,0.9,The relation 'has demographic data' should be 'hasDemographicData' to align with the canonical BrainIT relation naming conventions.,1.0,
177,relation,Extracranial Injury,is associated with,Brain Injury,[inferred] cluster completion,accept_direct,,,,,Extracranial Injury is associated with Brain Injury as both are relevant in the context of trauma and its complications in neurointensive care.,0.9,,,
178,relation,Guideline,informs,Guideline Adherence,[inferred] cluster completion,accept_direct,,,,,The relation 'informs' between Guideline and Guideline Adherence is semantically correct as guidelines directly influence adherence to clinical practices.,0.9,,,
179,relation,Guideline Adherence,is associated with,Guideline,[inferred] cluster completion,accept_direct,,,,,Guideline Adherence is associated with Guideline as both are valid classes in clinical practice context; the relationship holds directly.,0.9,,,
180,relation,Guideline Adherence,affects outcome,Traumatic Brain Injury,[inferred] cluster completion,accept_indirect,,,,,"Guideline Adherence affects outcome indirectly via Clinical Practice, which influences outcomes in TBI patients.",0.7,,,low_evidence
181,relation,Head Injury,is a condition of,Patient,[inferred] cluster completion,accept_direct,,,,,"Head Injury is a subclass of Brain Injury, which is a condition of Patient as per the preamble.",0.95,,,
182,relation,Head Injury,is associated with,Brain Injury,[inferred] cluster completion,accept_direct,,,,,"Head Injury is associated with Brain Injury as both are valid subclasses of Brain Injury, confirming the relationship directly.",0.95,,,
183,relation,Head Trauma,is a condition of,Patient,[inferred] cluster completion,accept_direct,,,,,"Head Trauma is a subclass of Brain Injury, which is a condition of Patient, making the relationship valid directly.",0.95,,,
184,relation,Head Trauma,is associated with,Traumatic Brain Injury,[inferred] cluster completion,accept_direct,,,,,Head Trauma is associated with Traumatic Brain Injury as both are valid subclasses of Brain Injury and the relationship holds directly.,0.9,,,
185,relation,Mortality,is a risk factor for,Traumatic Brain Injury,[inferred] cluster completion,accept_direct,,,,,"Mortality is a recognized outcome related to Traumatic Brain Injury, confirming the direct relationship as valid.",0.9,,,
186,relation,Neurological Injury,is a condition of,Patient,[inferred] cluster completion,accept_direct,,,,,"Neurological Injury is a subclass of Brain Injury, which is a condition of Patient as per the preamble.",0.95,,,
187,relation,Patient,is associated with,Brain Injury,[inferred] cluster completion,accept_direct,,,,,The relationship 'Patient is associated with Brain Injury' holds directly as Brain Injury is a valid subclass of Condition and TBI is a type of Brain Injury.,0.9,,,
188,relation,Traumatic Brain Injury,is a condition of,Patient,[inferred] cluster completion,accept_direct,,,,,The relationship 'Traumatic Brain Injury is a condition of Patient' is semantically correct as TBI is a condition affecting patients in neurointensive care.,0.95,,,
189,relation,Traumatic Brain Injury,is associated with,Head Trauma,[inferred] cluster completion,accept_direct,,,,,Traumatic Brain Injury is associated with Head Trauma as both are valid subclasses of Brain Injury and the relationship holds directly between them.,0.9,,,
190,relation,Traumatic Brain Injury,is influenced by,Guideline Adherence,[inferred] cluster completion,accept_indirect,,,,,"The relationship 'is influenced by' holds indirectly via 'Guideline Adherence' affecting 'Clinical Practice', which in turn influences 'Traumatic Brain Injury' management.",0.8,,,
191,relation,Traumatic Intracranial Hypertension,is a condition of,Patient,[inferred] cluster completion,accept_direct,,,,,"Traumatic Intracranial Hypertension is a subclass of Condition, and Patient is the individual receiving care for such conditions, making the relationship valid.",0.9,,,
192,relation,Traumatic Intracranial Hypertension,is associated with,Traumatic Brain Injury,[inferred] cluster completion,accept_direct,,,,,"Traumatic Intracranial Hypertension is associated with Traumatic Brain Injury, as both are clinically recognized conditions in neurointensive care.",0.9,,,
193,relation,Anterior Fossa Repair,is monitored by,Intensive Care Management,[inferred] cluster completion,reject,,,,,"'Anterior Fossa Repair' cannot be monitored by 'Intensive Care Management' as it is a procedure, not a monitoring method; the relation is semantically incorrect.",0.9,,,
194,relation,Anterior Fossa Repair,has surgical procedure,Surgical Procedure,[inferred] cluster completion,accept_direct,,,,,'Anterior Fossa Repair' is a valid subclass of 'Surgical Procedure' as per the preamble; the relationship holds directly.,0.9,,,
195,relation,Bedside Intervention,has nursing intervention,Nursing Intervention,[inferred] cluster completion,revise,4.9,Bedside Intervention,subClassOf,Nursing Intervention,The relation 'has nursing intervention' should be replaced with 'isATypeOf' as Bedside Intervention is a subclass of Nursing Intervention according to the preamble.,0.9,"Bedside Intervention is a subclass of Nursing Intervention according to the preamble, so relation should be subClassOf.",1.0,
196,relation,CT Scan Assessment,assesses,Coma,[inferred] cluster completion,accept_direct,,,,,"CT Scan Assessment assesses Coma directly as it evaluates the state of consciousness in patients, which is clinically valid.",0.9,,,
197,relation,CT Scan Assessment,is monitored by,Intensive Care Management,[inferred] cluster completion,reject,,,,,CT Scan Assessment cannot be monitored by Intensive Care Management; the relationship does not hold between these classes.,0.9,,,
198,relation,Clinical Assessment,has monitoring data,Intensive Care Management,[inferred] cluster completion,revise,4.4,Clinical Assessment,hasClinicalAssessment,Intensive Care Management,"The relation 'has monitoring data' should be 'hasClinicalAssessment' since 'Clinical Assessment' is a type of assessment, not monitoring data.",0.9,"The relation 'has monitoring data' should be 'hasClinicalAssessment' as Clinical Assessment is a type of assessment, not monitoring data.",1.0,
199,relation,Extra Ventricular Drain Placement,is monitored by,Intensive Care Management,[inferred] cluster completion,reject,,,,,The relation 'is monitored by' does not hold between 'Extra Ventricular Drain Placement' and 'Intensive Care Management'; the latter is not a monitoring method or sensor.,0.9,,,
200,relation,Intensive Care Management,has clinical assessment,Clinical Assessment,[inferred] cluster completion,accept_direct,,,,,Intensive Care Management hasClinicalAssessment Clinical Assessment is a valid direct relationship as Clinical Assessment is part of ICU management data.,0.9,,,
201,relation,Intensive Care Management,has monitoring data,Laboratory Values,[inferred] cluster completion,accept_direct,,,,,Intensive Care Management hasMonitoringData Laboratory Values is valid as Laboratory Values are routine tests performed during ICU management.,0.9,,,
202,relation,Laboratory Values,is monitored by,Intensive Care Management,[inferred] cluster completion,reject,,,,,"'Laboratory Values is monitored by Intensive Care Management' is incorrect as 'Laboratory Values' is a category of tests, not a monitored entity; the relationship does not hold.",0.7,,,low_evidence
203,relation,Nursing Intervention,is administered during,Session,[inferred] cluster completion,accept_direct,,,,,Nursing Intervention is administered during Session is a valid direct relationship as both classes are defined within the neurointensive care context.,0.9,,,
204,relation,Physiotherapy,is administered during,Session,[inferred] cluster completion,accept_direct,,,,,Physiotherapy is administered during Session is a valid direct relationship in the context of patient interventions in ICU management.,0.9,,,
205,relation,Routine Nursing Care,is administered during,Session,[inferred] cluster completion,accept_direct,,,,,"Routine Nursing Care is administered during Session, which is a valid relationship in the context of patient care in the ICU.",0.9,,,
206,relation,Surgical Procedure,is monitored by,Intensive Care Management,[inferred] cluster completion,reject,,,,,"'Surgical Procedure is monitored by Intensive Care Management' is incorrect; surgical procedures are not monitored by ICU management data, which is a category, not a monitoring entity.",0.9,,,
207,relation,Barbiturates,is administered during,Decompressive Craniectomy,[inferred] cluster completion,accept_direct,,,,,Barbiturates is administered during Decompressive Craniectomy as it is a valid therapy used in surgical procedures for sedation.,0.9,,,
208,relation,Cerebrovascular Autoregulation,is influenced by,Decompressive Craniectomy,[inferred] cluster completion,accept_indirect,,,,,"Cerebrovascular Autoregulation is influenced by Decompressive Craniectomy via the mechanism of pressure relief affecting cerebral blood flow regulation, establishing an indirect relationship.",0.7,,,low_evidence
209,relation,Condition,is a condition of,Hypoperfusion,[inferred] cluster completion,reject,,,,,"The relationship 'Condition is a condition of Hypoperfusion' is semantically incorrect; conditions do not possess conditions, and no valid relation supports this structure.",0.9,,,
210,relation,Evacuation of Mass Lesion,has surgical procedure,Decompressive Craniectomy,[inferred] cluster completion,accept_direct,,,,,Evacuation of Mass Lesion has surgical procedure Decompressive Craniectomy is valid as both are recognized surgical procedures in neurointensive care.,0.95,,,
211,relation,Hypoperfusion,is associated with,Condition,[inferred] cluster completion,reject,,,,,Hypoperfusion is not a subclass or directly associated with Condition as defined; the relationship does not hold between these classes.,0.9,,,
212,relation,Jugular Venous Desaturation,is monitored by,Jugular Venous Oxygen Saturation,[inferred] cluster completion,accept_direct,,,,,"Jugular Venous Desaturation is monitored by Jugular Venous Oxygen Saturation, which is a valid monitoring relationship in the neurointensive care context.",0.9,,,
213,relation,Management,is managed by,Barbiturates,[inferred] cluster completion,revise,4.4,Management,receivesTherapy,Barbiturates,The relation 'is managed by' should be replaced with 'receivesTherapy' because Barbiturates is a therapy class used in management.,0.9,The relation 'is managed by' should be 'receivesTherapy' as Barbiturates is a therapy class used in management.,1.0,
214,relation,Microdialysis,is monitored by,Partial Pressure of Brain Tissue Oxygen,[inferred] cluster completion,accept_indirect,,,,,Microdialysis is an Optional Monitoring Parameter that is indirectly related to Partial Pressure of Brain Tissue Oxygen through the broader Monitoring Data class.,0.7,,,low_evidence
215,relation,Removal of Foreign Body,has surgical procedure,Evacuation of Mass Lesion,[inferred] cluster completion,accept_direct,,,,,Removal of Foreign Body has surgical procedure Evacuation of Mass Lesion is valid as both are subclasses of Surgical Procedure in the neurointensive care context.,0.9,,,
216,relation,EUSIG Grade,defines,Secondary Insult,[inferred] cluster completion,accept_indirect,,,,,"EUSIG Grade defines Secondary Insult indirectly through the classification of secondary insults in TBI, linking the two concepts via the broader context of injury classification.",0.7,,,low_evidence
217,relation,Secondary Brain Injury,is a condition of,Secondary Insult,[inferred] cluster completion,accept_indirect,,,,,"Secondary Brain Injury is a subclass of Brain Injury, which is a subclass of Condition; Secondary Insult is a subclass of Insult, which relates to Condition indirectly.",0.7,,,low_evidence
218,relation,Secondary Brain Injury,worsens,Outcome,[inferred] cluster completion,accept_direct,,,,,Secondary Brain Injury worsens Outcome is clinically valid as secondary injuries negatively impact patient outcomes in neurointensive care.,0.9,,,
219,relation,Secondary Insult,triggers intervention,Secondary Insult Therapy,[inferred] cluster completion,revise,4.4,Secondary Insult,receivesTherapy,Secondary Insult Therapy,The relation 'triggers intervention' should be replaced with 'receivesTherapy' as Secondary Insult Therapy is a type of therapy aimed at treating secondary insults.,0.85,The relation 'triggers intervention' should be 'receivesTherapy' as Secondary Insult Therapy is a type of therapy aimed at treating secondary insults.,1.0,
220,relation,Secondary Insult Grades,defines,Secondary Insult,[inferred] cluster completion,reject,,,,,The relation 'defines' does not hold between 'Secondary Insult Grades' and 'Secondary Insult'; they are not directly related as per the domain context.,0.7,,,low_evidence
221,relation,Secondary Insult Therapy,is administered during,Secondary Insult,[inferred] cluster completion,accept_direct,,,,,Secondary Insult Therapy is administered during Secondary Insult as both are valid classes in the neurointensive care domain.,0.9,,,
222,relation,Secondary Insult Therapy,reduces,Secondary Brain Injury,[inferred] cluster completion,accept_direct,,,,,The relationship 'Secondary Insult Therapy reduces Secondary Brain Injury' is semantically correct as therapies aim to mitigate secondary injuries following a primary brain injury.,0.9,,,
223,relation,Secondary Insult Treatment,targets condition,Secondary Insult,[inferred] cluster completion,accept_direct,,,,,Secondary Insult Treatment targets Secondary Insult as a valid therapy-target relationship in the neurointensive care context.,0.95,,,
224,relation,Analgesia,is administered during,Patient Transport,[inferred] cluster completion,revise,4.4,Analgesia,receivesTherapy,Patient Transport,The relation 'is administered during' is not appropriate; 'Analgesia' should 'receiveTherapy' during 'Patient Transport'.,0.85,The relation 'is administered during' is incorrect; 'Analgesia' should 'receiveTherapy' during 'Patient Transport'.,1.0,
225,relation,Analgesia,reduces,Poor Outcome,[inferred] cluster completion,revise,4.4,Analgesia,affectsOutcome,Poor Outcome,'Analgesia reduces Poor Outcome' should be 'Analgesia affects Outcome' as the relation must connect a therapy to an outcome.,0.9,"The relation should connect a therapy to an outcome, so 'reduces' is incorrect and should be 'affectsOutcome'.",1.0,
226,relation,Anti-hypertensives,is administered during,Ventilation,[inferred] cluster completion,revise,4.4,Anti-hypertensives,receivesTherapy,Ventilation,"The relation 'is administered during' should be 'receivesTherapy' as Anti-hypertensives is a therapy class and Ventilation is a procedure, not a therapy.",0.85,The relation 'is administered during' should be 'receivesTherapy' as Anti-hypertensives is a therapy class and Ventilation is a procedure.,1.0,
227,relation,Anti-pyretics,targets condition,Temperature,[inferred] cluster completion,revise,4.4,Anti-pyretics,affectsOutcome,Temperature,"The relation 'targetsCondition' should be replaced with 'affectsOutcome' as Anti-pyretics influence the physiological parameter Temperature, not target a condition directly.",0.8,"The relation 'targetsCondition' should be 'affectsOutcome' as Anti-pyretics influence Temperature, not target a condition directly.",1.0,
228,relation,Anti-pyretics,reduces,Poor Outcome,[inferred] cluster completion,revise,4.4,Anti-pyretics,affectsOutcome,Poor Outcome,"The relation 'reduces' should be replaced with 'affectsOutcome' as Anti-pyretics is a therapy that influences patient outcomes, specifically Poor Outcome.",0.8,"The relation 'reduces' should be 'affectsOutcome' as Anti-pyretics influence patient outcomes, specifically Poor Outcome.",1.0,
229,relation,Antibiotics,is administered during,Patient Transport,[inferred] cluster completion,revise,4.4,Antibiotics,isAdministeredDuring,Patient Transport,The relation 'is administered during' is not appropriate; it should be 'isAdministeredDuring' to align with BrainIT conventions.,0.9,The relation 'is administered during' needs to be changed to 'isAdministeredDuring' to align with BrainIT conventions.,1.0,
230,relation,Electrocardiogram (ECG),is monitored by,Ventilator,[inferred] cluster completion,revise,4.4,Electrocardiogram (ECG),hasMonitoringData,Ventilator,"The relation 'is monitored by' should be 'hasMonitoringData' as ECG is a type of Monitoring Data, not a sensor monitoring the ventilator.",0.9,The relation 'is monitored by' should be 'hasMonitoringData' as ECG is a type of Monitoring Data.,1.0,
231,relation,EtCO2,is monitored by,Ventilator,[inferred] cluster completion,accept_direct,,,,,EtCO2 is monitored by Ventilator is a valid direct relationship as Ventilator is a monitoring method for EtCO2.,0.9,,,
232,relation,EtCO2,measures parameter,Carbon Dioxide,[inferred] cluster completion,accept_direct,,,,,EtCO2 measuresParameter Carbon Dioxide is a direct relationship as EtCO2 is a monitoring parameter for Carbon Dioxide levels in respiratory function assessment.,0.95,,,
233,relation,Impedance Plethmography,is monitored by,Ventilator,[inferred] cluster completion,reject,,,,,The relation 'is monitored by' does not hold between 'Impedance Plethmography' and 'Ventilator'; these classes are not directly related in the context of monitoring.,0.9,,,
234,relation,Insult,is a risk factor for,Poor Outcome,[inferred] cluster completion,accept_direct,,,,,Insult is a valid class and Poor Outcome is an Outcome; the relationship 'is a risk factor for' holds directly between them.,0.9,,,
235,relation,Insult,triggers intervention,Ventilation,[inferred] cluster completion,revise,4.4,Insult,isAssociatedWith,Ventilation,The relation 'triggers intervention' is not valid; it should be 'isAssociatedWith' as Insult is associated with Ventilation management.,0.85,The relation 'triggers intervention' should be 'isAssociatedWith' as Insult is related to Ventilation management.,1.0,
236,relation,Paralysis,is a condition of,Neurological Injury,[inferred] cluster completion,revise,4.9,Paralysis,subClassOf,Neurological Injury,The relation 'is a condition of' should be replaced with 'is a type of' as Paralysis is a type of Neurological Injury.,0.85,"The relation 'is a condition of' indicates a subclass relationship, so it should be 'subClassOf' as per the preamble.",1.0,
237,relation,Paralysis,affects outcome,Poor Outcome,[inferred] cluster completion,accept_direct,,,,,Paralysis affects outcome Poor Outcome is a valid relationship as paralysis is known to impact patient outcomes in neurointensive care.,0.95,,,
238,relation,Patient Transport,is associated with,Ventilation,[inferred] cluster completion,accept_indirect,,,,,"Patient Transport indirectly affects Ventilation through the process of transporting patients for interventions that require ventilation management, but there is no direct relationship listed in the preamble.",0.7,,,low_evidence
239,relation,Patient Transport,is administered during,Analgesia,[inferred] cluster completion,revise,4.4,Patient Transport,isRelatedTo,Analgesia,The relation 'is administered during' is not appropriate; it should be 'Patient Transport isRelatedTo Analgesia' as transport is related to the administration context of analgesia.,0.7,The relation 'is administered during' is incorrect; 'Patient Transport isRelatedTo Analgesia' better reflects the context of transport and analgesia administration.,0.9,low_evidence
240,relation,Poor Outcome,is influenced by,Insult,[inferred] cluster completion,accept_indirect,,,,,"Poor Outcome is influenced by Insult via the pathway: Insult affects Outcome, thus Poor Outcome is indirectly influenced by Insult.",0.7,,,low_evidence
241,relation,Poor Outcome,is associated with,Paralysis,[inferred] cluster completion,accept_indirect,,,,,"Poor Outcome is associated with Paralysis via the chain: Paralysis is a type of Baseline Therapy, which affects outcomes in TBI patients.",0.7,,,low_evidence
242,relation,Sjo2,is monitored by,Ventilator,[inferred] cluster completion,revise,4.4,Sjo2,isMonitoredBy,Pulse Oximeter,"Sjo2 is a monitoring parameter and should be linked to a valid monitoring method; 'Ventilator' is not a direct monitoring method for Sjo2, suggesting a relabel or endpoint replacement is needed.",0.7,Sjo2 is a monitoring parameter and should be linked to a valid monitoring method; 'Pulse Oximeter' is appropriate.,0.9,low_evidence
243,relation,Skull Fracture Elevation,is associated with,Head Injury,[inferred] cluster completion,accept_direct,,,,,"Skull Fracture Elevation is associated with Head Injury, as both are valid subclasses of Brain Injury, making the relationship semantically correct.",0.95,,,
244,relation,TCD,is monitored by,Sensor,[inferred] cluster completion,accept_direct,,,,,TCD is monitored by Sensor is a valid direct relationship as TCD is a monitoring parameter and Sensor is a type of monitoring device.,0.9,,,
245,relation,Ventilation,is managed by,Ventilator,[inferred] cluster completion,accept_direct,,,,,The relationship 'Ventilation is managed by Ventilator' holds directly as ventilators are used to manage mechanical ventilation settings.,0.9,,,
246,relation,Ventilation,is associated with,Patient Transport,[inferred] cluster completion,reject,,,,,'Ventilation is associated with Patient Transport' is incorrect; mechanical ventilation settings do not have a direct association with patient transport as a treatment or intervention.,0.7,,,low_evidence
247,relation,White Blood Cell Count,has laboratory value,Haematology,[inferred] cluster completion,revise,4.9,White Blood Cell Count,subClassOf,Haematology,"The relation 'has laboratory value' should be 'subClassOf' since 'White Blood Cell Count' is an analyte and 'Haematology' is a panel, as per the subclass pattern in the preamble.",0.9,"White Blood Cell Count→Haematology is the analyte→panel subclass pattern in the preamble, so relation should be subClassOf.",1.0,
248,relation,Brain Temperature,is monitored by,Sensor,[inferred] cluster completion,accept_direct,,,,,Brain Temperature is monitored by Sensor is a direct relationship as Brain Temperature is an optional monitoring parameter and Sensor is a valid monitoring device.,0.9,,,
249,relation,Brain Temperature,has monitoring data,Timepoint,[inferred] cluster completion,accept_direct,,,,,Brain Temperature is an Optional Monitoring Parameter and Timepoint is a valid Monitoring Data class; the relationship holds directly.,0.95,,,
250,relation,Heart Rate,is monitored by,Sensor,[inferred] cluster completion,accept_direct,,,,,Heart Rate is monitored by Sensor is a direct relationship as Sensor is defined as a machine used to record physiological parameters.,0.95,,,
251,relation,Heart Rate,has monitoring data,Timepoint,[inferred] cluster completion,accept_direct,,,,,Heart Rate hasMonitoringData Timepoint is valid as Heart Rate is a monitoring parameter and Timepoint is associated with sensor readings in monitoring data.,0.9,,,
252,relation,ICP Sensor Placement,is related to,Sensor,[inferred] cluster completion,revise,4.4,ICP Sensor Placement,isMonitoredBy,Sensor,The relation 'is related to' should be replaced with 'isMonitoredBy' since 'ICP Sensor Placement' is a type of monitoring method and 'Sensor' is a broader category of monitoring device.,0.85,The relation 'is related to' should be replaced with 'isMonitoredBy' as it accurately describes the monitoring context.,1.0,
253,relation,Measurement Time,has timepoint,Timepoint,[inferred] cluster completion,accept_direct,,,,,Measurement Time has timepoint Timepoint is a direct relationship as timepoints are specific moments associated with measurements in the ICU.,0.95,,,
254,relation,NIBP,is monitored by,Sensor,[inferred] cluster completion,accept_direct,,,,,"NIBP is a valid subclass of Monitoring Data, and Sensor is a valid class for devices that monitor physiological parameters; the relation 'is monitored by' holds directly.",0.9,,,
255,relation,NIBP,has monitoring data,Timepoint,[inferred] cluster completion,accept_direct,,,,,"NIBP is an Optional Monitoring Parameter and Timepoint is a Monitoring Data class, establishing a direct hierarchical relationship where NIBP hasMonitoringData Timepoint.",0.9,,,
256,relation,Observation,is measured at,Timepoint,[inferred] cluster completion,accept_direct,,,,,Observation is measured at Timepoint is a direct relationship as Timepoint represents discrete moments for recorded Observations.,0.9,,,
257,relation,Parameter,is measured by,Sensor,[inferred] cluster completion,accept_direct,,,,,Parameter is measured by Sensor is a valid direct relationship as both classes are defined in the domain context.,0.9,,,
258,relation,Peripheral Temperature,is monitored by,Sensor,[inferred] cluster completion,accept_direct,,,,,"Peripheral Temperature is monitored by Sensor, which is a valid relationship in the context of monitoring physiological parameters.",0.95,,,
259,relation,Peripheral Temperature,has monitoring data,Timepoint,[inferred] cluster completion,accept_direct,,,,,"Peripheral Temperature is a valid subclass of Optional Monitoring Parameter, which is a type of Monitoring Data; the relation holds directly.",0.95,,,
260,relation,Reading,is measured at,Timepoint,[inferred] cluster completion,accept_direct,,,,,"Reading is measured at Timepoint is a direct relationship as Timepoint is a specific moment associated with sensor readings, aligning with the definitions provided.",0.9,,,
261,relation,Reading,measures parameter,Parameter,[inferred] cluster completion,accept_direct,,,,,The triple 'Reading measuresParameter Parameter' is semantically correct as Reading is a subclass of Observation and measuresParameter is a valid relation in the BrainIT ontology.,0.9,,,
262,relation,Respiration Rate,is monitored by,Sensor,[inferred] cluster completion,accept_direct,,,,,Respiration Rate is monitored by Sensor directly aligns with the BrainIT ontology where monitoring parameters are associated with sensors.,0.95,,,
263,relation,Respiration Rate,has monitoring data,Timepoint,[inferred] cluster completion,accept_direct,,,,,Respiration Rate is a Core Monitoring Parameter and hasMonitoringData is a valid relation for monitoring parameters in the preamble.,0.95,,,
264,relation,Temperature,is monitored by,Sensor,[inferred] cluster completion,accept_direct,,,,,Temperature is monitored by Sensor is a direct relationship as Temperature is a physiological parameter that can be recorded by a Sensor.,0.9,,,
265,relation,Temperature,has monitoring data,Timepoint,[inferred] cluster completion,accept_direct,,,,,Temperature hasMonitoringData Timepoint is valid as Temperature is a physiological parameter monitored at discrete timepoints.,0.9,,,
266,relation,Biochemistry,has laboratory value,Potassium,[inferred] cluster completion,revise,4.4,Biochemistry,hasLaboratoryValue,Potassium,"The relation 'has laboratory value' should be 'hasLaboratoryValue' as Potassium is an analyte under the Biochemistry panel, which is a subclass relationship.",0.9,The relation 'has laboratory value' should be 'hasLaboratoryValue' as Potassium is an analyte under the Biochemistry panel.,1.0,
267,relation,Biochemistry,has laboratory value,Sodium,[inferred] cluster completion,revise,4.9,Sodium,subClassOf,Biochemistry,"The relation 'has laboratory value' should be 'subClassOf' as Sodium is an analyte subclass of the Biochemistry panel, as per the preamble.",0.9,"Sodium→Biochemistry is the analyte→panel subclass pattern in the preamble, so relation should be subClassOf.",1.0,
268,relation,Blood Gases,is monitored by,Monitoring,[inferred] cluster completion,accept_direct,,,,,"Blood Gases is monitored by Monitoring, as Monitoring encompasses the continuous observation and measurement of physiological parameters, including blood gases.",0.9,,,
269,relation,Cardiac Output,is monitored by,Monitoring,[inferred] cluster completion,revise,4.4,Cardiac Output,hasMonitoringData,Monitoring,"The relation 'is monitored by' should be 'hasMonitoringData' as Cardiac Output is a parameter that has monitoring data, not the other way around.",0.9,"The relation 'is monitored by' should be 'hasMonitoringData' as Cardiac Output has monitoring data, not the other way around.",1.0,
270,relation,Fluids,is monitored by,Monitoring,[inferred] cluster completion,revise,4.4,Fluids,hasMonitoringData,Monitoring,The relation 'is monitored by' should be 'hasMonitoringData' since 'Fluids' is a therapy and 'Monitoring' is a method of observation.,0.9,"Fluids is a therapy and Monitoring is a method of observation, so the relation should be hasMonitoringData.",1.0,
271,relation,Glucose,is monitored by,Monitoring,[inferred] cluster completion,accept_direct,,,,,"Glucose is monitored by Monitoring, as Monitoring is the class for continuous observation of physiological parameters, including analytes like Glucose.",0.9,,,
272,relation,Haematocrit,has laboratory value,Haematology,[inferred] cluster completion,revise,4.9,Haematocrit,subClassOf,Haematology,"Haematocrit is an analyte and should be subclassed under Haematology, not related via has laboratory value; the relation should be subClassOf.",0.85,"Haematocrit is an analyte and should be subclassed under Haematology, as per the preamble's analyte-panel hierarchy.",1.0,
273,relation,Haematology,has laboratory value,Haemoglobin,[inferred] cluster completion,revise,4.9,Haematology,subClassOf,Laboratory Values,"Haematology should be a subclass of Laboratory Values, and the relation should be subClassOf instead of has laboratory value.",0.85,"Haematology should be a subclass of Laboratory Values according to the preamble, which classifies analytes under their respective panels.",1.0,
274,relation,Haematology,has laboratory value,Haematocrit,[inferred] cluster completion,revise,4.4,Haematology,hasLaboratoryValue,Haematocrit,"The relation 'has laboratory value' should be 'hasLaboratoryValue' as Haematocrit is an analyte and should relate to its panel, Haematology, via a subclass relationship.",0.9,The relation 'has laboratory value' should be 'hasLaboratoryValue' as it directly connects analytes to their panels.,1.0,
275,relation,Haemoglobin,has laboratory value,Haematology,[inferred] cluster completion,revise,4.9,Haemoglobin,subClassOf,Haematology,"The relation 'has laboratory value' should be 'hasLaboratoryValue' as the subject 'Haemoglobin' is an analyte and the object 'Haematology' is a panel, indicating a subclass relationship.",0.9,"Haemoglobin is an analyte and Haematology is its panel, following the analyte→panel subclass pattern in the preamble.",1.0,
276,relation,Monitoring,monitoring indicates condition,Secondary Insult,[inferred] cluster completion,reject,,,,,The relation 'monitoring indicates condition' is semantically incorrect; monitoring does not directly indicate a secondary insult but rather assesses physiological parameters.,0.7,,,low_evidence
277,relation,Nutrition,is monitored by,Monitoring,[inferred] cluster completion,reject,,,,,"The relation 'is monitored by' does not hold between 'Nutrition' and 'Monitoring', as Nutrition is not a monitored entity in this context.",0.7,,,low_evidence
278,relation,Potassium,has laboratory value,Biochemistry,[inferred] cluster completion,revise,4.9,Potassium,subClassOf,Biochemistry,"Potassium is a valid analyte and should be a subclass of Biochemistry, not related via has laboratory value.",0.9,Potassium is an analyte and should be a subclass of Biochemistry according to the preamble's analyte-panel subclass pattern.,1.0,
279,relation,Sedation,is monitored by,Monitoring,[inferred] cluster completion,reject,,,,,"The relationship 'Sedation is monitored by Monitoring' is incorrect as 'Monitoring' is a class, not a specific monitoring method or sensor required for this relation.",0.85,,,
280,relation,Sodium,has laboratory value,Biochemistry,[inferred] cluster completion,revise,4.9,Sodium,subClassOf,Biochemistry,"The relation 'has laboratory value' should be 'subClassOf' as Sodium is an analyte and Biochemistry is its panel, per the preamble.",0.9,"Sodium→Biochemistry is the analyte→panel subclass pattern in the preamble, so relation should be subClassOf.",1.0,
281,relation,Disability,is associated with,Outcome Score,[inferred] cluster completion,accept_direct,,,,,Disability is associated with Outcome Score as it reflects the impact of brain injuries on daily living activities and neurological outcomes.,0.95,,,
282,relation,Disability,is influenced by,GCS Assessment,[inferred] cluster completion,accept_indirect,,,,,"Disability is influenced by GCS Assessment indirectly through the relationship of GCS Assessment assessing neurological status, which affects disability outcomes in brain injury patients.",0.85,,,
283,relation,GCS Assessment,is associated with,Pupil Assessment,[inferred] cluster completion,accept_direct,,,,,GCS Assessment is associated with Pupil Assessment as both are Clinical Assessments related to neurological status following brain injury.,0.9,,,
284,relation,GOSe Outcome,relates to clinical outcome,Outcome Score,[inferred] cluster completion,accept_indirect,,,,,"GOSe Outcome relates to Outcome Score via the broader concept of clinical outcomes, which connects these two classes indirectly through the assessment of patient outcomes.",0.85,,,
285,relation,Motor Impairment,is associated with,Disability,[inferred] cluster completion,accept_direct,,,,,Motor Impairment is associated with Disability as both are valid classes related to brain injury assessments.,0.9,,,
286,relation,Motor Impairment,is influenced by,GCS Assessment,[inferred] cluster completion,accept_indirect,,,,,Motor Impairment is influenced by GCS Assessment via the pathway: GCS Assessment assesses neurological status → influences Motor Impairment.,0.7,,,low_evidence
287,relation,Outcome Score,predicts outcome,GOSe Outcome,[inferred] cluster completion,accept_direct,,,,,Outcome Score predicts GOSe Outcome is a valid direct relationship as both are related to assessing neurological outcomes in TBI patients.,0.9,,,
288,relation,Outcome Score,is associated with,Disability,[inferred] cluster completion,accept_indirect,,,,,"Outcome Score indirectly assesses Disability through the relationship of neurological outcomes from brain injury assessments, thus linking the two concepts.",0.7,,,low_evidence
289,relation,Pupil Assessment,is associated with,GCS Assessment,[inferred] cluster completion,accept_direct,,,,,Pupil Assessment is associated with GCS Assessment as both are Clinical Assessments used to evaluate neurological status in TBI patients.,0.9,,,
290,relation,CPP,is influenced by,ICP,[inferred] cluster completion,accept_direct,,,,,"CPP is influenced by ICP, as ICP directly affects cerebral perfusion pressure, a critical relationship in neurointensive care.",0.95,,,
291,relation,CPP,calculates,Mean Cerebral Perfusion Pressure,[inferred] cluster completion,accept_indirect,,,,,"CPP calculates Mean Cerebral Perfusion Pressure via the relationship between mean arterial pressure and intracranial pressure, establishing an indirect connection.",0.85,,,
292,relation,Intracranial Hypertension,is a condition of,ICP,[inferred] cluster completion,accept_direct,,,,,"Intracranial Hypertension is a condition that directly relates to ICP, as elevated ICP is a critical parameter in assessing this condition.",0.9,,,
293,relation,Mean Cerebral Perfusion Pressure,is influenced by,ICP,[inferred] cluster completion,accept_direct,,,,,"Mean Cerebral Perfusion Pressure is influenced by ICP, which is a critical parameter in neurological assessments, supporting a direct relationship.",0.95,,,
294,relation,Pressure Reactivity Index (PRx),assesses,ICP,[inferred] cluster completion,reject,,,,,judge output unparseable; defaulted to reject,0.0,,,parse_error
295,relation,Carbon Dioxide,is monitored by,Partial Pressure of Carbon Dioxide,[inferred] cluster completion,accept_direct,,,,,Carbon Dioxide is monitored by Partial Pressure of Carbon Dioxide as it is a valid physiological observation relationship in neurointensive care.,0.9,,,
296,relation,Carbon Dioxide,is associated with,Ventilation,[inferred] cluster completion,accept_indirect,,,,,"Carbon Dioxide is associated with Ventilation indirectly through the relationship of monitoring respiratory function, which involves both concepts.",0.7,,,low_evidence
297,relation,End-tidal Carbon Dioxide,assesses,Ventilation,[inferred] cluster completion,accept_direct,,,,,End-tidal Carbon Dioxide assesses Ventilation directly as it is a measurement used to evaluate ventilation settings and management.,0.9,,,
298,relation,End-tidal Carbon Dioxide,is measured by,Sensor,[inferred] cluster completion,accept_direct,,,,,"End-tidal Carbon Dioxide is measured by Sensor, both classes are valid and the relationship holds directly as per the domain context.",0.9,,,
299,relation,Partial Pressure of Carbon Dioxide,is influenced by,Ventilation,[inferred] cluster completion,accept_direct,,,,,Partial Pressure of Carbon Dioxide is influenced by Ventilation as both are valid classes in the neurointensive care context.,0.9,,,
300,hierarchy,Decompressive Craniectomy,subClassOf,Surgical Procedure,Decompressive craniectomy (DC) is a surgical technique originally described by Kocher in 1901.,accept_direct,,,,,"Decompressive Craniectomy is listed as a valid subclass of Surgical Procedure in the preamble; thus, the subclass relationship is valid.",1.0,,,
301,hierarchy,Secondary Insult,subClassOf,Insult,One of the most critical types of systemic secondary insult is arterial hypotension.,accept_direct,,,,,"Secondary Insult is listed as a valid subclass of Insult in the preamble, confirming the subclass relationship.",1.0,,,
302,hierarchy,Vasopressors,subClassOf,Baseline Therapy,[inferred] Vasopressors is a subclass of Baseline Therapy (deterministic hierarchy checklist).,reject,,,,,"Vasopressors is not a subclass of Baseline Therapy; it is a specific type of Secondary Insult Therapy used in critical care, which contradicts the preamble's definitions.",0.9,,,
303,hierarchy,Secondary Insult,subClassOf,Condition,[inferred] Secondary Insult is a subclass of Condition (deterministic hierarchy checklist).,accept_direct,,,,,"Secondary Insult is a valid subclass of Condition as per the preamble, which lists various subclasses under Condition.",1.0,,,
304,hierarchy,Core Monitoring Parameter,subClassOf,Monitoring Data,[inferred] Chain-of-Layer: Core Monitoring Parameter is organized under Monitoring Data,accept_direct,,,,,Core Monitoring Parameter is explicitly listed as a valid subclass of Monitoring Data in the preamble.,1.0,,,
305,hierarchy,Heart Rate,subClassOf,Core Monitoring Parameter,[inferred] Chain-of-Layer: Heart Rate is organized under Core Monitoring Parameter,accept_direct,,,,,Heart Rate is listed as a valid subclass of Core Monitoring Parameter in the preamble; the relationship holds directly.,1.0,,,
306,hierarchy,Mean Arterial Pressure (MAP),subClassOf,Core Monitoring Parameter,[inferred] Chain-of-Layer: Mean Arterial Pressure (MAP) is organized under Core Monitoring Parameter,accept_direct,,,,,Mean Arterial Pressure (MAP) is listed as a valid subclass of Core Monitoring Parameter in the preamble.,1.0,,,
307,hierarchy,Mean Intracranial Pressure,subClassOf,Core Monitoring Parameter,[inferred] Chain-of-Layer: Mean Intracranial Pressure is organized under Core Monitoring Parameter,accept_direct,,,,,Mean Intracranial Pressure is listed as a valid subclass of Core Monitoring Parameter in the preamble.,1.0,,,
308,hierarchy,Mean Cerebral Perfusion Pressure,subClassOf,Core Monitoring Parameter,[inferred] Chain-of-Layer: Mean Cerebral Perfusion Pressure is organized under Core Monitoring Parameter,accept_direct,,,,,Mean Cerebral Perfusion Pressure is a valid subclass of Core Monitoring Parameter as per the preamble's hierarchy.,0.95,,,
309,hierarchy,Pressure Reactivity Index (PRx),subClassOf,Core Monitoring Parameter,[inferred] Chain-of-Layer: Pressure Reactivity Index (PRx) is organized under Core Monitoring Parameter,accept_direct,,,,,"Pressure Reactivity Index (PRx) is listed as a subclass of Core Monitoring Parameter in the preamble; thus, the subclass relationship is valid.",1.0,,,
310,hierarchy,Monitoring Time,subClassOf,Monitoring Data,[inferred] Chain-of-Layer: Monitoring Time is organized under Monitoring Data,accept_direct,,,,,Monitoring Time is a subclass of Monitoring Data as per the preamble's hierarchy of monitoring concepts.,1.0,,,
311,hierarchy,Baseline Therapy,subClassOf,Therapy,[inferred] Chain-of-Layer: Baseline Therapy is organized under Therapy,accept_direct,,,,,Baseline Therapy subClassOf Therapy is explicitly listed in the preamble as a valid subclass relationship.,1.0,,,
312,hierarchy,Barbiturates,subClassOf,Secondary Insult Therapy,[inferred] Chain-of-Layer: Barbiturates is organized under Baseline Therapy,accept_direct,,,,,"Barbiturates is listed as a valid subclass of Secondary Insult Therapy in the preamble; thus, the relationship holds directly.",1.0,,,
313,hierarchy,Traumatic Brain Injury,subClassOf,Condition,[inferred] Chain-of-Layer: Traumatic Brain Injury is organized under Condition,accept_direct,,,,,"Traumatic Brain Injury is explicitly listed as a subclass of Condition in the preamble; thus, the relationship is valid.",1.0,,,
314,hierarchy,Sepsis,subClassOf,Condition,[inferred] Chain-of-Layer: Sepsis is organized under Condition,accept_direct,,,,,"Sepsis is listed as a valid subclass of Condition in the preamble, confirming the subclass relationship directly.",1.0,,,
315,hierarchy,Septic Shock,subClassOf,Condition,[inferred] Chain-of-Layer: Septic Shock is organized under Condition,reject,,,,,"Septic Shock is not a subclass of Condition as defined; Condition is a generic superclass for all medical conditions, not specifically related to stroke.",0.7,,,low_evidence
316,hierarchy,GCS Assessment,subClassOf,Clinical Assessment,[inferred] Chain-of-Layer: GCS Assessment is organized under Outcome,accept_direct,,,,,"GCS Assessment is listed as a subclass of Clinical Assessment in the preamble, confirming the subclass relationship.",1.0,,,
317,hierarchy,Guideline Adherence,subClassOf,Guideline,[inferred] Chain-of-Layer: Guideline Adherence is organized under Guideline,reject,,,,,"Guideline Adherence is not a subclass of Guideline; they represent different concepts, one being a practice and the other a recommendation.",0.9,,,
318,hierarchy,Cerebrovascular Autoregulation,subClassOf,Condition,[inferred] Cerebrovascular Autoregulation is a subclass of Condition (deterministic hierarchy checklist).,accept_direct,,,,,"Cerebrovascular Autoregulation is a subclass of Condition as per the preamble, which lists various medical conditions including secondary complications.",0.95,,,
319,hierarchy,Haematocrit,subClassOf,Haematology,the physiological vital functions are extensively monitored.,accept_direct,,,,,Haematocrit is a valid subclass of Haematology as per the preamble's classification of analytes under their respective panels.,1.0,,,
320,hierarchy,TCD,subClassOf,Optional Monitoring Parameter,the physiological vital functions are extensively monitored.,accept_direct,,,,,"TCD is listed as a valid subclass of Optional Monitoring Parameter in the preamble; thus, the subclass relationship holds directly.",0.95,,,
321,hierarchy,Optional Monitoring Parameter,subClassOf,Monitoring Data,the physiological vital functions are extensively monitored.,accept_direct,,,,,Optional Monitoring Parameter is listed as a valid subclass of Monitoring Data in the preamble.,1.0,,,
322,hierarchy,ICP,subClassOf,Core Monitoring Parameter,the physiological vital functions are extensively monitored.,accept_direct,,,,,"ICP is listed as a valid subclass of Core Monitoring Parameter in the preamble; thus, the relationship holds directly.",1.0,,,
323,hierarchy,Removal of Foreign Body,subClassOf,Surgical Procedure,the physiological vital functions are extensively monitored.,accept_direct,,,,,Removal of Foreign Body is a valid subclass of Surgical Procedure as listed in the preamble.,1.0,,,
324,hierarchy,Peripheral Temperature,subClassOf,Optional Monitoring Parameter,the physiological vital functions are extensively monitored.,accept_direct,,,,,"Peripheral Temperature is listed as a valid subclass of Optional Monitoring Parameter in the preamble; thus, the subclass relationship is valid.",1.0,,,
325,hierarchy,Sodium,subClassOf,Biochemistry,the physiological vital functions are extensively monitored.,accept_direct,,,,,Sodium subClassOf Biochemistry is the analyte→panel subclass pattern listed in the preamble; relation is correctly subClassOf.,1.0,,,
326,hierarchy,Fluids,subClassOf,Baseline Therapy,the physiological vital functions are extensively monitored.,accept_direct,,,,,"Fluids is listed as a valid subclass of Baseline Therapy in the preamble; thus, the subclass relationship is correct.",1.0,,,
327,hierarchy,Extra Ventricular Drain Placement,subClassOf,Surgical Procedure,the physiological vital functions are extensively monitored.,accept_direct,,,,,Extra Ventricular Drain Placement is a valid subclass of Surgical Procedure as per the preamble's hierarchy of surgical interventions.,1.0,,,
328,hierarchy,EtCO2,subClassOf,Optional Monitoring Parameter,the physiological vital functions are extensively monitored.,accept_direct,,,,,EtCO2 is listed as a valid subclass of Optional Monitoring Parameter in the preamble; the relation is correctly subClassOf.,1.0,,,
329,hierarchy,Sjo2,subClassOf,Optional Monitoring Parameter,the physiological vital functions are extensively monitored.,accept_direct,,,,,"Sjo2 is listed as a valid subclass of Optional Monitoring Parameter in the preamble, confirming the subclass relationship directly.",1.0,,,
330,hierarchy,Blood Gases,subClassOf,Laboratory Values,the physiological vital functions are extensively monitored.,accept_direct,,,,,Blood Gases is listed as a valid subclass of Laboratory Values in the preamble; the relation is subClassOf.,1.0,,,
331,hierarchy,Haemoglobin,subClassOf,Haematology,the physiological vital functions are extensively monitored.,accept_direct,,,,,"Haemoglobin subClassOf Haematology is valid as Haemoglobin is a type of laboratory value assessed through haematology, as per the preamble.",1.0,,,
332,hierarchy,Glucose,subClassOf,Biochemistry,the physiological vital functions are extensively monitored.,accept_direct,,,,,"Glucose subClassOf Biochemistry is valid as glucose is an analyte within the biochemistry panel, as stated in the preamble.",0.95,,,
333,hierarchy,Anterior Fossa Repair,subClassOf,Surgical Procedure,the physiological vital functions are extensively monitored.,reject,,,,,judge output unparseable; defaulted to reject,0.0,,,parse_error
334,hierarchy,Secondary Insult Treatment,subClassOf,Secondary Insult Therapy,the physiological vital functions are extensively monitored.,accept_direct,,,,,"Secondary Insult Treatment is a subclass of Secondary Insult Therapy as defined in the preamble; thus, the relationship holds directly.",1.0,,,
335,hierarchy,NIBP,subClassOf,Optional Monitoring Parameter,the physiological vital functions are extensively monitored.,accept_direct,,,,,NIBP is listed as a valid subclass of Optional Monitoring Parameter in the preamble; the relation is correctly subClassOf.,1.0,,,
336,hierarchy,Hypotension,subClassOf,Condition,the physiological vital functions are extensively monitored.,reject,,,,,"Hypotension is not a subclass of Condition as defined; Condition is a generic class for all medical conditions, not limited to stroke-related definitions.",0.7,,,low_evidence
337,hierarchy,Haematology,subClassOf,Laboratory Values,the physiological vital functions are extensively monitored.,accept_direct,,,,,Haematology is listed as a valid subclass of Laboratory Values in the preamble; the relationship holds directly.,1.0,,,
338,hierarchy,Sedation,subClassOf,Baseline Therapy,the physiological vital functions are extensively monitored.,accept_direct,,,,,Sedation is listed as a valid subclass of Baseline Therapy in the preamble; thus the subclass relationship holds directly.,1.0,,,
339,hierarchy,CT Scan Assessment,subClassOf,Clinical Assessment,the physiological vital functions are extensively monitored.,accept_direct,,,,,"CT Scan Assessment is listed as a subclass of Clinical Assessment in the preamble; thus, the relationship is valid as subClassOf.",1.0,,,
340,hierarchy,Hypotension,subClassOf,Septic Shock,Duration of hypotension before initiation of effective antimicrobial therapy is the critical determinant of survival in human septic shock.,reject,,,,,Hypotension is not a subclass of Septic Shock; they are distinct conditions with no hierarchical relationship.,0.95,,,
341,hierarchy,Hypoperfusion,subClassOf,Cerebrovascular Autoregulation,secondary ischemic damage from associated hypoperfusion.,reject,,,,,Hypoperfusion is not a subclass of Cerebrovascular Autoregulation; they are distinct concepts and do not hold a subclass relationship.,0.9,,,
342,hierarchy,Cardiac Output,subClassOf,Optional Monitoring Parameter,Domain-scope scaffolding: Cardiac Output is a known subclass of Optional Monitoring Parameter in the BrainIT domain.,accept_direct,,,,,"Cardiac Output is explicitly listed as a subclass of Optional Monitoring Parameter in the preamble; thus, the relation is valid as subClassOf.",1.0,,,
343,hierarchy,Nutrition,subClassOf,Baseline Therapy,Domain-scope scaffolding: Nutrition is a known subclass of Baseline Therapy in the BrainIT domain.,accept_direct,,,,,"Nutrition is explicitly listed as a valid subclass of Baseline Therapy in the preamble, confirming the subclass relationship.",1.0,,,
344,hierarchy,Pupil Assessment,subClassOf,Clinical Assessment,Domain-scope scaffolding: Pupil Assessment is a known subclass of Clinical Assessment in the BrainIT domain.,accept_direct,,,,,"Pupil Assessment is explicitly listed as a subclass of Clinical Assessment in the preamble; thus, the relation is valid as subClassOf.",1.0,,,
345,hierarchy,Potassium,subClassOf,Biochemistry,Domain-scope scaffolding: Potassium is a known subclass of Biochemistry in the BrainIT domain.,accept_direct,,,,,Potassium subClassOf Biochemistry is the analyte→panel subclass pattern listed in the preamble; relation is correctly subClassOf.,1.0,,,
346,hierarchy,Possible Error,subClassOf,Data Quality Assessment,Domain-scope scaffolding: Possible Error is a known subclass of Data Quality Assessment in the BrainIT domain.,accept_direct,,,,,Possible Error is explicitly listed as a subclass of Data Quality Assessment in the preamble.,1.0,,,
347,hierarchy,Hypertension,subClassOf,Condition,Schema-inferred: Hypertension is a subclass of Condition.,reject,,,,,"Hypertension is not a subclass of Condition; Condition is a generic superclass for all medical conditions, not specifically defined as a type of stroke.",0.9,,,
348,hierarchy,Biochemistry,subClassOf,Laboratory Values,Schema-inferred: Biochemistry is a subclass of Laboratory Values.,accept_direct,,,,,Biochemistry is explicitly listed as a subclass of Laboratory Values in the preamble.,1.0,,,
349,hierarchy,Arterial Pressors,subClassOf,Secondary Insult Therapy,Schema-inferred: Arterial Pressors is a subclass of Secondary Insult Therapy.,accept_direct,,,,,Arterial Pressors is listed as a valid subclass of Secondary Insult Therapy in the preamble; the relation is subClassOf.,1.0,,,
350,hierarchy,Secondary Insult Therapy,subClassOf,Therapy,Schema-inferred: Secondary Insult Therapy is a subclass of Therapy.,accept_direct,,,,,"Secondary Insult Therapy is explicitly listed as a subclass of Therapy in the preamble, confirming the hierarchy relationship.",1.0,,,
351,hierarchy,Intracranial Hypertension,subClassOf,Secondary Insult,Schema-inferred: Intracranial Hypertension is a subclass of Secondary Insult.,accept_direct,,,,,"Intracranial Hypertension is listed as a subclass of Secondary Insult in the preamble, confirming the direct subclass relationship.",1.0,,,
352,hierarchy,Jugular Venous Desaturation,subClassOf,Secondary Insult,Schema-inferred: Jugular Venous Desaturation is a subclass of Secondary Insult.,accept_direct,,,,,"Jugular Venous Desaturation is listed as a subclass of Secondary Insult in the preamble; thus, the triple holds directly.",1.0,,,
353,hierarchy,GOSe Outcome,subClassOf,Outcome,Schema-inferred: GOSe Outcome is a subclass of Outcome.,accept_direct,,,,,"GOSe Outcome is explicitly listed as a subclass of Outcome in the preamble; thus, the subclass relationship is valid.",1.0,,,
354,hierarchy,CVP,subClassOf,Optional Monitoring Parameter,Schema-inferred: Central Venous Pressure is a subclass of Optional Monitoring Parameter.,accept_direct,,,,,CVP is listed as a subclass of Optional Monitoring Parameter in the preamble; the relationship holds directly.,1.0,,,
355,hierarchy,Acute Respiratory Distress Syndrome,subClassOf,Secondary Insult,Schema-inferred: Acute Respiratory Distress Syndrome is a subclass of Secondary Insult.,accept_direct,,,,,"Acute Respiratory Distress Syndrome is listed as a valid subclass of Secondary Insult in the preamble; thus, the relationship holds directly.",1.0,,,
356,hierarchy,Traumatic Brain Injury,subClassOf,Brain Injury,Traumatic brain injury (TBI) is a leading cause of death and long-term disability worldwide.,accept_direct,,,,,"Traumatic Brain Injury is explicitly listed as a subclass of Brain Injury in the preamble, confirming the subclass relationship.",1.0,,,
357,hierarchy,Condition,subClassOf,Mortality,"Clinical management of this population is focused on minimising tivity, disease severity and mortality is related to the partial pressure of any secondary injury, such as ischemia or raised intracranial pressure brain tissue oxygen (PbtO2) .",reject,,,,,Condition is not a subclass of Mortality; they are distinct classes with no hierarchical relationship in the preamble.,0.9,,,
358,hierarchy,Arterial Hypotension,subClassOf,Secondary Insult,[inferred] Arterial Hypotension is a subclass of Secondary Insult (deterministic hierarchy checklist).,accept_direct,,,,,"Arterial Hypotension is explicitly listed as a subclass of Secondary Insult in the preamble, confirming the hierarchy relationship.",1.0,,,
359,hierarchy,Brain Injury,subClassOf,Condition,[inferred] Chain-of-Layer: Brain Injury is organized under Condition,accept_direct,,,,,"Brain Injury is explicitly listed as a subclass of Condition in the preamble, confirming the hierarchy relationship.",1.0,,,
360,hierarchy,Secondary Brain Injury,subClassOf,Brain Injury,[inferred] Chain-of-Layer: Secondary Brain Injury is organized under Brain Injury,accept_direct,,,,,"Secondary Brain Injury is listed as a valid subclass of Brain Injury in the preamble; thus, the relation is correctly subClassOf.",1.0,,,
361,hierarchy,Cerebrovascular Autoregulation,subClassOf,Secondary Insult,[inferred] Chain-of-Layer: Cerebrovascular Autoregulation is organized under Secondary Insult,accept_direct,,,,,"Cerebrovascular Autoregulation is listed as a valid subclass of Secondary Insult in the preamble; thus, the subclass relationship holds directly.",1.0,,,
362,hierarchy,Adverse Event,subClassOf,Condition,[inferred] Chain-of-Layer: Adverse Event is organized under Condition,accept_direct,,,,,Adverse Event is listed as a valid subclass of Condition in the preamble; the relationship holds directly as a subclass relationship.,1.0,,,
363,hierarchy,Heart Rate,subClassOf,Physiological Data,[inferred] Chain-of-Layer: Heart Rate is organized under Physiological Data,accept_direct,,,,,Heart Rate is listed as a subclass of Physiological Data in the preamble; hence the relation is valid as subClassOf.,1.0,,,
364,hierarchy,Mean Arterial Pressure (MAP),subClassOf,Physiological Data,[inferred] Chain-of-Layer: Mean Arterial Pressure (MAP) is organized under Physiological Data,accept_direct,,,,,"Mean Arterial Pressure (MAP) is listed as a subclass of Physiological Data in the preamble; thus, the relation is valid as subClassOf.",1.0,,,
365,hierarchy,ICP,subClassOf,Physiological Data,[inferred] Chain-of-Layer: ICP is organized under Physiological Data,accept_direct,,,,,ICP is listed as a subclass of Physiological Data in the preamble; the relationship is valid as stated.,1.0,,,
366,hierarchy,CPP,subClassOf,Physiological Data,[inferred] Chain-of-Layer: CPP is organized under Physiological Data,accept_direct,,,,,"CPP is listed as a subclass of Physiological Data in the preamble, confirming the direct subclass relationship.",1.0,,,
367,hierarchy,Carbon Dioxide,subClassOf,Physiological Data,[inferred] Chain-of-Layer: Carbon Dioxide is organized under Physiological Data,accept_direct,,,,,"Carbon Dioxide is listed as a subclass of Physiological Data in the preamble, confirming the subclass relationship directly.",1.0,,,
368,hierarchy,Pbro2,subClassOf,Physiological Data,[inferred] Chain-of-Layer: Pbro2 is organized under Physiological Data,accept_direct,,,,,Pbro2 is listed as a subclass of Physiological Data in the preamble; the relationship is valid and direct.,1.0,,,
369,hierarchy,Partial Pressure of Brain Tissue Oxygen,subClassOf,Physiological Data,[inferred] Chain-of-Layer: Partial Pressure of Brain Tissue Oxygen is organized under Physiological Data,accept_direct,,,,,Partial Pressure of Brain Tissue Oxygen is a valid subclass of Physiological Data as per the preamble's classification of physiological parameters.,1.0,,,
370,hierarchy,Partial Pressure of Carbon Dioxide,subClassOf,Physiological Data,[inferred] Chain-of-Layer: Partial Pressure of Carbon Dioxide is organized under Physiological Data,accept_direct,,,,,Partial Pressure of Carbon Dioxide is a valid subclass of Physiological Data as per the preamble's classification of physiological parameters.,1.0,,,
371,hierarchy,Hypothermia Therapy,subClassOf,Baseline Therapy,[inferred] Chain-of-Layer: Hypothermia Therapy is organized under Therapy,reject,,,,,"Hypothermia Therapy is not a subclass of Baseline Therapy; it is a specific therapy under the broader category of Therapy, not a state of carbon dioxide levels.",0.9,,,
372,hierarchy,Patient Interventions,subClassOf,Therapy,[inferred] Chain-of-Layer: Patient Interventions is organized under Therapy,accept_direct,,,,,Patient Interventions is explicitly listed as a valid subclass of Therapy in the preamble.,1.0,,,
373,hierarchy,Guideline Adherence,subClassOf,Clinical Practice,[inferred] Chain-of-Layer: Guideline Adherence is organized under Clinical Practice,accept_direct,,,,,Guideline Adherence is listed as a valid subclass of Clinical Practice in the preamble; the relation is subClassOf.,1.0,,,
374,hierarchy,Clinical Reminders,subClassOf,Clinical Practice,[inferred] Chain-of-Layer: Clinical Reminders is organized under Clinical Practice,accept_direct,,,,,Clinical Reminders is explicitly listed as a subclass of Clinical Practice in the preamble.,1.0,,,
375,hierarchy,Outcome Score,subClassOf,Outcome,[inferred] Chain-of-Layer: Outcome Score is organized under Outcome,accept_direct,,,,,"Outcome Score is listed as a valid subclass of Outcome in the preamble; thus, the subclass relationship holds directly.",1.0,,,
376,hierarchy,Mortality,subClassOf,Outcome,[inferred] Mortality is a subclass of Outcome (deterministic hierarchy checklist).,accept_direct,,,,,"Mortality is listed as a subclass of Outcome in the preamble, confirming the direct subclass relationship.",1.0,,,
377,hierarchy,Pressure Reactivity Index (PRx),subClassOf,Derived Parameter,derived index reflecting cerebrovascular pressure reactivity,accept_direct,,,,,"Pressure Reactivity Index (PRx) is listed as a subclass of Derived Parameter in the preamble, confirming the hierarchical relationship.",1.0,,,
378,hierarchy,Physiotherapy,subClassOf,Nursing Intervention,[inferred] Physiotherapy is a subclass of Nursing Intervention.,accept_direct,,,,,"Physiotherapy is listed as a valid subclass of Nursing Intervention in the preamble; thus, the relation holds directly.",1.0,,,
379,hierarchy,ICP Sensor Placement,subClassOf,Surgical Procedure,placement of ICP monitoring sensor,accept_direct,,,,,ICP Sensor Placement subClassOf Surgical Procedure is validated by the preamble which lists it as a valid subclass of Surgical Procedure.,1.0,,,
380,hierarchy,White Blood Cell Count,subClassOf,Haematology,[inferred] White Blood Cell Count is a subclass of Haematology.,accept_direct,,,,,White Blood Cell Count is listed as a subclass of Haematology in the preamble; the relationship is valid and direct.,1.0,,,
381,hierarchy,Analgesia,subClassOf,Baseline Therapy,[inferred] Analgesia is a subclass of Baseline Therapy.,accept_direct,,,,,"Analgesia is explicitly listed as a subclass of Baseline Therapy in the preamble, confirming the hierarchy relationship.",1.0,,,
382,hierarchy,Noradrenaline,subClassOf,Vasopressors,[inferred] Noradrenaline is a subclass of Vasopressors.,accept_direct,,,,,"Noradrenaline is listed as a subclass of Vasopressors in the preamble; thus, the relationship holds directly.",1.0,,,
383,hierarchy,Anti-pyretics,subClassOf,Baseline Therapy,[inferred] Anti-pyretics is a subclass of Baseline Therapy.,accept_direct,,,,,"Anti-pyretics is listed as a valid subclass of Baseline Therapy in the preamble, confirming the subclass relationship directly.",1.0,,,
384,hierarchy,Paralysis,subClassOf,Baseline Therapy,[inferred] Paralysis is a subclass of Baseline Therapy.,accept_direct,,,,,Paralysis is explicitly listed as a subclass of Baseline Therapy in the preamble.,1.0,,,
385,hierarchy,Anti-hypertensives,subClassOf,Baseline Therapy,[inferred] Anti-hypertensives is a subclass of Baseline Therapy.,accept_direct,,,,,Anti-hypertensives is explicitly listed as a subclass of Baseline Therapy in the preamble.,1.0,,,
386,hierarchy,Osmotics,subClassOf,Secondary Insult Therapy,[inferred] Osmotics is a subclass of Secondary Insult Therapy.,accept_direct,,,,,Osmotics is listed as a valid subclass of Secondary Insult Therapy in the preamble; hence the relationship holds directly.,1.0,,,
387,hierarchy,Skull Fracture Elevation,subClassOf,Surgical Procedure,[inferred] Skull Fracture Elevation is a subclass of Surgical Procedure.,accept_direct,,,,,"Skull Fracture Elevation is listed as a valid subclass of Surgical Procedure in the preamble; thus, the relationship holds directly.",1.0,,,
388,hierarchy,CPP,subClassOf,Derived Parameter,Cerebral Perfusion Pressure (CPP) management,accept_direct,,,,,"CPP is listed as a subclass of Derived Parameter in the preamble, confirming the subclass relationship directly.",1.0,,,
389,hierarchy,Patient Transport,subClassOf,Nursing Intervention,[inferred] Patient Transport is a subclass of Nursing Intervention.,accept_direct,,,,,"Patient Transport is listed as a valid subclass of Nursing Intervention in the preamble; therefore, the relationship holds directly.",1.0,,,
390,hierarchy,Systemic Hypotension,subClassOf,Secondary Insult,[inferred] Systemic Hypotension is a subclass of Secondary Insult.,accept_direct,,,,,"Systemic Hypotension is listed as a valid subclass of Secondary Insult in the preamble, confirming the subclass relationship.",1.0,,,
391,hierarchy,Ventilation,subClassOf,Baseline Therapy,[inferred] Ventilation is a subclass of Baseline Therapy.,accept_direct,,,,,"Ventilation is listed as a subclass of Baseline Therapy in the preamble, confirming the direct subclass relationship.",1.0,,,
392,hierarchy,Routine Nursing Care,subClassOf,Nursing Intervention,routine nursing care,accept_direct,,,,,"Routine Nursing Care is listed as a subclass of Nursing Intervention in the preamble; thus, the subclass relationship holds directly.",1.0,,,
393,hierarchy,Antibiotics,subClassOf,Baseline Therapy,[inferred] Antibiotics is a subclass of Baseline Therapy.,accept_direct,,,,,Antibiotics is listed as a valid subclass of Baseline Therapy in the preamble; the subclass relationship holds directly.,1.0,,,
394,hierarchy,Hypotension,subClassOf,Secondary Insult,Hypotension is a recognized secondary insult after traumatic brain injury (TBI).,accept_direct,,,,,"Hypotension is listed as a valid subclass of Secondary Insult in the preamble; thus, the subclass relationship holds directly.",1.0,,,
395,hierarchy,Steroids,subClassOf,Secondary Insult Therapy,Domain-scope scaffolding: Steroids is a known subclass of Secondary Insult Therapy in the BrainIT domain.,accept_direct,,,,,"Steroids is listed as a valid subclass of Secondary Insult Therapy in the preamble, confirming the subclass relationship directly.",1.0,,,
396,hierarchy,Arterial Hypotension,subClassOf,Systemic Hypotension,Schema-inferred: Arterial Hypotension is a subclass of Systemic Hypotension.,accept_direct,,,,,Arterial Hypotension is a subclass of Systemic Hypotension as per the preamble's classification of secondary insults; this relationship holds directly.,0.9,,,
397,hierarchy,Pbro2,subClassOf,Optional Monitoring Parameter,Schema-inferred: Brain Tissue Oxygen is a subclass of Optional Monitoring Parameter.,accept_direct,,,,,"Pbro2 is explicitly listed as a subclass of Optional Monitoring Parameter in the preamble, confirming the subclass relationship directly.",1.0,,,
398,hierarchy,Electrocardiogram (ECG),subClassOf,Monitoring Data,"Minute by minute monitoring data This is the minimum minute by minute monitoring data required for inclusion in the Brain Monitoring with Information Technology (BrainIT) Database and include: Heart Rate (specifying source: Electrocardiogram (ECG) or Pulse Oximetry), Respiration Rate (sources: impedance plethmography or ventilator), Mean Arterial Pressure, mean Intracranial Pressure (ICP), Pulse Oximetry (SaO2) and Temperature (sources: rectal=oesophageal= bladder=skin.) I.",accept_direct,,,,,"Electrocardiogram (ECG) is listed as a valid subclass of Monitoring Data in the preamble; thus, the subclass relationship holds directly.",1.0,,,
399,hierarchy,Respiration Rate,subClassOf,Core Monitoring Parameter,"Minute by minute monitoring data This is the minimum minute by minute monitoring data required for inclusion in the Brain Monitoring with Information Technology (BrainIT) Database and include: Heart Rate (specifying source: Electrocardiogram (ECG) or Pulse Oximetry), Respiration Rate (sources: impedance plethmography or ventilator), Mean Arterial Pressure, mean Intracranial Pressure (ICP), Pulse Oximetry (SaO2) and Temperature (sources: rectal=oesophageal= bladder=skin.) I.",accept_direct,,,,,"Respiration Rate is listed as a valid subclass of Core Monitoring Parameter in the preamble; thus, the relationship holds directly.",1.0,,,
400,hierarchy,Mean Arterial Pressure (MAP),subClassOf,Monitoring Data,"Minute by minute monitoring data This is the minimum minute by minute monitoring data required for inclusion in the Brain Monitoring with Information Technology (BrainIT) Database and include: Heart Rate (specifying source: Electrocardiogram (ECG) or Pulse Oximetry), Respiration Rate (sources: impedance plethmography or ventilator), Mean Arterial Pressure, mean Intracranial Pressure (ICP), Pulse Oximetry (SaO2) and Temperature (sources: rectal=oesophageal= bladder=skin.) I.",accept_direct,,,,,Mean Arterial Pressure (MAP) is listed as a subclass of Monitoring Data in the preamble.,1.0,,,
401,hierarchy,Sao2,subClassOf,Monitoring Data,"Minute by minute monitoring data This is the minimum minute by minute monitoring data required for inclusion in the Brain Monitoring with Information Technology (BrainIT) Database and include: Heart Rate (specifying source: Electrocardiogram (ECG) or Pulse Oximetry), Respiration Rate (sources: impedance plethmography or ventilator), Mean Arterial Pressure, mean Intracranial Pressure (ICP), Pulse Oximetry (SaO2) and Temperature (sources: rectal=oesophageal= bladder=skin.) I.",accept_direct,,,,,SaO2 is listed as a subclass of Monitoring Data in the preamble; the relationship is direct and valid.,1.0,,,
402,hierarchy,Temperature,subClassOf,Core Monitoring Parameter,"Minute by minute monitoring data This is the minimum minute by minute monitoring data required for inclusion in the Brain Monitoring with Information Technology (BrainIT) Database and include: Heart Rate (specifying source: Electrocardiogram (ECG) or Pulse Oximetry), Respiration Rate (sources: impedance plethmography or ventilator), Mean Arterial Pressure, mean Intracranial Pressure (ICP), Pulse Oximetry (SaO2) and Temperature (sources: rectal=oesophageal= bladder=skin.) I.",accept_direct,,,,,Temperature is listed as a Core Monitoring Parameter in the preamble; the subclass relationship is valid.,1.0,,,
403,hierarchy,Reading,subClassOf,Observation,define pd:Reading as a subclass of ssn:ObservationValue,accept_direct,,,,,Reading is explicitly listed as a subclass of Observation in the preamble; the relation is subClassOf.,1.0,,,
404,hierarchy,Parameter,subClassOf,Observation,pd:Parameter (representing things that were recorded) as a subclass of ssn:Property,accept_direct,,,,,Parameter is a valid subclass of Observation as per the preamble's classification of physiological measurements.,1.0,,,
405,hierarchy,Machine,subClassOf,Sensor,defined mms:Machine as a subclass of ssn:Platform,accept_direct,,,,,"Machine is listed as a subclass of Sensor in the preamble, confirming the subclass relationship directly.",1.0,,,
406,hierarchy,Sao2,subClassOf,Core Monitoring Parameter,[inferred] Chain-of-Layer: Sao2 is organized under Core Monitoring Parameter,accept_direct,,,,,"Sao2 is listed as a subclass of Core Monitoring Parameter in the preamble; thus, the relation is valid as subClassOf.",1.0,,,
407,hierarchy,CPP,subClassOf,Core Monitoring Parameter,[inferred] Chain-of-Layer: Cerebral Perfusion Pressure (CPP) is organized under Core Monitoring Parameter,accept_direct,,,,,"CPP subClassOf Core Monitoring Parameter is directly supported by the preamble, which lists CPP as a subclass of Core Monitoring Parameter.",1.0,,,
408,hierarchy,CVP,subClassOf,Core Monitoring Parameter,[inferred] Chain-of-Layer: CVP is organized under Core Monitoring Parameter,accept_direct,,,,,CVP is listed as a subclass of Core Monitoring Parameter in the preamble; the relation is correctly subClassOf.,1.0,,,
409,hierarchy,Head Injury,subClassOf,Brain Injury,[inferred] Chain-of-Layer: Head Injury is organized under Brain Injury,accept_direct,,,,,"Head Injury is a valid subclass of Brain Injury as stated in the preamble, confirming the hierarchical relationship.",1.0,,,
410,hierarchy,Neurological Injury,subClassOf,Brain Injury,[inferred] Chain-of-Layer: Neurological Injury is organized under Brain Injury,accept_direct,,,,,"Neurological Injury is listed as a subclass of Brain Injury in the preamble, confirming the subclass relationship directly.",1.0,,,
411,hierarchy,Coma,subClassOf,Brain Injury,[inferred] Chain-of-Layer: Coma is organized under Brain Injury,accept_direct,,,,,"Coma is explicitly listed as a subclass of Brain Injury in the preamble, validating the subClassOf relationship directly.",1.0,,,
412,hierarchy,Hypertension,subClassOf,Secondary Insult,[inferred] Chain-of-Layer: Hypertension is organized under Secondary Insult,accept_direct,,,,,"Hypertension is listed as a valid subclass of Secondary Insult in the preamble; thus, the subclass relationship is correct.",1.0,,,
413,hierarchy,Respiratory Distress Syndrome,subClassOf,Secondary Insult,[inferred] Chain-of-Layer: Respiratory Distress Syndrome is organized under Secondary Insult,reject,,,,,Respiratory Distress Syndrome is not listed as a subclass of Secondary Insult in the preamble; the relationship does not hold between these classes.,0.9,,,
414,hierarchy,Sepsis,subClassOf,Secondary Insult,[inferred] Chain-of-Layer: Sepsis is organized under Secondary Insult,accept_direct,,,,,"Sepsis is listed as a valid subclass of Secondary Insult in the preamble, confirming the subclass relationship directly.",1.0,,,
415,hierarchy,Adrenaline,subClassOf,Therapy,[inferred] Chain-of-Layer: Adrenaline is organized under Therapy,accept_direct,,,,,"Adrenaline is listed as a valid subclass of Therapy in the preamble; thus, the relationship is directly supported.",1.0,,,
416,hierarchy,Noradrenaline,subClassOf,Therapy,[inferred] Chain-of-Layer: Noradrenaline is organized under Therapy,accept_direct,,,,,"Noradrenaline is classified as a subclass of Therapy according to the preamble, confirming the hierarchy relationship.",1.0,,,
417,hierarchy,Derived Parameter,subClassOf,Monitoring Data,[inferred] Derived Parameter is a subclass of Monitoring Data.,accept_direct,,,,,Derived Parameter is listed as a subclass of Monitoring Data in the preamble; the relationship holds directly.,1.0,,,
418,hierarchy,Probable Error,subClassOf,Data Quality Assessment,a reading outside its acceptable range with no contextual clinical explanation,accept_direct,,,,,Probable Error is a valid subclass of Data Quality Assessment as per the preamble's hierarchy.,1.0,,,
419,hierarchy,Bedside Intervention,subClassOf,Nursing Intervention,"Line insertion/renewal, transducer calibration, x-ray",accept_direct,,,,,"Bedside Intervention is explicitly listed as a valid subclass of Nursing Intervention in the preamble; thus, the subclass relationship holds directly.",1.0,,,
420,hierarchy,CPP,subClassOf,Parameter,Cerebral perfusion pressure (CPP 1/4 Blood Pressure (BP)-ICP) monitoring is a good example.,accept_direct,,,,,CPP is listed as a subclass of Parameter in the preamble; the relation is correctly subClassOf.,1.0,,,
421,hierarchy,Brain Temperature,subClassOf,Optional Monitoring Parameter,Domain-scope scaffolding: Brain Temperature is a known subclass of Optional Monitoring Parameter in the BrainIT domain.,accept_direct,,,,,Brain Temperature is explicitly listed as a subclass of Optional Monitoring Parameter in the preamble.,1.0,,,
422,hierarchy,Microdialysis,subClassOf,Optional Monitoring Parameter,Domain-scope scaffolding: Microdialysis is a known subclass of Optional Monitoring Parameter in the BrainIT domain.,accept_direct,,,,,"Microdialysis is listed as a valid subclass of Optional Monitoring Parameter in the preamble; thus, the relationship holds directly.",1.0,,,
423,hierarchy,Evacuation of Mass Lesion,subClassOf,Surgical Procedure,Domain-scope scaffolding: Evacuation of Mass Lesion is a known subclass of Surgical Procedure in the BrainIT domain.,accept_direct,,,,,"Evacuation of Mass Lesion is explicitly listed as a subclass of Surgical Procedure in the preamble, confirming the direct subclass relationship.",1.0,,,
424,hierarchy,Adrenaline,subClassOf,Vasopressors,Schema-inferred: Adrenaline is a subclass of Vasopressors.,accept_direct,,,,,"Adrenaline is a subclass of Vasopressors as per the preamble, which lists valid subclasses of therapies.",1.0,,,
